Copyright 1986-2022 Xilinx, Inc. All Rights Reserved. Copyright 2022-2023 Advanced Micro Devices, Inc. All Rights Reserved.
--------------------------------------------------------------------------------------------------------------------------------------------------
| Tool Version      : Vivado v.2023.2 (win64) Build 4029153 Fri Oct 13 20:14:34 MDT 2023
| Date              : Sat Aug  1 21:17:58 2026
| Host              : DESKTOP-UC4CGNF running 64-bit major release  (build 9200)
| Command           : report_timing -max_paths 20 -file cu_top_ooc_critical_paths.rpt
| Design            : cu_top
| Device            : xcu280-fsvh2892
| Speed File        : -2L  PRODUCTION 1.30 05-01-2022
| Design State      : Synthesized
| Temperature Grade : E
--------------------------------------------------------------------------------------------------------------------------------------------------

Timing Report

Slack (VIOLATED) :        -4.321ns  (required time - arrival time)
  Source:                 u_warp_collective_core/lane_val_q_reg[6][10]/C
                            (rising edge-triggered cell FDCE clocked by clk_i  {rise@0.000ns fall@2.778ns period=5.556ns})
  Destination:            u_warp_collective_core/u_reduce_f32_add/u_aec_fp32_fma/inst/i_synth/FMA_OP.OP/addsub/add/OP/RESULT_REG.NORMAL.exp_op_reg[7]/D
                            (rising edge-triggered cell FDRE clocked by clk_i  {rise@0.000ns fall@2.778ns period=5.556ns})
  Path Group:             clk_i
  Path Type:              Setup (Max at Slow Process Corner)
  Requirement:            5.556ns  (clk_i rise@5.556ns - clk_i rise@0.000ns)
  Data Path Delay:        9.859ns  (logic 5.334ns (54.103%)  route 4.525ns (45.897%))
  Logic Levels:           45  (CARRY8=13 DSP_A_B_DATA=1 DSP_ALU=2 DSP_M_DATA=1 DSP_MULTIPLIER=1 DSP_OUTPUT=2 DSP_PREADD_DATA=1 LUT2=1 LUT3=2 LUT4=5 LUT5=4 LUT6=8 MUXF7=2 MUXF8=2)
  Clock Path Skew:        -0.008ns (DCD - SCD + CPR)
    Destination Clock Delay (DCD):    0.020ns = ( 5.576 - 5.556 ) 
    Source Clock Delay      (SCD):    0.028ns
    Clock Pessimism Removal (CPR):    0.000ns
  Clock Uncertainty:      0.035ns  ((TSJ^2 + TIJ^2)^1/2 + DJ) / 2 + PE
    Total System Jitter     (TSJ):    0.071ns
    Total Input Jitter      (TIJ):    0.000ns
    Discrete Jitter          (DJ):    0.000ns
    Phase Error              (PE):    0.000ns

    Location             Delay type                Incr(ns)  Path(ns)    Netlist Resource(s)
  -------------------------------------------------------------------    -------------------
                         (clock clk_i rise edge)      0.000     0.000 r  
                                                      0.000     0.000 r  clk_i (IN)
                         net (fo=37177, unset)        0.028     0.028    u_warp_collective_core/clk_i
                         FDCE                                         r  u_warp_collective_core/lane_val_q_reg[6][10]/C
  -------------------------------------------------------------------    -------------------
                         FDCE (Prop_FDCE_C_Q)         0.077     0.105 f  u_warp_collective_core/lane_val_q_reg[6][10]/Q
                         net (fo=35, unplaced)        0.216     0.321    u_warp_collective_core/u_reduce_f32_add/u_aec_fp32_fma_i_66_0[10]
                         LUT6 (Prop_LUT6_I0_O)        0.145     0.466 f  u_warp_collective_core/u_reduce_f32_add/u_aec_fp32_fma_i_344/O
                         net (fo=1, unplaced)         0.032     0.498    u_warp_collective_core/u_reduce_f32_add/u_aec_fp32_fma_i_344_n_0
                         MUXF7 (Prop_MUXF7_I0_O)      0.069     0.567 f  u_warp_collective_core/u_reduce_f32_add/u_aec_fp32_fma_i_108/O
                         net (fo=1, unplaced)         0.000     0.567    u_warp_collective_core/u_reduce_f32_add/u_aec_fp32_fma_i_108_n_0
                         MUXF8 (Prop_MUXF8_I0_O)      0.030     0.597 f  u_warp_collective_core/u_reduce_f32_add/u_aec_fp32_fma_i_23/O
                         net (fo=11, unplaced)        0.244     0.841    u_warp_collective_core/u_reduce_f32_add/u_aec_fp32_fma/inst/i_synth/FMA_OP.OP/mul/MULT/gDSP.gDSP_only.iDSP/use_prim.appDSP48[0].bppDSP48[0].use_dsp.use_dsp48e2.iDSP48E2/B[10]
                         DSP_A_B_DATA (Prop_DSP_A_B_DATA_B[10]_B2_DATA[10])
                                                      0.151     0.992 r  u_warp_collective_core/u_reduce_f32_add/u_aec_fp32_fma/inst/i_synth/FMA_OP.OP/mul/MULT/gDSP.gDSP_only.iDSP/use_prim.appDSP48[0].bppDSP48[0].use_dsp.use_dsp48e2.iDSP48E2/DSP_A_B_DATA_INST/B2_DATA[10]
                         net (fo=1, unplaced)         0.000     0.992    u_warp_collective_core/u_reduce_f32_add/u_aec_fp32_fma/inst/i_synth/FMA_OP.OP/mul/MULT/gDSP.gDSP_only.iDSP/use_prim.appDSP48[0].bppDSP48[0].use_dsp.use_dsp48e2.iDSP48E2/DSP_A_B_DATA.B2_DATA<10>
                         DSP_PREADD_DATA (Prop_DSP_PREADD_DATA_B2_DATA[10]_B2B1[10])
                                                      0.073     1.065 r  u_warp_collective_core/u_reduce_f32_add/u_aec_fp32_fma/inst/i_synth/FMA_OP.OP/mul/MULT/gDSP.gDSP_only.iDSP/use_prim.appDSP48[0].bppDSP48[0].use_dsp.use_dsp48e2.iDSP48E2/DSP_PREADD_DATA_INST/B2B1[10]
                         net (fo=1, unplaced)         0.000     1.065    u_warp_collective_core/u_reduce_f32_add/u_aec_fp32_fma/inst/i_synth/FMA_OP.OP/mul/MULT/gDSP.gDSP_only.iDSP/use_prim.appDSP48[0].bppDSP48[0].use_dsp.use_dsp48e2.iDSP48E2/DSP_PREADD_DATA.B2B1<10>
                         DSP_MULTIPLIER (Prop_DSP_MULTIPLIER_B2B1[10]_V[39])
                                                      0.609     1.674 f  u_warp_collective_core/u_reduce_f32_add/u_aec_fp32_fma/inst/i_synth/FMA_OP.OP/mul/MULT/gDSP.gDSP_only.iDSP/use_prim.appDSP48[0].bppDSP48[0].use_dsp.use_dsp48e2.iDSP48E2/DSP_MULTIPLIER_INST/V[39]
                         net (fo=1, unplaced)         0.000     1.674    u_warp_collective_core/u_reduce_f32_add/u_aec_fp32_fma/inst/i_synth/FMA_OP.OP/mul/MULT/gDSP.gDSP_only.iDSP/use_prim.appDSP48[0].bppDSP48[0].use_dsp.use_dsp48e2.iDSP48E2/DSP_MULTIPLIER.V<39>
                         DSP_M_DATA (Prop_DSP_M_DATA_V[39]_V_DATA[39])
                                                      0.046     1.720 r  u_warp_collective_core/u_reduce_f32_add/u_aec_fp32_fma/inst/i_synth/FMA_OP.OP/mul/MULT/gDSP.gDSP_only.iDSP/use_prim.appDSP48[0].bppDSP48[0].use_dsp.use_dsp48e2.iDSP48E2/DSP_M_DATA_INST/V_DATA[39]
                         net (fo=1, unplaced)         0.000     1.720    u_warp_collective_core/u_reduce_f32_add/u_aec_fp32_fma/inst/i_synth/FMA_OP.OP/mul/MULT/gDSP.gDSP_only.iDSP/use_prim.appDSP48[0].bppDSP48[0].use_dsp.use_dsp48e2.iDSP48E2/DSP_M_DATA.V_DATA<39>
                         DSP_ALU (Prop_DSP_ALU_V_DATA[39]_ALU_OUT[47])
                                                      0.571     2.291 f  u_warp_collective_core/u_reduce_f32_add/u_aec_fp32_fma/inst/i_synth/FMA_OP.OP/mul/MULT/gDSP.gDSP_only.iDSP/use_prim.appDSP48[0].bppDSP48[0].use_dsp.use_dsp48e2.iDSP48E2/DSP_ALU_INST/ALU_OUT[47]
                         net (fo=1, unplaced)         0.000     2.291    u_warp_collective_core/u_reduce_f32_add/u_aec_fp32_fma/inst/i_synth/FMA_OP.OP/mul/MULT/gDSP.gDSP_only.iDSP/use_prim.appDSP48[0].bppDSP48[0].use_dsp.use_dsp48e2.iDSP48E2/DSP_ALU.ALU_OUT<47>
                         DSP_OUTPUT (Prop_DSP_OUTPUT_ALU_OUT[47]_PCOUT[47])
                                                      0.122     2.413 r  u_warp_collective_core/u_reduce_f32_add/u_aec_fp32_fma/inst/i_synth/FMA_OP.OP/mul/MULT/gDSP.gDSP_only.iDSP/use_prim.appDSP48[0].bppDSP48[0].use_dsp.use_dsp48e2.iDSP48E2/DSP_OUTPUT_INST/PCOUT[47]
                         net (fo=1, unplaced)         0.014     2.427    u_warp_collective_core/u_reduce_f32_add/u_aec_fp32_fma/inst/i_synth/FMA_OP.OP/mul/MULT/gDSP.gDSP_only.iDSP/use_prim.appDSP48[0].bppDSP48[1].use_dsp.use_dsp48e2.iDSP48E2/PCIN[47]
                         DSP_ALU (Prop_DSP_ALU_PCIN[47]_ALU_OUT[15])
                                                      0.546     2.973 f  u_warp_collective_core/u_reduce_f32_add/u_aec_fp32_fma/inst/i_synth/FMA_OP.OP/mul/MULT/gDSP.gDSP_only.iDSP/use_prim.appDSP48[0].bppDSP48[1].use_dsp.use_dsp48e2.iDSP48E2/DSP_ALU_INST/ALU_OUT[15]
                         net (fo=1, unplaced)         0.000     2.973    u_warp_collective_core/u_reduce_f32_add/u_aec_fp32_fma/inst/i_synth/FMA_OP.OP/mul/MULT/gDSP.gDSP_only.iDSP/use_prim.appDSP48[0].bppDSP48[1].use_dsp.use_dsp48e2.iDSP48E2/DSP_ALU.ALU_OUT<15>
                         DSP_OUTPUT (Prop_DSP_OUTPUT_ALU_OUT[15]_P[15])
                                                      0.109     3.082 r  u_warp_collective_core/u_reduce_f32_add/u_aec_fp32_fma/inst/i_synth/FMA_OP.OP/mul/MULT/gDSP.gDSP_only.iDSP/use_prim.appDSP48[0].bppDSP48[1].use_dsp.use_dsp48e2.iDSP48E2/DSP_OUTPUT_INST/P[15]
                         net (fo=8, unplaced)         0.236     3.318    u_warp_collective_core/u_reduce_f32_add/u_aec_fp32_fma/inst/i_synth/FMA_OP.OP/mul/mul_result_wide[32]
                         LUT4 (Prop_LUT4_I1_O)        0.139     3.457 f  u_warp_collective_core/u_reduce_f32_add/u_aec_fp32_fma/inst/i_synth/FMA_OP.OP/mul/CHAIN_GEN[16].C_MUX.CARRY_MUX_i_2__2/O
                         net (fo=1, unplaced)         0.242     3.699    u_warp_collective_core/u_reduce_f32_add/u_aec_fp32_fma/inst/i_synth/FMA_OP.OP/addsub/add/EXP/NUMB_CMP1/NOT_FAST.CMP/C_CHAIN/CHAIN_GEN[23].C_MUX.CARRY_MUX_1[4]
                         CARRY8 (Prop_CARRY8_DI[0]_CO[7])
                                                      0.140     3.839 f  u_warp_collective_core/u_reduce_f32_add/u_aec_fp32_fma/inst/i_synth/FMA_OP.OP/addsub/add/EXP/NUMB_CMP1/NOT_FAST.CMP/C_CHAIN/CHAIN_GEN[16].C_MUX.CARRY_MUX_CARRY4_CARRY8/CO[7]
                         net (fo=1, unplaced)         0.005     3.844    u_warp_collective_core/u_reduce_f32_add/u_aec_fp32_fma/inst/i_synth/FMA_OP.OP/addsub/add/EXP/NUMB_CMP1/NOT_FAST.CMP/C_CHAIN/CHAIN_GEN[23].C_MUX.CARRY_MUX_n_0
                         CARRY8 (Prop_CARRY8_CI_CO[4])
                                                      0.092     3.936 f  u_warp_collective_core/u_reduce_f32_add/u_aec_fp32_fma/inst/i_synth/FMA_OP.OP/addsub/add/EXP/NUMB_CMP1/NOT_FAST.CMP/C_CHAIN/CHAIN_GEN[24].C_MUX.CARRY_MUX_CARRY4_CARRY8/CO[4]
                         net (fo=2, unplaced)         0.183     4.119    u_warp_collective_core/u_reduce_f32_add/u_aec_fp32_fma/inst/i_synth/FMA_OP.OP/addsub/add/EXP/NUMB_CMP0/NOT_FAST.CMP/C_CHAIN/CHAIN_GEN[0].C_MUX.CARRY_MUX_1[0]
                         LUT5 (Prop_LUT5_I4_O)        0.038     4.157 f  u_warp_collective_core/u_reduce_f32_add/u_aec_fp32_fma/inst/i_synth/FMA_OP.OP/addsub/add/EXP/NUMB_CMP0/NOT_FAST.CMP/C_CHAIN/CHAIN_GEN[0].C_MUX.CARRY_MUX_i_2__7/O
                         net (fo=52, unplaced)        0.256     4.413    u_warp_collective_core/u_reduce_f32_add/u_aec_fp32_fma/inst/i_synth/FMA_OP.OP/mul/b_largest
                         LUT6 (Prop_LUT6_I4_O)        0.038     4.451 f  u_warp_collective_core/u_reduce_f32_add/u_aec_fp32_fma/inst/i_synth/FMA_OP.OP/mul/CHAIN_GEN[1].C_MUX.CARRY_MUX_i_2__0/O
                         net (fo=3, unplaced)         0.147     4.598    u_warp_collective_core/u_reduce_f32_add/u_aec_fp32_fma/inst/i_synth/FMA_OP.OP/mul/sml_shift_mux__95[4]
                         LUT4 (Prop_LUT4_I0_O)        0.100     4.698 r  u_warp_collective_core/u_reduce_f32_add/u_aec_fp32_fma/inst/i_synth/FMA_OP.OP/mul/CHAIN_GEN[1].C_MUX.CARRY_MUX_i_1__2/O
                         net (fo=1, unplaced)         0.023     4.721    u_warp_collective_core/u_reduce_f32_add/u_aec_fp32_fma/inst/i_synth/FMA_OP.OP/addsub/add/ALIGN_BLK/aligner.ALIGN_SHIFT/ALIGN_Z_D/EQ_ZERO/CARRY_ZERO_DET/CHAIN_GEN[11].C_MUX.CARRY_MUX_0[1]
                         CARRY8 (Prop_CARRY8_S[1]_CO[7])
                                                      0.197     4.918 r  u_warp_collective_core/u_reduce_f32_add/u_aec_fp32_fma/inst/i_synth/FMA_OP.OP/addsub/add/ALIGN_BLK/aligner.ALIGN_SHIFT/ALIGN_Z_D/EQ_ZERO/CARRY_ZERO_DET/CHAIN_GEN[0].C_MUX.CARRY_MUX_CARRY4_CARRY8/CO[7]
                         net (fo=2, unplaced)         0.005     4.923    u_warp_collective_core/u_reduce_f32_add/u_aec_fp32_fma/inst/i_synth/FMA_OP.OP/addsub/add/ALIGN_BLK/aligner.ALIGN_SHIFT/ALIGN_Z_D/EQ_ZERO/CARRY_ZERO_DET/CARRYS_OUT[7]
                         CARRY8 (Prop_CARRY8_CI_CO[2])
                                                      0.057     4.980 r  u_warp_collective_core/u_reduce_f32_add/u_aec_fp32_fma/inst/i_synth/FMA_OP.OP/addsub/add/ALIGN_BLK/aligner.ALIGN_SHIFT/ALIGN_Z_D/EQ_ZERO/CARRY_ZERO_DET/CHAIN_GEN[8].C_MUX.CARRY_MUX_CARRY4_CARRY8/CO[2]
                         net (fo=1, unplaced)         0.185     5.165    u_warp_collective_core/u_reduce_f32_add/u_aec_fp32_fma/inst/i_synth/FMA_OP.OP/addsub/add/EXP/bma_exp_cc/CARRYS_OUT[10]
                         LUT6 (Prop_LUT6_I0_O)        0.038     5.203 r  u_warp_collective_core/u_reduce_f32_add/u_aec_fp32_fma/inst/i_synth/FMA_OP.OP/addsub/add/EXP/bma_exp_cc/MUX_LOOP[2].OTHER_LEVELS.DO_CHUNKS[0].LUT6_STRUCT_MUX.MUX1_i_7/O
                         net (fo=1, unplaced)         0.185     5.388    u_warp_collective_core/u_reduce_f32_add/u_aec_fp32_fma/inst/i_synth/FMA_OP.OP/addsub/add/EXP/bma_exp_cc/MUX_LOOP[2].OTHER_LEVELS.DO_CHUNKS[0].LUT6_STRUCT_MUX.MUX1_i_7_n_0
                         LUT6 (Prop_LUT6_I5_O)        0.038     5.426 r  u_warp_collective_core/u_reduce_f32_add/u_aec_fp32_fma/inst/i_synth/FMA_OP.OP/addsub/add/EXP/bma_exp_cc/MUX_LOOP[2].OTHER_LEVELS.DO_CHUNKS[0].LUT6_STRUCT_MUX.MUX1_i_3/O
                         net (fo=1, unplaced)         0.185     5.611    u_warp_collective_core/u_reduce_f32_add/u_aec_fp32_fma/inst/i_synth/FMA_OP.OP/addsub/add/EXP/bma_exp_cc/MUX_LOOP[2].OTHER_LEVELS.DO_CHUNKS[0].LUT6_STRUCT_MUX.MUX1_i_3_n_0
                         LUT6 (Prop_LUT6_I0_O)        0.037     5.648 r  u_warp_collective_core/u_reduce_f32_add/u_aec_fp32_fma/inst/i_synth/FMA_OP.OP/addsub/add/EXP/bma_exp_cc/MUX_LOOP[2].OTHER_LEVELS.DO_CHUNKS[0].LUT6_STRUCT_MUX.MUX1_i_1/O
                         net (fo=1, unplaced)         0.024     5.672    u_warp_collective_core/u_reduce_f32_add/u_aec_fp32_fma/inst/i_synth/FMA_OP.OP/addsub/add/ALIGN_BLK/aligner.ALIGN_SHIFT/ALIGN_Z_D/zero_det_unreg[1]_0[2]
                         MUXF7 (Prop_MUXF7_I0_O)      0.067     5.739 r  u_warp_collective_core/u_reduce_f32_add/u_aec_fp32_fma/inst/i_synth/FMA_OP.OP/addsub/add/ALIGN_BLK/aligner.ALIGN_SHIFT/ALIGN_Z_D/MUX_LOOP[2].OTHER_LEVELS.DO_CHUNKS[0].LUT6_STRUCT_MUX.MUX1/O
                         net (fo=1, unplaced)         0.000     5.739    u_warp_collective_core/u_reduce_f32_add/u_aec_fp32_fma/inst/i_synth/FMA_OP.OP/addsub/add/ALIGN_BLK/aligner.ALIGN_SHIFT/ALIGN_Z_D/MUX_LOOP[2].OTHER_LEVELS.DO_CHUNKS[0].LUT6_STRUCT_MUX.mux0_1
                         MUXF8 (Prop_MUXF8_I1_O)      0.028     5.767 r  u_warp_collective_core/u_reduce_f32_add/u_aec_fp32_fma/inst/i_synth/FMA_OP.OP/addsub/add/ALIGN_BLK/aligner.ALIGN_SHIFT/ALIGN_Z_D/MUX_LOOP[2].OTHER_LEVELS.DO_CHUNKS[0].LUT6_STRUCT_MUX.MUX2/O
                         net (fo=2, unplaced)         0.185     5.952    u_warp_collective_core/u_reduce_f32_add/u_aec_fp32_fma/inst/i_synth/FMA_OP.OP/addsub/add/ALIGN_BLK/aligner.ALIGN_SHIFT/ALIGN_Z_D/zeros_z_det_a
                         LUT4 (Prop_LUT4_I1_O)        0.037     5.989 r  u_warp_collective_core/u_reduce_f32_add/u_aec_fp32_fma/inst/i_synth/FMA_OP.OP/addsub/add/ALIGN_BLK/aligner.ALIGN_SHIFT/ALIGN_Z_D/STRUCT_ADD1.CARRY_MUX2_i_1/O
                         net (fo=1, unplaced)         0.023     6.012    u_warp_collective_core/u_reduce_f32_add/u_aec_fp32_fma/inst/i_synth/FMA_OP.OP/addsub/add/ALIGN_BLK/FRAC_ADDSUB/LOGIC_ADD.FRAC_ADDSUB/STRUCT_ADD1.CARRY_MUX2_0
                         CARRY8 (Prop_CARRY8_S[1]_CO[7])
                                                      0.197     6.209 r  u_warp_collective_core/u_reduce_f32_add/u_aec_fp32_fma/inst/i_synth/FMA_OP.OP/addsub/add/ALIGN_BLK/FRAC_ADDSUB/LOGIC_ADD.FRAC_ADDSUB/STRUCT_ADD1.CARRY_MUX1_CARRY4_CARRY8/CO[7]
                         net (fo=1, unplaced)         0.005     6.214    u_warp_collective_core/u_reduce_f32_add/u_aec_fp32_fma/inst/i_synth/FMA_OP.OP/addsub/add/ALIGN_BLK/FRAC_ADDSUB/LOGIC_ADD.FRAC_ADDSUB/STRUCT_ADD1.ADD1/CHAIN_GEN[5].C_MUX.CARRY_MUX_n_0
                         CARRY8 (Prop_CARRY8_CI_CO[7])
                                                      0.022     6.236 r  u_warp_collective_core/u_reduce_f32_add/u_aec_fp32_fma/inst/i_synth/FMA_OP.OP/addsub/add/ALIGN_BLK/FRAC_ADDSUB/LOGIC_ADD.FRAC_ADDSUB/STRUCT_ADD1.ADD1/CHAIN_GEN[6].C_MUX.CARRY_MUX_CARRY4_CARRY8/CO[7]
                         net (fo=1, unplaced)         0.005     6.241    u_warp_collective_core/u_reduce_f32_add/u_aec_fp32_fma/inst/i_synth/FMA_OP.OP/addsub/add/ALIGN_BLK/FRAC_ADDSUB/LOGIC_ADD.FRAC_ADDSUB/STRUCT_ADD1.ADD1/CHAIN_GEN[13].C_MUX.CARRY_MUX_n_0
                         CARRY8 (Prop_CARRY8_CI_CO[7])
                                                      0.022     6.263 r  u_warp_collective_core/u_reduce_f32_add/u_aec_fp32_fma/inst/i_synth/FMA_OP.OP/addsub/add/ALIGN_BLK/FRAC_ADDSUB/LOGIC_ADD.FRAC_ADDSUB/STRUCT_ADD1.ADD1/CHAIN_GEN[14].C_MUX.CARRY_MUX_CARRY4_CARRY8/CO[7]
                         net (fo=1, unplaced)         0.005     6.268    u_warp_collective_core/u_reduce_f32_add/u_aec_fp32_fma/inst/i_synth/FMA_OP.OP/addsub/add/ALIGN_BLK/FRAC_ADDSUB/LOGIC_ADD.FRAC_ADDSUB/STRUCT_ADD1.ADD1/CHAIN_GEN[21].C_MUX.CARRY_MUX_n_0
                         CARRY8 (Prop_CARRY8_CI_CO[7])
                                                      0.022     6.290 r  u_warp_collective_core/u_reduce_f32_add/u_aec_fp32_fma/inst/i_synth/FMA_OP.OP/addsub/add/ALIGN_BLK/FRAC_ADDSUB/LOGIC_ADD.FRAC_ADDSUB/STRUCT_ADD1.ADD1/CHAIN_GEN[22].C_MUX.CARRY_MUX_CARRY4_CARRY8/CO[7]
                         net (fo=1, unplaced)         0.005     6.295    u_warp_collective_core/u_reduce_f32_add/u_aec_fp32_fma/inst/i_synth/FMA_OP.OP/addsub/add/ALIGN_BLK/FRAC_ADDSUB/LOGIC_ADD.FRAC_ADDSUB/STRUCT_ADD2.ADD1/CHAIN_GEN[4].C_MUX.CARRY_MUX_n_0
                         CARRY8 (Prop_CARRY8_CI_CO[7])
                                                      0.022     6.317 r  u_warp_collective_core/u_reduce_f32_add/u_aec_fp32_fma/inst/i_synth/FMA_OP.OP/addsub/add/ALIGN_BLK/FRAC_ADDSUB/LOGIC_ADD.FRAC_ADDSUB/STRUCT_ADD2.ADD1/CHAIN_GEN[5].C_MUX.CARRY_MUX_CARRY4_CARRY8/CO[7]
                         net (fo=1, unplaced)         0.005     6.322    u_warp_collective_core/u_reduce_f32_add/u_aec_fp32_fma/inst/i_synth/FMA_OP.OP/addsub/add/ALIGN_BLK/FRAC_ADDSUB/LOGIC_ADD.FRAC_ADDSUB/STRUCT_ADD2.ADD1/CHAIN_GEN[12].C_MUX.CARRY_MUX_n_0
                         CARRY8 (Prop_CARRY8_CI_CO[7])
                                                      0.022     6.344 r  u_warp_collective_core/u_reduce_f32_add/u_aec_fp32_fma/inst/i_synth/FMA_OP.OP/addsub/add/ALIGN_BLK/FRAC_ADDSUB/LOGIC_ADD.FRAC_ADDSUB/STRUCT_ADD2.ADD1/CHAIN_GEN[13].C_MUX.CARRY_MUX_CARRY4_CARRY8/CO[7]
                         net (fo=1, unplaced)         0.005     6.349    u_warp_collective_core/u_reduce_f32_add/u_aec_fp32_fma/inst/i_synth/FMA_OP.OP/addsub/add/ALIGN_BLK/FRAC_ADDSUB/LOGIC_ADD.FRAC_ADDSUB/STRUCT_ADD2.ADD1/CHAIN_GEN[20].C_MUX.CARRY_MUX_n_0
                         CARRY8 (Prop_CARRY8_CI_O[4])
                                                      0.086     6.435 f  u_warp_collective_core/u_reduce_f32_add/u_aec_fp32_fma/inst/i_synth/FMA_OP.OP/addsub/add/ALIGN_BLK/FRAC_ADDSUB/LOGIC_ADD.FRAC_ADDSUB/STRUCT_ADD2.ADD1/CHAIN_GEN[21].C_MUX.CARRY_MUX_CARRY4_CARRY8/O[4]
                         net (fo=4, unplaced)         0.197     6.632    u_warp_collective_core/u_reduce_f32_add/u_aec_fp32_fma/inst/i_synth/FMA_OP.OP/addsub/add/ALIGN_BLK/FRAC_ADDSUB/LOGIC_ADD.FRAC_ADDSUB/STRUCT_ADD2.ADD1/Q[17]
                         LUT4 (Prop_LUT4_I0_O)        0.100     6.732 r  u_warp_collective_core/u_reduce_f32_add/u_aec_fp32_fma/inst/i_synth/FMA_OP.OP/addsub/add/ALIGN_BLK/FRAC_ADDSUB/LOGIC_ADD.FRAC_ADDSUB/STRUCT_ADD2.ADD1/CHAIN_GEN[0].C_MUX.CARRY_MUX_i_1__7/O
                         net (fo=1, unplaced)         0.020     6.752    u_warp_collective_core/u_reduce_f32_add/u_aec_fp32_fma/inst/i_synth/FMA_OP.OP/addsub/add/NORM/LZE/ZERO_DET_CC_1/chunk_is_zero[0]
                         CARRY8 (Prop_CARRY8_S[0]_CO[7])
                                                      0.199     6.951 r  u_warp_collective_core/u_reduce_f32_add/u_aec_fp32_fma/inst/i_synth/FMA_OP.OP/addsub/add/NORM/LZE/ZERO_DET_CC_1/CHAIN_GEN[0].C_MUX.CARRY_MUX_CARRY4_CARRY8/CO[7]
                         net (fo=68, unplaced)        0.290     7.241    u_warp_collective_core/u_reduce_f32_add/u_aec_fp32_fma/inst/i_synth/FMA_OP.OP/addsub/add/NORM/LZE/ZERO_DET_CC_1/CARRYS_OUT[1]
                         LUT6 (Prop_LUT6_I4_O)        0.038     7.279 r  u_warp_collective_core/u_reduce_f32_add/u_aec_fp32_fma/inst/i_synth/FMA_OP.OP/addsub/add/NORM/LZE/ZERO_DET_CC_1/CHAIN_GEN[1].C_MUX.CARRY_MUX_i_2__4/O
                         net (fo=60, unplaced)        0.215     7.494    u_warp_collective_core/u_reduce_f32_add/u_aec_fp32_fma/inst/i_synth/FMA_OP.OP/addsub/add/ALIGN_BLK/FRAC_ADDSUB/LOGIC_ADD.FRAC_ADDSUB/STRUCT_ADD1.ADD1/norm_dist[1]
                         LUT5 (Prop_LUT5_I1_O)        0.100     7.594 r  u_warp_collective_core/u_reduce_f32_add/u_aec_fp32_fma/inst/i_synth/FMA_OP.OP/addsub/add/ALIGN_BLK/FRAC_ADDSUB/LOGIC_ADD.FRAC_ADDSUB/STRUCT_ADD1.ADD1/norm_exp_carry_i_12/O
                         net (fo=1, unplaced)         0.141     7.735    u_warp_collective_core/u_reduce_f32_add/u_aec_fp32_fma/inst/i_synth/FMA_OP.OP/addsub/add/ALIGN_BLK/FRAC_ADDSUB/LOGIC_ADD.FRAC_ADDSUB/STRUCT_ADD2.ADD1/RESULT_REG.NORMAL.mant_op[21]_i_12
                         LUT6 (Prop_LUT6_I1_O)        0.100     7.835 r  u_warp_collective_core/u_reduce_f32_add/u_aec_fp32_fma/inst/i_synth/FMA_OP.OP/addsub/add/ALIGN_BLK/FRAC_ADDSUB/LOGIC_ADD.FRAC_ADDSUB/STRUCT_ADD2.ADD1/norm_exp_carry_i_9/O
                         net (fo=7, unplaced)         0.210     8.045    u_warp_collective_core/u_reduce_f32_add/u_aec_fp32_fma/inst/i_synth/FMA_OP.OP/addsub/add/EXP/EXP_OFF.STRUCT_ADD/norm_dist[1]
                         LUT2 (Prop_LUT2_I1_O)        0.037     8.082 r  u_warp_collective_core/u_reduce_f32_add/u_aec_fp32_fma/inst/i_synth/FMA_OP.OP/addsub/add/EXP/EXP_OFF.STRUCT_ADD/norm_exp_carry_i_7/O
                         net (fo=1, unplaced)         0.023     8.105    u_warp_collective_core/u_reduce_f32_add/u_aec_fp32_fma/inst/i_synth/FMA_OP.OP/addsub/add/EXP/EXP_OFF.STRUCT_ADD_n_5
                         CARRY8 (Prop_CARRY8_S[1]_O[6])
                                                      0.224     8.329 r  u_warp_collective_core/u_reduce_f32_add/u_aec_fp32_fma/inst/i_synth/FMA_OP.OP/addsub/add/EXP/norm_exp_carry/O[6]
                         net (fo=4, unplaced)         0.103     8.432    u_warp_collective_core/u_reduce_f32_add/u_aec_fp32_fma/inst/i_synth/FMA_OP.OP/addsub/add/EXP/exp_op[6]
                         LUT4 (Prop_LUT4_I0_O)        0.139     8.571 r  u_warp_collective_core/u_reduce_f32_add/u_aec_fp32_fma/inst/i_synth/FMA_OP.OP/addsub/add/EXP/RESULT_REG.NORMAL.mant_op[21]_i_22/O
                         net (fo=2, unplaced)         0.185     8.756    u_warp_collective_core/u_reduce_f32_add/u_aec_fp32_fma/inst/i_synth/FMA_OP.OP/addsub/add/EXP/EXP_OFF.STRUCT_ADD/RESULT_REG.NORMAL.mant_op[21]_i_5_0
                         LUT6 (Prop_LUT6_I2_O)        0.038     8.794 r  u_warp_collective_core/u_reduce_f32_add/u_aec_fp32_fma/inst/i_synth/FMA_OP.OP/addsub/add/EXP/EXP_OFF.STRUCT_ADD/RESULT_REG.NORMAL.mant_op[21]_i_17/O
                         net (fo=4, unplaced)         0.152     8.946    u_warp_collective_core/u_reduce_f32_add/u_aec_fp32_fma/inst/i_synth/FMA_OP.OP/addsub/add/EXP/EXP_OFF.STRUCT_ADD/conv_exp.downsize_exp/exp_flt_all_one_rnd
                         LUT3 (Prop_LUT3_I0_O)        0.112     9.058 r  u_warp_collective_core/u_reduce_f32_add/u_aec_fp32_fma/inst/i_synth/FMA_OP.OP/addsub/add/EXP/EXP_OFF.STRUCT_ADD/RESULT_REG.NORMAL.mant_op[22]_i_2/O
                         net (fo=6, unplaced)         0.207     9.265    u_warp_collective_core/u_reduce_f32_add/u_aec_fp32_fma/inst/i_synth/FMA_OP.OP/addsub/add/EXP/EXP_OFF.STRUCT_ADD/conv_exp.downsize_exp/state_rnd__5[0]
                         LUT5 (Prop_LUT5_I4_O)        0.070     9.335 f  u_warp_collective_core/u_reduce_f32_add/u_aec_fp32_fma/inst/i_synth/FMA_OP.OP/addsub/add/EXP/EXP_OFF.STRUCT_ADD/RESULT_REG.NORMAL.exp_op[6]_i_3/O
                         net (fo=12, unplaced)        0.174     9.509    u_warp_collective_core/u_reduce_f32_add/u_aec_fp32_fma/inst/i_synth/FMA_OP.OP/addsub/add/EXP/EXP_OFF.STRUCT_ADD/op_state[1]
                         LUT3 (Prop_LUT3_I0_O)        0.100     9.609 r  u_warp_collective_core/u_reduce_f32_add/u_aec_fp32_fma/inst/i_synth/FMA_OP.OP/addsub/add/EXP/EXP_OFF.STRUCT_ADD/RESULT_REG.NORMAL.exp_op[7]_i_5/O
                         net (fo=1, unplaced)         0.140     9.749    u_warp_collective_core/u_reduce_f32_add/u_aec_fp32_fma/inst/i_synth/FMA_OP.OP/addsub/add/EXP/EXP_OFF.STRUCT_ADD/OP/EXP_ADDER_YES.a_ip__15[6]
                         LUT5 (Prop_LUT5_I3_O)        0.090     9.839 r  u_warp_collective_core/u_reduce_f32_add/u_aec_fp32_fma/inst/i_synth/FMA_OP.OP/addsub/add/EXP/EXP_OFF.STRUCT_ADD/RESULT_REG.NORMAL.exp_op[7]_i_1/O
                         net (fo=1, unplaced)         0.048     9.887    u_warp_collective_core/u_reduce_f32_add/u_aec_fp32_fma/inst/i_synth/FMA_OP.OP/addsub/add/OP/D[7]
                         FDRE                                         r  u_warp_collective_core/u_reduce_f32_add/u_aec_fp32_fma/inst/i_synth/FMA_OP.OP/addsub/add/OP/RESULT_REG.NORMAL.exp_op_reg[7]/D
  -------------------------------------------------------------------    -------------------

                         (clock clk_i rise edge)      5.556     5.556 r  
                                                      0.000     5.556 r  clk_i (IN)
                         net (fo=37177, unset)        0.020     5.576    u_warp_collective_core/u_reduce_f32_add/u_aec_fp32_fma/inst/i_synth/FMA_OP.OP/addsub/add/OP/aclk
                         FDRE                                         r  u_warp_collective_core/u_reduce_f32_add/u_aec_fp32_fma/inst/i_synth/FMA_OP.OP/addsub/add/OP/RESULT_REG.NORMAL.exp_op_reg[7]/C
                         clock pessimism              0.000     5.576    
                         clock uncertainty           -0.035     5.541    
                         FDRE (Setup_FDRE_C_D)        0.025     5.566    u_warp_collective_core/u_reduce_f32_add/u_aec_fp32_fma/inst/i_synth/FMA_OP.OP/addsub/add/OP/RESULT_REG.NORMAL.exp_op_reg[7]
  -------------------------------------------------------------------
                         required time                          5.566    
                         arrival time                          -9.887    
  -------------------------------------------------------------------
                         slack                                 -4.321    

Slack (VIOLATED) :        -4.314ns  (required time - arrival time)
  Source:                 u_warp_collective_core/lane_val_q_reg[6][10]/C
                            (rising edge-triggered cell FDCE clocked by clk_i  {rise@0.000ns fall@2.778ns period=5.556ns})
  Destination:            u_warp_collective_core/u_reduce_f32_add/u_aec_fp32_fma/inst/i_synth/FMA_OP.OP/addsub/add/OP/RESULT_REG.NORMAL.mant_op_reg[0]/R
                            (rising edge-triggered cell FDRE clocked by clk_i  {rise@0.000ns fall@2.778ns period=5.556ns})
  Path Group:             clk_i
  Path Type:              Setup (Max at Slow Process Corner)
  Requirement:            5.556ns  (clk_i rise@5.556ns - clk_i rise@0.000ns)
  Data Path Delay:        9.753ns  (logic 5.150ns (52.804%)  route 4.603ns (47.196%))
  Logic Levels:           44  (CARRY8=13 DSP_A_B_DATA=1 DSP_ALU=2 DSP_M_DATA=1 DSP_MULTIPLIER=1 DSP_OUTPUT=2 DSP_PREADD_DATA=1 LUT2=1 LUT3=2 LUT4=5 LUT5=2 LUT6=9 MUXF7=2 MUXF8=2)
  Clock Path Skew:        -0.008ns (DCD - SCD + CPR)
    Destination Clock Delay (DCD):    0.020ns = ( 5.576 - 5.556 ) 
    Source Clock Delay      (SCD):    0.028ns
    Clock Pessimism Removal (CPR):    0.000ns
  Clock Uncertainty:      0.035ns  ((TSJ^2 + TIJ^2)^1/2 + DJ) / 2 + PE
    Total System Jitter     (TSJ):    0.071ns
    Total Input Jitter      (TIJ):    0.000ns
    Discrete Jitter          (DJ):    0.000ns
    Phase Error              (PE):    0.000ns

    Location             Delay type                Incr(ns)  Path(ns)    Netlist Resource(s)
  -------------------------------------------------------------------    -------------------
                         (clock clk_i rise edge)      0.000     0.000 r  
                                                      0.000     0.000 r  clk_i (IN)
                         net (fo=37177, unset)        0.028     0.028    u_warp_collective_core/clk_i
                         FDCE                                         r  u_warp_collective_core/lane_val_q_reg[6][10]/C
  -------------------------------------------------------------------    -------------------
                         FDCE (Prop_FDCE_C_Q)         0.077     0.105 f  u_warp_collective_core/lane_val_q_reg[6][10]/Q
                         net (fo=35, unplaced)        0.216     0.321    u_warp_collective_core/u_reduce_f32_add/u_aec_fp32_fma_i_66_0[10]
                         LUT6 (Prop_LUT6_I0_O)        0.145     0.466 f  u_warp_collective_core/u_reduce_f32_add/u_aec_fp32_fma_i_344/O
                         net (fo=1, unplaced)         0.032     0.498    u_warp_collective_core/u_reduce_f32_add/u_aec_fp32_fma_i_344_n_0
                         MUXF7 (Prop_MUXF7_I0_O)      0.069     0.567 f  u_warp_collective_core/u_reduce_f32_add/u_aec_fp32_fma_i_108/O
                         net (fo=1, unplaced)         0.000     0.567    u_warp_collective_core/u_reduce_f32_add/u_aec_fp32_fma_i_108_n_0
                         MUXF8 (Prop_MUXF8_I0_O)      0.030     0.597 f  u_warp_collective_core/u_reduce_f32_add/u_aec_fp32_fma_i_23/O
                         net (fo=11, unplaced)        0.244     0.841    u_warp_collective_core/u_reduce_f32_add/u_aec_fp32_fma/inst/i_synth/FMA_OP.OP/mul/MULT/gDSP.gDSP_only.iDSP/use_prim.appDSP48[0].bppDSP48[0].use_dsp.use_dsp48e2.iDSP48E2/B[10]
                         DSP_A_B_DATA (Prop_DSP_A_B_DATA_B[10]_B2_DATA[10])
                                                      0.151     0.992 r  u_warp_collective_core/u_reduce_f32_add/u_aec_fp32_fma/inst/i_synth/FMA_OP.OP/mul/MULT/gDSP.gDSP_only.iDSP/use_prim.appDSP48[0].bppDSP48[0].use_dsp.use_dsp48e2.iDSP48E2/DSP_A_B_DATA_INST/B2_DATA[10]
                         net (fo=1, unplaced)         0.000     0.992    u_warp_collective_core/u_reduce_f32_add/u_aec_fp32_fma/inst/i_synth/FMA_OP.OP/mul/MULT/gDSP.gDSP_only.iDSP/use_prim.appDSP48[0].bppDSP48[0].use_dsp.use_dsp48e2.iDSP48E2/DSP_A_B_DATA.B2_DATA<10>
                         DSP_PREADD_DATA (Prop_DSP_PREADD_DATA_B2_DATA[10]_B2B1[10])
                                                      0.073     1.065 r  u_warp_collective_core/u_reduce_f32_add/u_aec_fp32_fma/inst/i_synth/FMA_OP.OP/mul/MULT/gDSP.gDSP_only.iDSP/use_prim.appDSP48[0].bppDSP48[0].use_dsp.use_dsp48e2.iDSP48E2/DSP_PREADD_DATA_INST/B2B1[10]
                         net (fo=1, unplaced)         0.000     1.065    u_warp_collective_core/u_reduce_f32_add/u_aec_fp32_fma/inst/i_synth/FMA_OP.OP/mul/MULT/gDSP.gDSP_only.iDSP/use_prim.appDSP48[0].bppDSP48[0].use_dsp.use_dsp48e2.iDSP48E2/DSP_PREADD_DATA.B2B1<10>
                         DSP_MULTIPLIER (Prop_DSP_MULTIPLIER_B2B1[10]_V[39])
                                                      0.609     1.674 f  u_warp_collective_core/u_reduce_f32_add/u_aec_fp32_fma/inst/i_synth/FMA_OP.OP/mul/MULT/gDSP.gDSP_only.iDSP/use_prim.appDSP48[0].bppDSP48[0].use_dsp.use_dsp48e2.iDSP48E2/DSP_MULTIPLIER_INST/V[39]
                         net (fo=1, unplaced)         0.000     1.674    u_warp_collective_core/u_reduce_f32_add/u_aec_fp32_fma/inst/i_synth/FMA_OP.OP/mul/MULT/gDSP.gDSP_only.iDSP/use_prim.appDSP48[0].bppDSP48[0].use_dsp.use_dsp48e2.iDSP48E2/DSP_MULTIPLIER.V<39>
                         DSP_M_DATA (Prop_DSP_M_DATA_V[39]_V_DATA[39])
                                                      0.046     1.720 r  u_warp_collective_core/u_reduce_f32_add/u_aec_fp32_fma/inst/i_synth/FMA_OP.OP/mul/MULT/gDSP.gDSP_only.iDSP/use_prim.appDSP48[0].bppDSP48[0].use_dsp.use_dsp48e2.iDSP48E2/DSP_M_DATA_INST/V_DATA[39]
                         net (fo=1, unplaced)         0.000     1.720    u_warp_collective_core/u_reduce_f32_add/u_aec_fp32_fma/inst/i_synth/FMA_OP.OP/mul/MULT/gDSP.gDSP_only.iDSP/use_prim.appDSP48[0].bppDSP48[0].use_dsp.use_dsp48e2.iDSP48E2/DSP_M_DATA.V_DATA<39>
                         DSP_ALU (Prop_DSP_ALU_V_DATA[39]_ALU_OUT[47])
                                                      0.571     2.291 f  u_warp_collective_core/u_reduce_f32_add/u_aec_fp32_fma/inst/i_synth/FMA_OP.OP/mul/MULT/gDSP.gDSP_only.iDSP/use_prim.appDSP48[0].bppDSP48[0].use_dsp.use_dsp48e2.iDSP48E2/DSP_ALU_INST/ALU_OUT[47]
                         net (fo=1, unplaced)         0.000     2.291    u_warp_collective_core/u_reduce_f32_add/u_aec_fp32_fma/inst/i_synth/FMA_OP.OP/mul/MULT/gDSP.gDSP_only.iDSP/use_prim.appDSP48[0].bppDSP48[0].use_dsp.use_dsp48e2.iDSP48E2/DSP_ALU.ALU_OUT<47>
                         DSP_OUTPUT (Prop_DSP_OUTPUT_ALU_OUT[47]_PCOUT[47])
                                                      0.122     2.413 r  u_warp_collective_core/u_reduce_f32_add/u_aec_fp32_fma/inst/i_synth/FMA_OP.OP/mul/MULT/gDSP.gDSP_only.iDSP/use_prim.appDSP48[0].bppDSP48[0].use_dsp.use_dsp48e2.iDSP48E2/DSP_OUTPUT_INST/PCOUT[47]
                         net (fo=1, unplaced)         0.014     2.427    u_warp_collective_core/u_reduce_f32_add/u_aec_fp32_fma/inst/i_synth/FMA_OP.OP/mul/MULT/gDSP.gDSP_only.iDSP/use_prim.appDSP48[0].bppDSP48[1].use_dsp.use_dsp48e2.iDSP48E2/PCIN[47]
                         DSP_ALU (Prop_DSP_ALU_PCIN[47]_ALU_OUT[15])
                                                      0.546     2.973 f  u_warp_collective_core/u_reduce_f32_add/u_aec_fp32_fma/inst/i_synth/FMA_OP.OP/mul/MULT/gDSP.gDSP_only.iDSP/use_prim.appDSP48[0].bppDSP48[1].use_dsp.use_dsp48e2.iDSP48E2/DSP_ALU_INST/ALU_OUT[15]
                         net (fo=1, unplaced)         0.000     2.973    u_warp_collective_core/u_reduce_f32_add/u_aec_fp32_fma/inst/i_synth/FMA_OP.OP/mul/MULT/gDSP.gDSP_only.iDSP/use_prim.appDSP48[0].bppDSP48[1].use_dsp.use_dsp48e2.iDSP48E2/DSP_ALU.ALU_OUT<15>
                         DSP_OUTPUT (Prop_DSP_OUTPUT_ALU_OUT[15]_P[15])
                                                      0.109     3.082 r  u_warp_collective_core/u_reduce_f32_add/u_aec_fp32_fma/inst/i_synth/FMA_OP.OP/mul/MULT/gDSP.gDSP_only.iDSP/use_prim.appDSP48[0].bppDSP48[1].use_dsp.use_dsp48e2.iDSP48E2/DSP_OUTPUT_INST/P[15]
                         net (fo=8, unplaced)         0.236     3.318    u_warp_collective_core/u_reduce_f32_add/u_aec_fp32_fma/inst/i_synth/FMA_OP.OP/mul/mul_result_wide[32]
                         LUT4 (Prop_LUT4_I1_O)        0.139     3.457 f  u_warp_collective_core/u_reduce_f32_add/u_aec_fp32_fma/inst/i_synth/FMA_OP.OP/mul/CHAIN_GEN[16].C_MUX.CARRY_MUX_i_2__2/O
                         net (fo=1, unplaced)         0.242     3.699    u_warp_collective_core/u_reduce_f32_add/u_aec_fp32_fma/inst/i_synth/FMA_OP.OP/addsub/add/EXP/NUMB_CMP1/NOT_FAST.CMP/C_CHAIN/CHAIN_GEN[23].C_MUX.CARRY_MUX_1[4]
                         CARRY8 (Prop_CARRY8_DI[0]_CO[7])
                                                      0.140     3.839 f  u_warp_collective_core/u_reduce_f32_add/u_aec_fp32_fma/inst/i_synth/FMA_OP.OP/addsub/add/EXP/NUMB_CMP1/NOT_FAST.CMP/C_CHAIN/CHAIN_GEN[16].C_MUX.CARRY_MUX_CARRY4_CARRY8/CO[7]
                         net (fo=1, unplaced)         0.005     3.844    u_warp_collective_core/u_reduce_f32_add/u_aec_fp32_fma/inst/i_synth/FMA_OP.OP/addsub/add/EXP/NUMB_CMP1/NOT_FAST.CMP/C_CHAIN/CHAIN_GEN[23].C_MUX.CARRY_MUX_n_0
                         CARRY8 (Prop_CARRY8_CI_CO[4])
                                                      0.092     3.936 f  u_warp_collective_core/u_reduce_f32_add/u_aec_fp32_fma/inst/i_synth/FMA_OP.OP/addsub/add/EXP/NUMB_CMP1/NOT_FAST.CMP/C_CHAIN/CHAIN_GEN[24].C_MUX.CARRY_MUX_CARRY4_CARRY8/CO[4]
                         net (fo=2, unplaced)         0.183     4.119    u_warp_collective_core/u_reduce_f32_add/u_aec_fp32_fma/inst/i_synth/FMA_OP.OP/addsub/add/EXP/NUMB_CMP0/NOT_FAST.CMP/C_CHAIN/CHAIN_GEN[0].C_MUX.CARRY_MUX_1[0]
                         LUT5 (Prop_LUT5_I4_O)        0.038     4.157 f  u_warp_collective_core/u_reduce_f32_add/u_aec_fp32_fma/inst/i_synth/FMA_OP.OP/addsub/add/EXP/NUMB_CMP0/NOT_FAST.CMP/C_CHAIN/CHAIN_GEN[0].C_MUX.CARRY_MUX_i_2__7/O
                         net (fo=52, unplaced)        0.256     4.413    u_warp_collective_core/u_reduce_f32_add/u_aec_fp32_fma/inst/i_synth/FMA_OP.OP/mul/b_largest
                         LUT6 (Prop_LUT6_I4_O)        0.038     4.451 f  u_warp_collective_core/u_reduce_f32_add/u_aec_fp32_fma/inst/i_synth/FMA_OP.OP/mul/CHAIN_GEN[1].C_MUX.CARRY_MUX_i_2__0/O
                         net (fo=3, unplaced)         0.147     4.598    u_warp_collective_core/u_reduce_f32_add/u_aec_fp32_fma/inst/i_synth/FMA_OP.OP/mul/sml_shift_mux__95[4]
                         LUT4 (Prop_LUT4_I0_O)        0.100     4.698 r  u_warp_collective_core/u_reduce_f32_add/u_aec_fp32_fma/inst/i_synth/FMA_OP.OP/mul/CHAIN_GEN[1].C_MUX.CARRY_MUX_i_1__2/O
                         net (fo=1, unplaced)         0.023     4.721    u_warp_collective_core/u_reduce_f32_add/u_aec_fp32_fma/inst/i_synth/FMA_OP.OP/addsub/add/ALIGN_BLK/aligner.ALIGN_SHIFT/ALIGN_Z_D/EQ_ZERO/CARRY_ZERO_DET/CHAIN_GEN[11].C_MUX.CARRY_MUX_0[1]
                         CARRY8 (Prop_CARRY8_S[1]_CO[7])
                                                      0.197     4.918 r  u_warp_collective_core/u_reduce_f32_add/u_aec_fp32_fma/inst/i_synth/FMA_OP.OP/addsub/add/ALIGN_BLK/aligner.ALIGN_SHIFT/ALIGN_Z_D/EQ_ZERO/CARRY_ZERO_DET/CHAIN_GEN[0].C_MUX.CARRY_MUX_CARRY4_CARRY8/CO[7]
                         net (fo=2, unplaced)         0.005     4.923    u_warp_collective_core/u_reduce_f32_add/u_aec_fp32_fma/inst/i_synth/FMA_OP.OP/addsub/add/ALIGN_BLK/aligner.ALIGN_SHIFT/ALIGN_Z_D/EQ_ZERO/CARRY_ZERO_DET/CARRYS_OUT[7]
                         CARRY8 (Prop_CARRY8_CI_CO[2])
                                                      0.057     4.980 r  u_warp_collective_core/u_reduce_f32_add/u_aec_fp32_fma/inst/i_synth/FMA_OP.OP/addsub/add/ALIGN_BLK/aligner.ALIGN_SHIFT/ALIGN_Z_D/EQ_ZERO/CARRY_ZERO_DET/CHAIN_GEN[8].C_MUX.CARRY_MUX_CARRY4_CARRY8/CO[2]
                         net (fo=1, unplaced)         0.185     5.165    u_warp_collective_core/u_reduce_f32_add/u_aec_fp32_fma/inst/i_synth/FMA_OP.OP/addsub/add/EXP/bma_exp_cc/CARRYS_OUT[10]
                         LUT6 (Prop_LUT6_I0_O)        0.038     5.203 r  u_warp_collective_core/u_reduce_f32_add/u_aec_fp32_fma/inst/i_synth/FMA_OP.OP/addsub/add/EXP/bma_exp_cc/MUX_LOOP[2].OTHER_LEVELS.DO_CHUNKS[0].LUT6_STRUCT_MUX.MUX1_i_7/O
                         net (fo=1, unplaced)         0.185     5.388    u_warp_collective_core/u_reduce_f32_add/u_aec_fp32_fma/inst/i_synth/FMA_OP.OP/addsub/add/EXP/bma_exp_cc/MUX_LOOP[2].OTHER_LEVELS.DO_CHUNKS[0].LUT6_STRUCT_MUX.MUX1_i_7_n_0
                         LUT6 (Prop_LUT6_I5_O)        0.038     5.426 r  u_warp_collective_core/u_reduce_f32_add/u_aec_fp32_fma/inst/i_synth/FMA_OP.OP/addsub/add/EXP/bma_exp_cc/MUX_LOOP[2].OTHER_LEVELS.DO_CHUNKS[0].LUT6_STRUCT_MUX.MUX1_i_3/O
                         net (fo=1, unplaced)         0.185     5.611    u_warp_collective_core/u_reduce_f32_add/u_aec_fp32_fma/inst/i_synth/FMA_OP.OP/addsub/add/EXP/bma_exp_cc/MUX_LOOP[2].OTHER_LEVELS.DO_CHUNKS[0].LUT6_STRUCT_MUX.MUX1_i_3_n_0
                         LUT6 (Prop_LUT6_I0_O)        0.037     5.648 r  u_warp_collective_core/u_reduce_f32_add/u_aec_fp32_fma/inst/i_synth/FMA_OP.OP/addsub/add/EXP/bma_exp_cc/MUX_LOOP[2].OTHER_LEVELS.DO_CHUNKS[0].LUT6_STRUCT_MUX.MUX1_i_1/O
                         net (fo=1, unplaced)         0.024     5.672    u_warp_collective_core/u_reduce_f32_add/u_aec_fp32_fma/inst/i_synth/FMA_OP.OP/addsub/add/ALIGN_BLK/aligner.ALIGN_SHIFT/ALIGN_Z_D/zero_det_unreg[1]_0[2]
                         MUXF7 (Prop_MUXF7_I0_O)      0.067     5.739 r  u_warp_collective_core/u_reduce_f32_add/u_aec_fp32_fma/inst/i_synth/FMA_OP.OP/addsub/add/ALIGN_BLK/aligner.ALIGN_SHIFT/ALIGN_Z_D/MUX_LOOP[2].OTHER_LEVELS.DO_CHUNKS[0].LUT6_STRUCT_MUX.MUX1/O
                         net (fo=1, unplaced)         0.000     5.739    u_warp_collective_core/u_reduce_f32_add/u_aec_fp32_fma/inst/i_synth/FMA_OP.OP/addsub/add/ALIGN_BLK/aligner.ALIGN_SHIFT/ALIGN_Z_D/MUX_LOOP[2].OTHER_LEVELS.DO_CHUNKS[0].LUT6_STRUCT_MUX.mux0_1
                         MUXF8 (Prop_MUXF8_I1_O)      0.028     5.767 r  u_warp_collective_core/u_reduce_f32_add/u_aec_fp32_fma/inst/i_synth/FMA_OP.OP/addsub/add/ALIGN_BLK/aligner.ALIGN_SHIFT/ALIGN_Z_D/MUX_LOOP[2].OTHER_LEVELS.DO_CHUNKS[0].LUT6_STRUCT_MUX.MUX2/O
                         net (fo=2, unplaced)         0.185     5.952    u_warp_collective_core/u_reduce_f32_add/u_aec_fp32_fma/inst/i_synth/FMA_OP.OP/addsub/add/ALIGN_BLK/aligner.ALIGN_SHIFT/ALIGN_Z_D/zeros_z_det_a
                         LUT4 (Prop_LUT4_I1_O)        0.037     5.989 r  u_warp_collective_core/u_reduce_f32_add/u_aec_fp32_fma/inst/i_synth/FMA_OP.OP/addsub/add/ALIGN_BLK/aligner.ALIGN_SHIFT/ALIGN_Z_D/STRUCT_ADD1.CARRY_MUX2_i_1/O
                         net (fo=1, unplaced)         0.023     6.012    u_warp_collective_core/u_reduce_f32_add/u_aec_fp32_fma/inst/i_synth/FMA_OP.OP/addsub/add/ALIGN_BLK/FRAC_ADDSUB/LOGIC_ADD.FRAC_ADDSUB/STRUCT_ADD1.CARRY_MUX2_0
                         CARRY8 (Prop_CARRY8_S[1]_CO[7])
                                                      0.197     6.209 r  u_warp_collective_core/u_reduce_f32_add/u_aec_fp32_fma/inst/i_synth/FMA_OP.OP/addsub/add/ALIGN_BLK/FRAC_ADDSUB/LOGIC_ADD.FRAC_ADDSUB/STRUCT_ADD1.CARRY_MUX1_CARRY4_CARRY8/CO[7]
                         net (fo=1, unplaced)         0.005     6.214    u_warp_collective_core/u_reduce_f32_add/u_aec_fp32_fma/inst/i_synth/FMA_OP.OP/addsub/add/ALIGN_BLK/FRAC_ADDSUB/LOGIC_ADD.FRAC_ADDSUB/STRUCT_ADD1.ADD1/CHAIN_GEN[5].C_MUX.CARRY_MUX_n_0
                         CARRY8 (Prop_CARRY8_CI_CO[7])
                                                      0.022     6.236 r  u_warp_collective_core/u_reduce_f32_add/u_aec_fp32_fma/inst/i_synth/FMA_OP.OP/addsub/add/ALIGN_BLK/FRAC_ADDSUB/LOGIC_ADD.FRAC_ADDSUB/STRUCT_ADD1.ADD1/CHAIN_GEN[6].C_MUX.CARRY_MUX_CARRY4_CARRY8/CO[7]
                         net (fo=1, unplaced)         0.005     6.241    u_warp_collective_core/u_reduce_f32_add/u_aec_fp32_fma/inst/i_synth/FMA_OP.OP/addsub/add/ALIGN_BLK/FRAC_ADDSUB/LOGIC_ADD.FRAC_ADDSUB/STRUCT_ADD1.ADD1/CHAIN_GEN[13].C_MUX.CARRY_MUX_n_0
                         CARRY8 (Prop_CARRY8_CI_CO[7])
                                                      0.022     6.263 r  u_warp_collective_core/u_reduce_f32_add/u_aec_fp32_fma/inst/i_synth/FMA_OP.OP/addsub/add/ALIGN_BLK/FRAC_ADDSUB/LOGIC_ADD.FRAC_ADDSUB/STRUCT_ADD1.ADD1/CHAIN_GEN[14].C_MUX.CARRY_MUX_CARRY4_CARRY8/CO[7]
                         net (fo=1, unplaced)         0.005     6.268    u_warp_collective_core/u_reduce_f32_add/u_aec_fp32_fma/inst/i_synth/FMA_OP.OP/addsub/add/ALIGN_BLK/FRAC_ADDSUB/LOGIC_ADD.FRAC_ADDSUB/STRUCT_ADD1.ADD1/CHAIN_GEN[21].C_MUX.CARRY_MUX_n_0
                         CARRY8 (Prop_CARRY8_CI_CO[7])
                                                      0.022     6.290 r  u_warp_collective_core/u_reduce_f32_add/u_aec_fp32_fma/inst/i_synth/FMA_OP.OP/addsub/add/ALIGN_BLK/FRAC_ADDSUB/LOGIC_ADD.FRAC_ADDSUB/STRUCT_ADD1.ADD1/CHAIN_GEN[22].C_MUX.CARRY_MUX_CARRY4_CARRY8/CO[7]
                         net (fo=1, unplaced)         0.005     6.295    u_warp_collective_core/u_reduce_f32_add/u_aec_fp32_fma/inst/i_synth/FMA_OP.OP/addsub/add/ALIGN_BLK/FRAC_ADDSUB/LOGIC_ADD.FRAC_ADDSUB/STRUCT_ADD2.ADD1/CHAIN_GEN[4].C_MUX.CARRY_MUX_n_0
                         CARRY8 (Prop_CARRY8_CI_CO[7])
                                                      0.022     6.317 r  u_warp_collective_core/u_reduce_f32_add/u_aec_fp32_fma/inst/i_synth/FMA_OP.OP/addsub/add/ALIGN_BLK/FRAC_ADDSUB/LOGIC_ADD.FRAC_ADDSUB/STRUCT_ADD2.ADD1/CHAIN_GEN[5].C_MUX.CARRY_MUX_CARRY4_CARRY8/CO[7]
                         net (fo=1, unplaced)         0.005     6.322    u_warp_collective_core/u_reduce_f32_add/u_aec_fp32_fma/inst/i_synth/FMA_OP.OP/addsub/add/ALIGN_BLK/FRAC_ADDSUB/LOGIC_ADD.FRAC_ADDSUB/STRUCT_ADD2.ADD1/CHAIN_GEN[12].C_MUX.CARRY_MUX_n_0
                         CARRY8 (Prop_CARRY8_CI_CO[7])
                                                      0.022     6.344 r  u_warp_collective_core/u_reduce_f32_add/u_aec_fp32_fma/inst/i_synth/FMA_OP.OP/addsub/add/ALIGN_BLK/FRAC_ADDSUB/LOGIC_ADD.FRAC_ADDSUB/STRUCT_ADD2.ADD1/CHAIN_GEN[13].C_MUX.CARRY_MUX_CARRY4_CARRY8/CO[7]
                         net (fo=1, unplaced)         0.005     6.349    u_warp_collective_core/u_reduce_f32_add/u_aec_fp32_fma/inst/i_synth/FMA_OP.OP/addsub/add/ALIGN_BLK/FRAC_ADDSUB/LOGIC_ADD.FRAC_ADDSUB/STRUCT_ADD2.ADD1/CHAIN_GEN[20].C_MUX.CARRY_MUX_n_0
                         CARRY8 (Prop_CARRY8_CI_O[4])
                                                      0.086     6.435 f  u_warp_collective_core/u_reduce_f32_add/u_aec_fp32_fma/inst/i_synth/FMA_OP.OP/addsub/add/ALIGN_BLK/FRAC_ADDSUB/LOGIC_ADD.FRAC_ADDSUB/STRUCT_ADD2.ADD1/CHAIN_GEN[21].C_MUX.CARRY_MUX_CARRY4_CARRY8/O[4]
                         net (fo=4, unplaced)         0.197     6.632    u_warp_collective_core/u_reduce_f32_add/u_aec_fp32_fma/inst/i_synth/FMA_OP.OP/addsub/add/ALIGN_BLK/FRAC_ADDSUB/LOGIC_ADD.FRAC_ADDSUB/STRUCT_ADD2.ADD1/Q[17]
                         LUT4 (Prop_LUT4_I0_O)        0.100     6.732 r  u_warp_collective_core/u_reduce_f32_add/u_aec_fp32_fma/inst/i_synth/FMA_OP.OP/addsub/add/ALIGN_BLK/FRAC_ADDSUB/LOGIC_ADD.FRAC_ADDSUB/STRUCT_ADD2.ADD1/CHAIN_GEN[0].C_MUX.CARRY_MUX_i_1__7/O
                         net (fo=1, unplaced)         0.020     6.752    u_warp_collective_core/u_reduce_f32_add/u_aec_fp32_fma/inst/i_synth/FMA_OP.OP/addsub/add/NORM/LZE/ZERO_DET_CC_1/chunk_is_zero[0]
                         CARRY8 (Prop_CARRY8_S[0]_CO[7])
                                                      0.199     6.951 r  u_warp_collective_core/u_reduce_f32_add/u_aec_fp32_fma/inst/i_synth/FMA_OP.OP/addsub/add/NORM/LZE/ZERO_DET_CC_1/CHAIN_GEN[0].C_MUX.CARRY_MUX_CARRY4_CARRY8/CO[7]
                         net (fo=68, unplaced)        0.290     7.241    u_warp_collective_core/u_reduce_f32_add/u_aec_fp32_fma/inst/i_synth/FMA_OP.OP/addsub/add/NORM/LZE/ZERO_DET_CC_1/CARRYS_OUT[1]
                         LUT6 (Prop_LUT6_I4_O)        0.038     7.279 r  u_warp_collective_core/u_reduce_f32_add/u_aec_fp32_fma/inst/i_synth/FMA_OP.OP/addsub/add/NORM/LZE/ZERO_DET_CC_1/CHAIN_GEN[1].C_MUX.CARRY_MUX_i_2__4/O
                         net (fo=60, unplaced)        0.215     7.494    u_warp_collective_core/u_reduce_f32_add/u_aec_fp32_fma/inst/i_synth/FMA_OP.OP/addsub/add/ALIGN_BLK/FRAC_ADDSUB/LOGIC_ADD.FRAC_ADDSUB/STRUCT_ADD1.ADD1/norm_dist[1]
                         LUT5 (Prop_LUT5_I1_O)        0.100     7.594 r  u_warp_collective_core/u_reduce_f32_add/u_aec_fp32_fma/inst/i_synth/FMA_OP.OP/addsub/add/ALIGN_BLK/FRAC_ADDSUB/LOGIC_ADD.FRAC_ADDSUB/STRUCT_ADD1.ADD1/norm_exp_carry_i_12/O
                         net (fo=1, unplaced)         0.141     7.735    u_warp_collective_core/u_reduce_f32_add/u_aec_fp32_fma/inst/i_synth/FMA_OP.OP/addsub/add/ALIGN_BLK/FRAC_ADDSUB/LOGIC_ADD.FRAC_ADDSUB/STRUCT_ADD2.ADD1/RESULT_REG.NORMAL.mant_op[21]_i_12
                         LUT6 (Prop_LUT6_I1_O)        0.100     7.835 r  u_warp_collective_core/u_reduce_f32_add/u_aec_fp32_fma/inst/i_synth/FMA_OP.OP/addsub/add/ALIGN_BLK/FRAC_ADDSUB/LOGIC_ADD.FRAC_ADDSUB/STRUCT_ADD2.ADD1/norm_exp_carry_i_9/O
                         net (fo=7, unplaced)         0.210     8.045    u_warp_collective_core/u_reduce_f32_add/u_aec_fp32_fma/inst/i_synth/FMA_OP.OP/addsub/add/EXP/EXP_OFF.STRUCT_ADD/norm_dist[1]
                         LUT2 (Prop_LUT2_I1_O)        0.037     8.082 r  u_warp_collective_core/u_reduce_f32_add/u_aec_fp32_fma/inst/i_synth/FMA_OP.OP/addsub/add/EXP/EXP_OFF.STRUCT_ADD/norm_exp_carry_i_7/O
                         net (fo=1, unplaced)         0.023     8.105    u_warp_collective_core/u_reduce_f32_add/u_aec_fp32_fma/inst/i_synth/FMA_OP.OP/addsub/add/EXP/EXP_OFF.STRUCT_ADD_n_5
                         CARRY8 (Prop_CARRY8_S[1]_O[6])
                                                      0.224     8.329 r  u_warp_collective_core/u_reduce_f32_add/u_aec_fp32_fma/inst/i_synth/FMA_OP.OP/addsub/add/EXP/norm_exp_carry/O[6]
                         net (fo=4, unplaced)         0.103     8.432    u_warp_collective_core/u_reduce_f32_add/u_aec_fp32_fma/inst/i_synth/FMA_OP.OP/addsub/add/EXP/exp_op[6]
                         LUT4 (Prop_LUT4_I0_O)        0.139     8.571 r  u_warp_collective_core/u_reduce_f32_add/u_aec_fp32_fma/inst/i_synth/FMA_OP.OP/addsub/add/EXP/RESULT_REG.NORMAL.mant_op[21]_i_22/O
                         net (fo=2, unplaced)         0.185     8.756    u_warp_collective_core/u_reduce_f32_add/u_aec_fp32_fma/inst/i_synth/FMA_OP.OP/addsub/add/EXP/EXP_OFF.STRUCT_ADD/RESULT_REG.NORMAL.mant_op[21]_i_5_0
                         LUT6 (Prop_LUT6_I2_O)        0.038     8.794 r  u_warp_collective_core/u_reduce_f32_add/u_aec_fp32_fma/inst/i_synth/FMA_OP.OP/addsub/add/EXP/EXP_OFF.STRUCT_ADD/RESULT_REG.NORMAL.mant_op[21]_i_17/O
                         net (fo=4, unplaced)         0.152     8.946    u_warp_collective_core/u_reduce_f32_add/u_aec_fp32_fma/inst/i_synth/FMA_OP.OP/addsub/add/EXP/EXP_OFF.STRUCT_ADD/conv_exp.downsize_exp/exp_flt_all_one_rnd
                         LUT3 (Prop_LUT3_I0_O)        0.112     9.058 r  u_warp_collective_core/u_reduce_f32_add/u_aec_fp32_fma/inst/i_synth/FMA_OP.OP/addsub/add/EXP/EXP_OFF.STRUCT_ADD/RESULT_REG.NORMAL.mant_op[22]_i_2/O
                         net (fo=6, unplaced)         0.207     9.265    u_warp_collective_core/u_reduce_f32_add/u_aec_fp32_fma/inst/i_synth/FMA_OP.OP/addsub/add/EXP/EXP_OFF.STRUCT_ADD/conv_exp.downsize_exp/state_rnd__5[0]
                         LUT3 (Prop_LUT3_I2_O)        0.038     9.303 r  u_warp_collective_core/u_reduce_f32_add/u_aec_fp32_fma/inst/i_synth/FMA_OP.OP/addsub/add/EXP/EXP_OFF.STRUCT_ADD/RESULT_REG.NORMAL.exp_op[2]_i_2/O
                         net (fo=5, unplaced)         0.203     9.506    u_warp_collective_core/u_reduce_f32_add/u_aec_fp32_fma/inst/i_synth/FMA_OP.OP/addsub/add/EXP/EXP_OFF.STRUCT_ADD/op_state[0]
                         LUT6 (Prop_LUT6_I4_O)        0.038     9.544 r  u_warp_collective_core/u_reduce_f32_add/u_aec_fp32_fma/inst/i_synth/FMA_OP.OP/addsub/add/EXP/EXP_OFF.STRUCT_ADD/RESULT_REG.NORMAL.mant_op[21]_i_1/O
                         net (fo=22, unplaced)        0.237     9.781    u_warp_collective_core/u_reduce_f32_add/u_aec_fp32_fma/inst/i_synth/FMA_OP.OP/addsub/add/OP/RESULT_REG.NORMAL.mant_op_reg[21]_0
                         FDRE                                         r  u_warp_collective_core/u_reduce_f32_add/u_aec_fp32_fma/inst/i_synth/FMA_OP.OP/addsub/add/OP/RESULT_REG.NORMAL.mant_op_reg[0]/R
  -------------------------------------------------------------------    -------------------

                         (clock clk_i rise edge)      5.556     5.556 r  
                                                      0.000     5.556 r  clk_i (IN)
                         net (fo=37177, unset)        0.020     5.576    u_warp_collective_core/u_reduce_f32_add/u_aec_fp32_fma/inst/i_synth/FMA_OP.OP/addsub/add/OP/aclk
                         FDRE                                         r  u_warp_collective_core/u_reduce_f32_add/u_aec_fp32_fma/inst/i_synth/FMA_OP.OP/addsub/add/OP/RESULT_REG.NORMAL.mant_op_reg[0]/C
                         clock pessimism              0.000     5.576    
                         clock uncertainty           -0.035     5.541    
                         FDRE (Setup_FDRE_C_R)       -0.074     5.467    u_warp_collective_core/u_reduce_f32_add/u_aec_fp32_fma/inst/i_synth/FMA_OP.OP/addsub/add/OP/RESULT_REG.NORMAL.mant_op_reg[0]
  -------------------------------------------------------------------
                         required time                          5.467    
                         arrival time                          -9.781    
  -------------------------------------------------------------------
                         slack                                 -4.314    

Slack (VIOLATED) :        -4.314ns  (required time - arrival time)
  Source:                 u_warp_collective_core/lane_val_q_reg[6][10]/C
                            (rising edge-triggered cell FDCE clocked by clk_i  {rise@0.000ns fall@2.778ns period=5.556ns})
  Destination:            u_warp_collective_core/u_reduce_f32_add/u_aec_fp32_fma/inst/i_synth/FMA_OP.OP/addsub/add/OP/RESULT_REG.NORMAL.mant_op_reg[10]/R
                            (rising edge-triggered cell FDRE clocked by clk_i  {rise@0.000ns fall@2.778ns period=5.556ns})
  Path Group:             clk_i
  Path Type:              Setup (Max at Slow Process Corner)
  Requirement:            5.556ns  (clk_i rise@5.556ns - clk_i rise@0.000ns)
  Data Path Delay:        9.753ns  (logic 5.150ns (52.804%)  route 4.603ns (47.196%))
  Logic Levels:           44  (CARRY8=13 DSP_A_B_DATA=1 DSP_ALU=2 DSP_M_DATA=1 DSP_MULTIPLIER=1 DSP_OUTPUT=2 DSP_PREADD_DATA=1 LUT2=1 LUT3=2 LUT4=5 LUT5=2 LUT6=9 MUXF7=2 MUXF8=2)
  Clock Path Skew:        -0.008ns (DCD - SCD + CPR)
    Destination Clock Delay (DCD):    0.020ns = ( 5.576 - 5.556 ) 
    Source Clock Delay      (SCD):    0.028ns
    Clock Pessimism Removal (CPR):    0.000ns
  Clock Uncertainty:      0.035ns  ((TSJ^2 + TIJ^2)^1/2 + DJ) / 2 + PE
    Total System Jitter     (TSJ):    0.071ns
    Total Input Jitter      (TIJ):    0.000ns
    Discrete Jitter          (DJ):    0.000ns
    Phase Error              (PE):    0.000ns

    Location             Delay type                Incr(ns)  Path(ns)    Netlist Resource(s)
  -------------------------------------------------------------------    -------------------
                         (clock clk_i rise edge)      0.000     0.000 r  
                                                      0.000     0.000 r  clk_i (IN)
                         net (fo=37177, unset)        0.028     0.028    u_warp_collective_core/clk_i
                         FDCE                                         r  u_warp_collective_core/lane_val_q_reg[6][10]/C
  -------------------------------------------------------------------    -------------------
                         FDCE (Prop_FDCE_C_Q)         0.077     0.105 f  u_warp_collective_core/lane_val_q_reg[6][10]/Q
                         net (fo=35, unplaced)        0.216     0.321    u_warp_collective_core/u_reduce_f32_add/u_aec_fp32_fma_i_66_0[10]
                         LUT6 (Prop_LUT6_I0_O)        0.145     0.466 f  u_warp_collective_core/u_reduce_f32_add/u_aec_fp32_fma_i_344/O
                         net (fo=1, unplaced)         0.032     0.498    u_warp_collective_core/u_reduce_f32_add/u_aec_fp32_fma_i_344_n_0
                         MUXF7 (Prop_MUXF7_I0_O)      0.069     0.567 f  u_warp_collective_core/u_reduce_f32_add/u_aec_fp32_fma_i_108/O
                         net (fo=1, unplaced)         0.000     0.567    u_warp_collective_core/u_reduce_f32_add/u_aec_fp32_fma_i_108_n_0
                         MUXF8 (Prop_MUXF8_I0_O)      0.030     0.597 f  u_warp_collective_core/u_reduce_f32_add/u_aec_fp32_fma_i_23/O
                         net (fo=11, unplaced)        0.244     0.841    u_warp_collective_core/u_reduce_f32_add/u_aec_fp32_fma/inst/i_synth/FMA_OP.OP/mul/MULT/gDSP.gDSP_only.iDSP/use_prim.appDSP48[0].bppDSP48[0].use_dsp.use_dsp48e2.iDSP48E2/B[10]
                         DSP_A_B_DATA (Prop_DSP_A_B_DATA_B[10]_B2_DATA[10])
                                                      0.151     0.992 r  u_warp_collective_core/u_reduce_f32_add/u_aec_fp32_fma/inst/i_synth/FMA_OP.OP/mul/MULT/gDSP.gDSP_only.iDSP/use_prim.appDSP48[0].bppDSP48[0].use_dsp.use_dsp48e2.iDSP48E2/DSP_A_B_DATA_INST/B2_DATA[10]
                         net (fo=1, unplaced)         0.000     0.992    u_warp_collective_core/u_reduce_f32_add/u_aec_fp32_fma/inst/i_synth/FMA_OP.OP/mul/MULT/gDSP.gDSP_only.iDSP/use_prim.appDSP48[0].bppDSP48[0].use_dsp.use_dsp48e2.iDSP48E2/DSP_A_B_DATA.B2_DATA<10>
                         DSP_PREADD_DATA (Prop_DSP_PREADD_DATA_B2_DATA[10]_B2B1[10])
                                                      0.073     1.065 r  u_warp_collective_core/u_reduce_f32_add/u_aec_fp32_fma/inst/i_synth/FMA_OP.OP/mul/MULT/gDSP.gDSP_only.iDSP/use_prim.appDSP48[0].bppDSP48[0].use_dsp.use_dsp48e2.iDSP48E2/DSP_PREADD_DATA_INST/B2B1[10]
                         net (fo=1, unplaced)         0.000     1.065    u_warp_collective_core/u_reduce_f32_add/u_aec_fp32_fma/inst/i_synth/FMA_OP.OP/mul/MULT/gDSP.gDSP_only.iDSP/use_prim.appDSP48[0].bppDSP48[0].use_dsp.use_dsp48e2.iDSP48E2/DSP_PREADD_DATA.B2B1<10>
                         DSP_MULTIPLIER (Prop_DSP_MULTIPLIER_B2B1[10]_V[39])
                                                      0.609     1.674 f  u_warp_collective_core/u_reduce_f32_add/u_aec_fp32_fma/inst/i_synth/FMA_OP.OP/mul/MULT/gDSP.gDSP_only.iDSP/use_prim.appDSP48[0].bppDSP48[0].use_dsp.use_dsp48e2.iDSP48E2/DSP_MULTIPLIER_INST/V[39]
                         net (fo=1, unplaced)         0.000     1.674    u_warp_collective_core/u_reduce_f32_add/u_aec_fp32_fma/inst/i_synth/FMA_OP.OP/mul/MULT/gDSP.gDSP_only.iDSP/use_prim.appDSP48[0].bppDSP48[0].use_dsp.use_dsp48e2.iDSP48E2/DSP_MULTIPLIER.V<39>
                         DSP_M_DATA (Prop_DSP_M_DATA_V[39]_V_DATA[39])
                                                      0.046     1.720 r  u_warp_collective_core/u_reduce_f32_add/u_aec_fp32_fma/inst/i_synth/FMA_OP.OP/mul/MULT/gDSP.gDSP_only.iDSP/use_prim.appDSP48[0].bppDSP48[0].use_dsp.use_dsp48e2.iDSP48E2/DSP_M_DATA_INST/V_DATA[39]
                         net (fo=1, unplaced)         0.000     1.720    u_warp_collective_core/u_reduce_f32_add/u_aec_fp32_fma/inst/i_synth/FMA_OP.OP/mul/MULT/gDSP.gDSP_only.iDSP/use_prim.appDSP48[0].bppDSP48[0].use_dsp.use_dsp48e2.iDSP48E2/DSP_M_DATA.V_DATA<39>
                         DSP_ALU (Prop_DSP_ALU_V_DATA[39]_ALU_OUT[47])
                                                      0.571     2.291 f  u_warp_collective_core/u_reduce_f32_add/u_aec_fp32_fma/inst/i_synth/FMA_OP.OP/mul/MULT/gDSP.gDSP_only.iDSP/use_prim.appDSP48[0].bppDSP48[0].use_dsp.use_dsp48e2.iDSP48E2/DSP_ALU_INST/ALU_OUT[47]
                         net (fo=1, unplaced)         0.000     2.291    u_warp_collective_core/u_reduce_f32_add/u_aec_fp32_fma/inst/i_synth/FMA_OP.OP/mul/MULT/gDSP.gDSP_only.iDSP/use_prim.appDSP48[0].bppDSP48[0].use_dsp.use_dsp48e2.iDSP48E2/DSP_ALU.ALU_OUT<47>
                         DSP_OUTPUT (Prop_DSP_OUTPUT_ALU_OUT[47]_PCOUT[47])
                                                      0.122     2.413 r  u_warp_collective_core/u_reduce_f32_add/u_aec_fp32_fma/inst/i_synth/FMA_OP.OP/mul/MULT/gDSP.gDSP_only.iDSP/use_prim.appDSP48[0].bppDSP48[0].use_dsp.use_dsp48e2.iDSP48E2/DSP_OUTPUT_INST/PCOUT[47]
                         net (fo=1, unplaced)         0.014     2.427    u_warp_collective_core/u_reduce_f32_add/u_aec_fp32_fma/inst/i_synth/FMA_OP.OP/mul/MULT/gDSP.gDSP_only.iDSP/use_prim.appDSP48[0].bppDSP48[1].use_dsp.use_dsp48e2.iDSP48E2/PCIN[47]
                         DSP_ALU (Prop_DSP_ALU_PCIN[47]_ALU_OUT[15])
                                                      0.546     2.973 f  u_warp_collective_core/u_reduce_f32_add/u_aec_fp32_fma/inst/i_synth/FMA_OP.OP/mul/MULT/gDSP.gDSP_only.iDSP/use_prim.appDSP48[0].bppDSP48[1].use_dsp.use_dsp48e2.iDSP48E2/DSP_ALU_INST/ALU_OUT[15]
                         net (fo=1, unplaced)         0.000     2.973    u_warp_collective_core/u_reduce_f32_add/u_aec_fp32_fma/inst/i_synth/FMA_OP.OP/mul/MULT/gDSP.gDSP_only.iDSP/use_prim.appDSP48[0].bppDSP48[1].use_dsp.use_dsp48e2.iDSP48E2/DSP_ALU.ALU_OUT<15>
                         DSP_OUTPUT (Prop_DSP_OUTPUT_ALU_OUT[15]_P[15])
                                                      0.109     3.082 r  u_warp_collective_core/u_reduce_f32_add/u_aec_fp32_fma/inst/i_synth/FMA_OP.OP/mul/MULT/gDSP.gDSP_only.iDSP/use_prim.appDSP48[0].bppDSP48[1].use_dsp.use_dsp48e2.iDSP48E2/DSP_OUTPUT_INST/P[15]
                         net (fo=8, unplaced)         0.236     3.318    u_warp_collective_core/u_reduce_f32_add/u_aec_fp32_fma/inst/i_synth/FMA_OP.OP/mul/mul_result_wide[32]
                         LUT4 (Prop_LUT4_I1_O)        0.139     3.457 f  u_warp_collective_core/u_reduce_f32_add/u_aec_fp32_fma/inst/i_synth/FMA_OP.OP/mul/CHAIN_GEN[16].C_MUX.CARRY_MUX_i_2__2/O
                         net (fo=1, unplaced)         0.242     3.699    u_warp_collective_core/u_reduce_f32_add/u_aec_fp32_fma/inst/i_synth/FMA_OP.OP/addsub/add/EXP/NUMB_CMP1/NOT_FAST.CMP/C_CHAIN/CHAIN_GEN[23].C_MUX.CARRY_MUX_1[4]
                         CARRY8 (Prop_CARRY8_DI[0]_CO[7])
                                                      0.140     3.839 f  u_warp_collective_core/u_reduce_f32_add/u_aec_fp32_fma/inst/i_synth/FMA_OP.OP/addsub/add/EXP/NUMB_CMP1/NOT_FAST.CMP/C_CHAIN/CHAIN_GEN[16].C_MUX.CARRY_MUX_CARRY4_CARRY8/CO[7]
                         net (fo=1, unplaced)         0.005     3.844    u_warp_collective_core/u_reduce_f32_add/u_aec_fp32_fma/inst/i_synth/FMA_OP.OP/addsub/add/EXP/NUMB_CMP1/NOT_FAST.CMP/C_CHAIN/CHAIN_GEN[23].C_MUX.CARRY_MUX_n_0
                         CARRY8 (Prop_CARRY8_CI_CO[4])
                                                      0.092     3.936 f  u_warp_collective_core/u_reduce_f32_add/u_aec_fp32_fma/inst/i_synth/FMA_OP.OP/addsub/add/EXP/NUMB_CMP1/NOT_FAST.CMP/C_CHAIN/CHAIN_GEN[24].C_MUX.CARRY_MUX_CARRY4_CARRY8/CO[4]
                         net (fo=2, unplaced)         0.183     4.119    u_warp_collective_core/u_reduce_f32_add/u_aec_fp32_fma/inst/i_synth/FMA_OP.OP/addsub/add/EXP/NUMB_CMP0/NOT_FAST.CMP/C_CHAIN/CHAIN_GEN[0].C_MUX.CARRY_MUX_1[0]
                         LUT5 (Prop_LUT5_I4_O)        0.038     4.157 f  u_warp_collective_core/u_reduce_f32_add/u_aec_fp32_fma/inst/i_synth/FMA_OP.OP/addsub/add/EXP/NUMB_CMP0/NOT_FAST.CMP/C_CHAIN/CHAIN_GEN[0].C_MUX.CARRY_MUX_i_2__7/O
                         net (fo=52, unplaced)        0.256     4.413    u_warp_collective_core/u_reduce_f32_add/u_aec_fp32_fma/inst/i_synth/FMA_OP.OP/mul/b_largest
                         LUT6 (Prop_LUT6_I4_O)        0.038     4.451 f  u_warp_collective_core/u_reduce_f32_add/u_aec_fp32_fma/inst/i_synth/FMA_OP.OP/mul/CHAIN_GEN[1].C_MUX.CARRY_MUX_i_2__0/O
                         net (fo=3, unplaced)         0.147     4.598    u_warp_collective_core/u_reduce_f32_add/u_aec_fp32_fma/inst/i_synth/FMA_OP.OP/mul/sml_shift_mux__95[4]
                         LUT4 (Prop_LUT4_I0_O)        0.100     4.698 r  u_warp_collective_core/u_reduce_f32_add/u_aec_fp32_fma/inst/i_synth/FMA_OP.OP/mul/CHAIN_GEN[1].C_MUX.CARRY_MUX_i_1__2/O
                         net (fo=1, unplaced)         0.023     4.721    u_warp_collective_core/u_reduce_f32_add/u_aec_fp32_fma/inst/i_synth/FMA_OP.OP/addsub/add/ALIGN_BLK/aligner.ALIGN_SHIFT/ALIGN_Z_D/EQ_ZERO/CARRY_ZERO_DET/CHAIN_GEN[11].C_MUX.CARRY_MUX_0[1]
                         CARRY8 (Prop_CARRY8_S[1]_CO[7])
                                                      0.197     4.918 r  u_warp_collective_core/u_reduce_f32_add/u_aec_fp32_fma/inst/i_synth/FMA_OP.OP/addsub/add/ALIGN_BLK/aligner.ALIGN_SHIFT/ALIGN_Z_D/EQ_ZERO/CARRY_ZERO_DET/CHAIN_GEN[0].C_MUX.CARRY_MUX_CARRY4_CARRY8/CO[7]
                         net (fo=2, unplaced)         0.005     4.923    u_warp_collective_core/u_reduce_f32_add/u_aec_fp32_fma/inst/i_synth/FMA_OP.OP/addsub/add/ALIGN_BLK/aligner.ALIGN_SHIFT/ALIGN_Z_D/EQ_ZERO/CARRY_ZERO_DET/CARRYS_OUT[7]
                         CARRY8 (Prop_CARRY8_CI_CO[2])
                                                      0.057     4.980 r  u_warp_collective_core/u_reduce_f32_add/u_aec_fp32_fma/inst/i_synth/FMA_OP.OP/addsub/add/ALIGN_BLK/aligner.ALIGN_SHIFT/ALIGN_Z_D/EQ_ZERO/CARRY_ZERO_DET/CHAIN_GEN[8].C_MUX.CARRY_MUX_CARRY4_CARRY8/CO[2]
                         net (fo=1, unplaced)         0.185     5.165    u_warp_collective_core/u_reduce_f32_add/u_aec_fp32_fma/inst/i_synth/FMA_OP.OP/addsub/add/EXP/bma_exp_cc/CARRYS_OUT[10]
                         LUT6 (Prop_LUT6_I0_O)        0.038     5.203 r  u_warp_collective_core/u_reduce_f32_add/u_aec_fp32_fma/inst/i_synth/FMA_OP.OP/addsub/add/EXP/bma_exp_cc/MUX_LOOP[2].OTHER_LEVELS.DO_CHUNKS[0].LUT6_STRUCT_MUX.MUX1_i_7/O
                         net (fo=1, unplaced)         0.185     5.388    u_warp_collective_core/u_reduce_f32_add/u_aec_fp32_fma/inst/i_synth/FMA_OP.OP/addsub/add/EXP/bma_exp_cc/MUX_LOOP[2].OTHER_LEVELS.DO_CHUNKS[0].LUT6_STRUCT_MUX.MUX1_i_7_n_0
                         LUT6 (Prop_LUT6_I5_O)        0.038     5.426 r  u_warp_collective_core/u_reduce_f32_add/u_aec_fp32_fma/inst/i_synth/FMA_OP.OP/addsub/add/EXP/bma_exp_cc/MUX_LOOP[2].OTHER_LEVELS.DO_CHUNKS[0].LUT6_STRUCT_MUX.MUX1_i_3/O
                         net (fo=1, unplaced)         0.185     5.611    u_warp_collective_core/u_reduce_f32_add/u_aec_fp32_fma/inst/i_synth/FMA_OP.OP/addsub/add/EXP/bma_exp_cc/MUX_LOOP[2].OTHER_LEVELS.DO_CHUNKS[0].LUT6_STRUCT_MUX.MUX1_i_3_n_0
                         LUT6 (Prop_LUT6_I0_O)        0.037     5.648 r  u_warp_collective_core/u_reduce_f32_add/u_aec_fp32_fma/inst/i_synth/FMA_OP.OP/addsub/add/EXP/bma_exp_cc/MUX_LOOP[2].OTHER_LEVELS.DO_CHUNKS[0].LUT6_STRUCT_MUX.MUX1_i_1/O
                         net (fo=1, unplaced)         0.024     5.672    u_warp_collective_core/u_reduce_f32_add/u_aec_fp32_fma/inst/i_synth/FMA_OP.OP/addsub/add/ALIGN_BLK/aligner.ALIGN_SHIFT/ALIGN_Z_D/zero_det_unreg[1]_0[2]
                         MUXF7 (Prop_MUXF7_I0_O)      0.067     5.739 r  u_warp_collective_core/u_reduce_f32_add/u_aec_fp32_fma/inst/i_synth/FMA_OP.OP/addsub/add/ALIGN_BLK/aligner.ALIGN_SHIFT/ALIGN_Z_D/MUX_LOOP[2].OTHER_LEVELS.DO_CHUNKS[0].LUT6_STRUCT_MUX.MUX1/O
                         net (fo=1, unplaced)         0.000     5.739    u_warp_collective_core/u_reduce_f32_add/u_aec_fp32_fma/inst/i_synth/FMA_OP.OP/addsub/add/ALIGN_BLK/aligner.ALIGN_SHIFT/ALIGN_Z_D/MUX_LOOP[2].OTHER_LEVELS.DO_CHUNKS[0].LUT6_STRUCT_MUX.mux0_1
                         MUXF8 (Prop_MUXF8_I1_O)      0.028     5.767 r  u_warp_collective_core/u_reduce_f32_add/u_aec_fp32_fma/inst/i_synth/FMA_OP.OP/addsub/add/ALIGN_BLK/aligner.ALIGN_SHIFT/ALIGN_Z_D/MUX_LOOP[2].OTHER_LEVELS.DO_CHUNKS[0].LUT6_STRUCT_MUX.MUX2/O
                         net (fo=2, unplaced)         0.185     5.952    u_warp_collective_core/u_reduce_f32_add/u_aec_fp32_fma/inst/i_synth/FMA_OP.OP/addsub/add/ALIGN_BLK/aligner.ALIGN_SHIFT/ALIGN_Z_D/zeros_z_det_a
                         LUT4 (Prop_LUT4_I1_O)        0.037     5.989 r  u_warp_collective_core/u_reduce_f32_add/u_aec_fp32_fma/inst/i_synth/FMA_OP.OP/addsub/add/ALIGN_BLK/aligner.ALIGN_SHIFT/ALIGN_Z_D/STRUCT_ADD1.CARRY_MUX2_i_1/O
                         net (fo=1, unplaced)         0.023     6.012    u_warp_collective_core/u_reduce_f32_add/u_aec_fp32_fma/inst/i_synth/FMA_OP.OP/addsub/add/ALIGN_BLK/FRAC_ADDSUB/LOGIC_ADD.FRAC_ADDSUB/STRUCT_ADD1.CARRY_MUX2_0
                         CARRY8 (Prop_CARRY8_S[1]_CO[7])
                                                      0.197     6.209 r  u_warp_collective_core/u_reduce_f32_add/u_aec_fp32_fma/inst/i_synth/FMA_OP.OP/addsub/add/ALIGN_BLK/FRAC_ADDSUB/LOGIC_ADD.FRAC_ADDSUB/STRUCT_ADD1.CARRY_MUX1_CARRY4_CARRY8/CO[7]
                         net (fo=1, unplaced)         0.005     6.214    u_warp_collective_core/u_reduce_f32_add/u_aec_fp32_fma/inst/i_synth/FMA_OP.OP/addsub/add/ALIGN_BLK/FRAC_ADDSUB/LOGIC_ADD.FRAC_ADDSUB/STRUCT_ADD1.ADD1/CHAIN_GEN[5].C_MUX.CARRY_MUX_n_0
                         CARRY8 (Prop_CARRY8_CI_CO[7])
                                                      0.022     6.236 r  u_warp_collective_core/u_reduce_f32_add/u_aec_fp32_fma/inst/i_synth/FMA_OP.OP/addsub/add/ALIGN_BLK/FRAC_ADDSUB/LOGIC_ADD.FRAC_ADDSUB/STRUCT_ADD1.ADD1/CHAIN_GEN[6].C_MUX.CARRY_MUX_CARRY4_CARRY8/CO[7]
                         net (fo=1, unplaced)         0.005     6.241    u_warp_collective_core/u_reduce_f32_add/u_aec_fp32_fma/inst/i_synth/FMA_OP.OP/addsub/add/ALIGN_BLK/FRAC_ADDSUB/LOGIC_ADD.FRAC_ADDSUB/STRUCT_ADD1.ADD1/CHAIN_GEN[13].C_MUX.CARRY_MUX_n_0
                         CARRY8 (Prop_CARRY8_CI_CO[7])
                                                      0.022     6.263 r  u_warp_collective_core/u_reduce_f32_add/u_aec_fp32_fma/inst/i_synth/FMA_OP.OP/addsub/add/ALIGN_BLK/FRAC_ADDSUB/LOGIC_ADD.FRAC_ADDSUB/STRUCT_ADD1.ADD1/CHAIN_GEN[14].C_MUX.CARRY_MUX_CARRY4_CARRY8/CO[7]
                         net (fo=1, unplaced)         0.005     6.268    u_warp_collective_core/u_reduce_f32_add/u_aec_fp32_fma/inst/i_synth/FMA_OP.OP/addsub/add/ALIGN_BLK/FRAC_ADDSUB/LOGIC_ADD.FRAC_ADDSUB/STRUCT_ADD1.ADD1/CHAIN_GEN[21].C_MUX.CARRY_MUX_n_0
                         CARRY8 (Prop_CARRY8_CI_CO[7])
                                                      0.022     6.290 r  u_warp_collective_core/u_reduce_f32_add/u_aec_fp32_fma/inst/i_synth/FMA_OP.OP/addsub/add/ALIGN_BLK/FRAC_ADDSUB/LOGIC_ADD.FRAC_ADDSUB/STRUCT_ADD1.ADD1/CHAIN_GEN[22].C_MUX.CARRY_MUX_CARRY4_CARRY8/CO[7]
                         net (fo=1, unplaced)         0.005     6.295    u_warp_collective_core/u_reduce_f32_add/u_aec_fp32_fma/inst/i_synth/FMA_OP.OP/addsub/add/ALIGN_BLK/FRAC_ADDSUB/LOGIC_ADD.FRAC_ADDSUB/STRUCT_ADD2.ADD1/CHAIN_GEN[4].C_MUX.CARRY_MUX_n_0
                         CARRY8 (Prop_CARRY8_CI_CO[7])
                                                      0.022     6.317 r  u_warp_collective_core/u_reduce_f32_add/u_aec_fp32_fma/inst/i_synth/FMA_OP.OP/addsub/add/ALIGN_BLK/FRAC_ADDSUB/LOGIC_ADD.FRAC_ADDSUB/STRUCT_ADD2.ADD1/CHAIN_GEN[5].C_MUX.CARRY_MUX_CARRY4_CARRY8/CO[7]
                         net (fo=1, unplaced)         0.005     6.322    u_warp_collective_core/u_reduce_f32_add/u_aec_fp32_fma/inst/i_synth/FMA_OP.OP/addsub/add/ALIGN_BLK/FRAC_ADDSUB/LOGIC_ADD.FRAC_ADDSUB/STRUCT_ADD2.ADD1/CHAIN_GEN[12].C_MUX.CARRY_MUX_n_0
                         CARRY8 (Prop_CARRY8_CI_CO[7])
                                                      0.022     6.344 r  u_warp_collective_core/u_reduce_f32_add/u_aec_fp32_fma/inst/i_synth/FMA_OP.OP/addsub/add/ALIGN_BLK/FRAC_ADDSUB/LOGIC_ADD.FRAC_ADDSUB/STRUCT_ADD2.ADD1/CHAIN_GEN[13].C_MUX.CARRY_MUX_CARRY4_CARRY8/CO[7]
                         net (fo=1, unplaced)         0.005     6.349    u_warp_collective_core/u_reduce_f32_add/u_aec_fp32_fma/inst/i_synth/FMA_OP.OP/addsub/add/ALIGN_BLK/FRAC_ADDSUB/LOGIC_ADD.FRAC_ADDSUB/STRUCT_ADD2.ADD1/CHAIN_GEN[20].C_MUX.CARRY_MUX_n_0
                         CARRY8 (Prop_CARRY8_CI_O[4])
                                                      0.086     6.435 f  u_warp_collective_core/u_reduce_f32_add/u_aec_fp32_fma/inst/i_synth/FMA_OP.OP/addsub/add/ALIGN_BLK/FRAC_ADDSUB/LOGIC_ADD.FRAC_ADDSUB/STRUCT_ADD2.ADD1/CHAIN_GEN[21].C_MUX.CARRY_MUX_CARRY4_CARRY8/O[4]
                         net (fo=4, unplaced)         0.197     6.632    u_warp_collective_core/u_reduce_f32_add/u_aec_fp32_fma/inst/i_synth/FMA_OP.OP/addsub/add/ALIGN_BLK/FRAC_ADDSUB/LOGIC_ADD.FRAC_ADDSUB/STRUCT_ADD2.ADD1/Q[17]
                         LUT4 (Prop_LUT4_I0_O)        0.100     6.732 r  u_warp_collective_core/u_reduce_f32_add/u_aec_fp32_fma/inst/i_synth/FMA_OP.OP/addsub/add/ALIGN_BLK/FRAC_ADDSUB/LOGIC_ADD.FRAC_ADDSUB/STRUCT_ADD2.ADD1/CHAIN_GEN[0].C_MUX.CARRY_MUX_i_1__7/O
                         net (fo=1, unplaced)         0.020     6.752    u_warp_collective_core/u_reduce_f32_add/u_aec_fp32_fma/inst/i_synth/FMA_OP.OP/addsub/add/NORM/LZE/ZERO_DET_CC_1/chunk_is_zero[0]
                         CARRY8 (Prop_CARRY8_S[0]_CO[7])
                                                      0.199     6.951 r  u_warp_collective_core/u_reduce_f32_add/u_aec_fp32_fma/inst/i_synth/FMA_OP.OP/addsub/add/NORM/LZE/ZERO_DET_CC_1/CHAIN_GEN[0].C_MUX.CARRY_MUX_CARRY4_CARRY8/CO[7]
                         net (fo=68, unplaced)        0.290     7.241    u_warp_collective_core/u_reduce_f32_add/u_aec_fp32_fma/inst/i_synth/FMA_OP.OP/addsub/add/NORM/LZE/ZERO_DET_CC_1/CARRYS_OUT[1]
                         LUT6 (Prop_LUT6_I4_O)        0.038     7.279 r  u_warp_collective_core/u_reduce_f32_add/u_aec_fp32_fma/inst/i_synth/FMA_OP.OP/addsub/add/NORM/LZE/ZERO_DET_CC_1/CHAIN_GEN[1].C_MUX.CARRY_MUX_i_2__4/O
                         net (fo=60, unplaced)        0.215     7.494    u_warp_collective_core/u_reduce_f32_add/u_aec_fp32_fma/inst/i_synth/FMA_OP.OP/addsub/add/ALIGN_BLK/FRAC_ADDSUB/LOGIC_ADD.FRAC_ADDSUB/STRUCT_ADD1.ADD1/norm_dist[1]
                         LUT5 (Prop_LUT5_I1_O)        0.100     7.594 r  u_warp_collective_core/u_reduce_f32_add/u_aec_fp32_fma/inst/i_synth/FMA_OP.OP/addsub/add/ALIGN_BLK/FRAC_ADDSUB/LOGIC_ADD.FRAC_ADDSUB/STRUCT_ADD1.ADD1/norm_exp_carry_i_12/O
                         net (fo=1, unplaced)         0.141     7.735    u_warp_collective_core/u_reduce_f32_add/u_aec_fp32_fma/inst/i_synth/FMA_OP.OP/addsub/add/ALIGN_BLK/FRAC_ADDSUB/LOGIC_ADD.FRAC_ADDSUB/STRUCT_ADD2.ADD1/RESULT_REG.NORMAL.mant_op[21]_i_12
                         LUT6 (Prop_LUT6_I1_O)        0.100     7.835 r  u_warp_collective_core/u_reduce_f32_add/u_aec_fp32_fma/inst/i_synth/FMA_OP.OP/addsub/add/ALIGN_BLK/FRAC_ADDSUB/LOGIC_ADD.FRAC_ADDSUB/STRUCT_ADD2.ADD1/norm_exp_carry_i_9/O
                         net (fo=7, unplaced)         0.210     8.045    u_warp_collective_core/u_reduce_f32_add/u_aec_fp32_fma/inst/i_synth/FMA_OP.OP/addsub/add/EXP/EXP_OFF.STRUCT_ADD/norm_dist[1]
                         LUT2 (Prop_LUT2_I1_O)        0.037     8.082 r  u_warp_collective_core/u_reduce_f32_add/u_aec_fp32_fma/inst/i_synth/FMA_OP.OP/addsub/add/EXP/EXP_OFF.STRUCT_ADD/norm_exp_carry_i_7/O
                         net (fo=1, unplaced)         0.023     8.105    u_warp_collective_core/u_reduce_f32_add/u_aec_fp32_fma/inst/i_synth/FMA_OP.OP/addsub/add/EXP/EXP_OFF.STRUCT_ADD_n_5
                         CARRY8 (Prop_CARRY8_S[1]_O[6])
                                                      0.224     8.329 r  u_warp_collective_core/u_reduce_f32_add/u_aec_fp32_fma/inst/i_synth/FMA_OP.OP/addsub/add/EXP/norm_exp_carry/O[6]
                         net (fo=4, unplaced)         0.103     8.432    u_warp_collective_core/u_reduce_f32_add/u_aec_fp32_fma/inst/i_synth/FMA_OP.OP/addsub/add/EXP/exp_op[6]
                         LUT4 (Prop_LUT4_I0_O)        0.139     8.571 r  u_warp_collective_core/u_reduce_f32_add/u_aec_fp32_fma/inst/i_synth/FMA_OP.OP/addsub/add/EXP/RESULT_REG.NORMAL.mant_op[21]_i_22/O
                         net (fo=2, unplaced)         0.185     8.756    u_warp_collective_core/u_reduce_f32_add/u_aec_fp32_fma/inst/i_synth/FMA_OP.OP/addsub/add/EXP/EXP_OFF.STRUCT_ADD/RESULT_REG.NORMAL.mant_op[21]_i_5_0
                         LUT6 (Prop_LUT6_I2_O)        0.038     8.794 r  u_warp_collective_core/u_reduce_f32_add/u_aec_fp32_fma/inst/i_synth/FMA_OP.OP/addsub/add/EXP/EXP_OFF.STRUCT_ADD/RESULT_REG.NORMAL.mant_op[21]_i_17/O
                         net (fo=4, unplaced)         0.152     8.946    u_warp_collective_core/u_reduce_f32_add/u_aec_fp32_fma/inst/i_synth/FMA_OP.OP/addsub/add/EXP/EXP_OFF.STRUCT_ADD/conv_exp.downsize_exp/exp_flt_all_one_rnd
                         LUT3 (Prop_LUT3_I0_O)        0.112     9.058 r  u_warp_collective_core/u_reduce_f32_add/u_aec_fp32_fma/inst/i_synth/FMA_OP.OP/addsub/add/EXP/EXP_OFF.STRUCT_ADD/RESULT_REG.NORMAL.mant_op[22]_i_2/O
                         net (fo=6, unplaced)         0.207     9.265    u_warp_collective_core/u_reduce_f32_add/u_aec_fp32_fma/inst/i_synth/FMA_OP.OP/addsub/add/EXP/EXP_OFF.STRUCT_ADD/conv_exp.downsize_exp/state_rnd__5[0]
                         LUT3 (Prop_LUT3_I2_O)        0.038     9.303 r  u_warp_collective_core/u_reduce_f32_add/u_aec_fp32_fma/inst/i_synth/FMA_OP.OP/addsub/add/EXP/EXP_OFF.STRUCT_ADD/RESULT_REG.NORMAL.exp_op[2]_i_2/O
                         net (fo=5, unplaced)         0.203     9.506    u_warp_collective_core/u_reduce_f32_add/u_aec_fp32_fma/inst/i_synth/FMA_OP.OP/addsub/add/EXP/EXP_OFF.STRUCT_ADD/op_state[0]
                         LUT6 (Prop_LUT6_I4_O)        0.038     9.544 r  u_warp_collective_core/u_reduce_f32_add/u_aec_fp32_fma/inst/i_synth/FMA_OP.OP/addsub/add/EXP/EXP_OFF.STRUCT_ADD/RESULT_REG.NORMAL.mant_op[21]_i_1/O
                         net (fo=22, unplaced)        0.237     9.781    u_warp_collective_core/u_reduce_f32_add/u_aec_fp32_fma/inst/i_synth/FMA_OP.OP/addsub/add/OP/RESULT_REG.NORMAL.mant_op_reg[21]_0
                         FDRE                                         r  u_warp_collective_core/u_reduce_f32_add/u_aec_fp32_fma/inst/i_synth/FMA_OP.OP/addsub/add/OP/RESULT_REG.NORMAL.mant_op_reg[10]/R
  -------------------------------------------------------------------    -------------------

                         (clock clk_i rise edge)      5.556     5.556 r  
                                                      0.000     5.556 r  clk_i (IN)
                         net (fo=37177, unset)        0.020     5.576    u_warp_collective_core/u_reduce_f32_add/u_aec_fp32_fma/inst/i_synth/FMA_OP.OP/addsub/add/OP/aclk
                         FDRE                                         r  u_warp_collective_core/u_reduce_f32_add/u_aec_fp32_fma/inst/i_synth/FMA_OP.OP/addsub/add/OP/RESULT_REG.NORMAL.mant_op_reg[10]/C
                         clock pessimism              0.000     5.576    
                         clock uncertainty           -0.035     5.541    
                         FDRE (Setup_FDRE_C_R)       -0.074     5.467    u_warp_collective_core/u_reduce_f32_add/u_aec_fp32_fma/inst/i_synth/FMA_OP.OP/addsub/add/OP/RESULT_REG.NORMAL.mant_op_reg[10]
  -------------------------------------------------------------------
                         required time                          5.467    
                         arrival time                          -9.781    
  -------------------------------------------------------------------
                         slack                                 -4.314    

Slack (VIOLATED) :        -4.314ns  (required time - arrival time)
  Source:                 u_warp_collective_core/lane_val_q_reg[6][10]/C
                            (rising edge-triggered cell FDCE clocked by clk_i  {rise@0.000ns fall@2.778ns period=5.556ns})
  Destination:            u_warp_collective_core/u_reduce_f32_add/u_aec_fp32_fma/inst/i_synth/FMA_OP.OP/addsub/add/OP/RESULT_REG.NORMAL.mant_op_reg[11]/R
                            (rising edge-triggered cell FDRE clocked by clk_i  {rise@0.000ns fall@2.778ns period=5.556ns})
  Path Group:             clk_i
  Path Type:              Setup (Max at Slow Process Corner)
  Requirement:            5.556ns  (clk_i rise@5.556ns - clk_i rise@0.000ns)
  Data Path Delay:        9.753ns  (logic 5.150ns (52.804%)  route 4.603ns (47.196%))
  Logic Levels:           44  (CARRY8=13 DSP_A_B_DATA=1 DSP_ALU=2 DSP_M_DATA=1 DSP_MULTIPLIER=1 DSP_OUTPUT=2 DSP_PREADD_DATA=1 LUT2=1 LUT3=2 LUT4=5 LUT5=2 LUT6=9 MUXF7=2 MUXF8=2)
  Clock Path Skew:        -0.008ns (DCD - SCD + CPR)
    Destination Clock Delay (DCD):    0.020ns = ( 5.576 - 5.556 ) 
    Source Clock Delay      (SCD):    0.028ns
    Clock Pessimism Removal (CPR):    0.000ns
  Clock Uncertainty:      0.035ns  ((TSJ^2 + TIJ^2)^1/2 + DJ) / 2 + PE
    Total System Jitter     (TSJ):    0.071ns
    Total Input Jitter      (TIJ):    0.000ns
    Discrete Jitter          (DJ):    0.000ns
    Phase Error              (PE):    0.000ns

    Location             Delay type                Incr(ns)  Path(ns)    Netlist Resource(s)
  -------------------------------------------------------------------    -------------------
                         (clock clk_i rise edge)      0.000     0.000 r  
                                                      0.000     0.000 r  clk_i (IN)
                         net (fo=37177, unset)        0.028     0.028    u_warp_collective_core/clk_i
                         FDCE                                         r  u_warp_collective_core/lane_val_q_reg[6][10]/C
  -------------------------------------------------------------------    -------------------
                         FDCE (Prop_FDCE_C_Q)         0.077     0.105 f  u_warp_collective_core/lane_val_q_reg[6][10]/Q
                         net (fo=35, unplaced)        0.216     0.321    u_warp_collective_core/u_reduce_f32_add/u_aec_fp32_fma_i_66_0[10]
                         LUT6 (Prop_LUT6_I0_O)        0.145     0.466 f  u_warp_collective_core/u_reduce_f32_add/u_aec_fp32_fma_i_344/O
                         net (fo=1, unplaced)         0.032     0.498    u_warp_collective_core/u_reduce_f32_add/u_aec_fp32_fma_i_344_n_0
                         MUXF7 (Prop_MUXF7_I0_O)      0.069     0.567 f  u_warp_collective_core/u_reduce_f32_add/u_aec_fp32_fma_i_108/O
                         net (fo=1, unplaced)         0.000     0.567    u_warp_collective_core/u_reduce_f32_add/u_aec_fp32_fma_i_108_n_0
                         MUXF8 (Prop_MUXF8_I0_O)      0.030     0.597 f  u_warp_collective_core/u_reduce_f32_add/u_aec_fp32_fma_i_23/O
                         net (fo=11, unplaced)        0.244     0.841    u_warp_collective_core/u_reduce_f32_add/u_aec_fp32_fma/inst/i_synth/FMA_OP.OP/mul/MULT/gDSP.gDSP_only.iDSP/use_prim.appDSP48[0].bppDSP48[0].use_dsp.use_dsp48e2.iDSP48E2/B[10]
                         DSP_A_B_DATA (Prop_DSP_A_B_DATA_B[10]_B2_DATA[10])
                                                      0.151     0.992 r  u_warp_collective_core/u_reduce_f32_add/u_aec_fp32_fma/inst/i_synth/FMA_OP.OP/mul/MULT/gDSP.gDSP_only.iDSP/use_prim.appDSP48[0].bppDSP48[0].use_dsp.use_dsp48e2.iDSP48E2/DSP_A_B_DATA_INST/B2_DATA[10]
                         net (fo=1, unplaced)         0.000     0.992    u_warp_collective_core/u_reduce_f32_add/u_aec_fp32_fma/inst/i_synth/FMA_OP.OP/mul/MULT/gDSP.gDSP_only.iDSP/use_prim.appDSP48[0].bppDSP48[0].use_dsp.use_dsp48e2.iDSP48E2/DSP_A_B_DATA.B2_DATA<10>
                         DSP_PREADD_DATA (Prop_DSP_PREADD_DATA_B2_DATA[10]_B2B1[10])
                                                      0.073     1.065 r  u_warp_collective_core/u_reduce_f32_add/u_aec_fp32_fma/inst/i_synth/FMA_OP.OP/mul/MULT/gDSP.gDSP_only.iDSP/use_prim.appDSP48[0].bppDSP48[0].use_dsp.use_dsp48e2.iDSP48E2/DSP_PREADD_DATA_INST/B2B1[10]
                         net (fo=1, unplaced)         0.000     1.065    u_warp_collective_core/u_reduce_f32_add/u_aec_fp32_fma/inst/i_synth/FMA_OP.OP/mul/MULT/gDSP.gDSP_only.iDSP/use_prim.appDSP48[0].bppDSP48[0].use_dsp.use_dsp48e2.iDSP48E2/DSP_PREADD_DATA.B2B1<10>
                         DSP_MULTIPLIER (Prop_DSP_MULTIPLIER_B2B1[10]_V[39])
                                                      0.609     1.674 f  u_warp_collective_core/u_reduce_f32_add/u_aec_fp32_fma/inst/i_synth/FMA_OP.OP/mul/MULT/gDSP.gDSP_only.iDSP/use_prim.appDSP48[0].bppDSP48[0].use_dsp.use_dsp48e2.iDSP48E2/DSP_MULTIPLIER_INST/V[39]
                         net (fo=1, unplaced)         0.000     1.674    u_warp_collective_core/u_reduce_f32_add/u_aec_fp32_fma/inst/i_synth/FMA_OP.OP/mul/MULT/gDSP.gDSP_only.iDSP/use_prim.appDSP48[0].bppDSP48[0].use_dsp.use_dsp48e2.iDSP48E2/DSP_MULTIPLIER.V<39>
                         DSP_M_DATA (Prop_DSP_M_DATA_V[39]_V_DATA[39])
                                                      0.046     1.720 r  u_warp_collective_core/u_reduce_f32_add/u_aec_fp32_fma/inst/i_synth/FMA_OP.OP/mul/MULT/gDSP.gDSP_only.iDSP/use_prim.appDSP48[0].bppDSP48[0].use_dsp.use_dsp48e2.iDSP48E2/DSP_M_DATA_INST/V_DATA[39]
                         net (fo=1, unplaced)         0.000     1.720    u_warp_collective_core/u_reduce_f32_add/u_aec_fp32_fma/inst/i_synth/FMA_OP.OP/mul/MULT/gDSP.gDSP_only.iDSP/use_prim.appDSP48[0].bppDSP48[0].use_dsp.use_dsp48e2.iDSP48E2/DSP_M_DATA.V_DATA<39>
                         DSP_ALU (Prop_DSP_ALU_V_DATA[39]_ALU_OUT[47])
                                                      0.571     2.291 f  u_warp_collective_core/u_reduce_f32_add/u_aec_fp32_fma/inst/i_synth/FMA_OP.OP/mul/MULT/gDSP.gDSP_only.iDSP/use_prim.appDSP48[0].bppDSP48[0].use_dsp.use_dsp48e2.iDSP48E2/DSP_ALU_INST/ALU_OUT[47]
                         net (fo=1, unplaced)         0.000     2.291    u_warp_collective_core/u_reduce_f32_add/u_aec_fp32_fma/inst/i_synth/FMA_OP.OP/mul/MULT/gDSP.gDSP_only.iDSP/use_prim.appDSP48[0].bppDSP48[0].use_dsp.use_dsp48e2.iDSP48E2/DSP_ALU.ALU_OUT<47>
                         DSP_OUTPUT (Prop_DSP_OUTPUT_ALU_OUT[47]_PCOUT[47])
                                                      0.122     2.413 r  u_warp_collective_core/u_reduce_f32_add/u_aec_fp32_fma/inst/i_synth/FMA_OP.OP/mul/MULT/gDSP.gDSP_only.iDSP/use_prim.appDSP48[0].bppDSP48[0].use_dsp.use_dsp48e2.iDSP48E2/DSP_OUTPUT_INST/PCOUT[47]
                         net (fo=1, unplaced)         0.014     2.427    u_warp_collective_core/u_reduce_f32_add/u_aec_fp32_fma/inst/i_synth/FMA_OP.OP/mul/MULT/gDSP.gDSP_only.iDSP/use_prim.appDSP48[0].bppDSP48[1].use_dsp.use_dsp48e2.iDSP48E2/PCIN[47]
                         DSP_ALU (Prop_DSP_ALU_PCIN[47]_ALU_OUT[15])
                                                      0.546     2.973 f  u_warp_collective_core/u_reduce_f32_add/u_aec_fp32_fma/inst/i_synth/FMA_OP.OP/mul/MULT/gDSP.gDSP_only.iDSP/use_prim.appDSP48[0].bppDSP48[1].use_dsp.use_dsp48e2.iDSP48E2/DSP_ALU_INST/ALU_OUT[15]
                         net (fo=1, unplaced)         0.000     2.973    u_warp_collective_core/u_reduce_f32_add/u_aec_fp32_fma/inst/i_synth/FMA_OP.OP/mul/MULT/gDSP.gDSP_only.iDSP/use_prim.appDSP48[0].bppDSP48[1].use_dsp.use_dsp48e2.iDSP48E2/DSP_ALU.ALU_OUT<15>
                         DSP_OUTPUT (Prop_DSP_OUTPUT_ALU_OUT[15]_P[15])
                                                      0.109     3.082 r  u_warp_collective_core/u_reduce_f32_add/u_aec_fp32_fma/inst/i_synth/FMA_OP.OP/mul/MULT/gDSP.gDSP_only.iDSP/use_prim.appDSP48[0].bppDSP48[1].use_dsp.use_dsp48e2.iDSP48E2/DSP_OUTPUT_INST/P[15]
                         net (fo=8, unplaced)         0.236     3.318    u_warp_collective_core/u_reduce_f32_add/u_aec_fp32_fma/inst/i_synth/FMA_OP.OP/mul/mul_result_wide[32]
                         LUT4 (Prop_LUT4_I1_O)        0.139     3.457 f  u_warp_collective_core/u_reduce_f32_add/u_aec_fp32_fma/inst/i_synth/FMA_OP.OP/mul/CHAIN_GEN[16].C_MUX.CARRY_MUX_i_2__2/O
                         net (fo=1, unplaced)         0.242     3.699    u_warp_collective_core/u_reduce_f32_add/u_aec_fp32_fma/inst/i_synth/FMA_OP.OP/addsub/add/EXP/NUMB_CMP1/NOT_FAST.CMP/C_CHAIN/CHAIN_GEN[23].C_MUX.CARRY_MUX_1[4]
                         CARRY8 (Prop_CARRY8_DI[0]_CO[7])
                                                      0.140     3.839 f  u_warp_collective_core/u_reduce_f32_add/u_aec_fp32_fma/inst/i_synth/FMA_OP.OP/addsub/add/EXP/NUMB_CMP1/NOT_FAST.CMP/C_CHAIN/CHAIN_GEN[16].C_MUX.CARRY_MUX_CARRY4_CARRY8/CO[7]
                         net (fo=1, unplaced)         0.005     3.844    u_warp_collective_core/u_reduce_f32_add/u_aec_fp32_fma/inst/i_synth/FMA_OP.OP/addsub/add/EXP/NUMB_CMP1/NOT_FAST.CMP/C_CHAIN/CHAIN_GEN[23].C_MUX.CARRY_MUX_n_0
                         CARRY8 (Prop_CARRY8_CI_CO[4])
                                                      0.092     3.936 f  u_warp_collective_core/u_reduce_f32_add/u_aec_fp32_fma/inst/i_synth/FMA_OP.OP/addsub/add/EXP/NUMB_CMP1/NOT_FAST.CMP/C_CHAIN/CHAIN_GEN[24].C_MUX.CARRY_MUX_CARRY4_CARRY8/CO[4]
                         net (fo=2, unplaced)         0.183     4.119    u_warp_collective_core/u_reduce_f32_add/u_aec_fp32_fma/inst/i_synth/FMA_OP.OP/addsub/add/EXP/NUMB_CMP0/NOT_FAST.CMP/C_CHAIN/CHAIN_GEN[0].C_MUX.CARRY_MUX_1[0]
                         LUT5 (Prop_LUT5_I4_O)        0.038     4.157 f  u_warp_collective_core/u_reduce_f32_add/u_aec_fp32_fma/inst/i_synth/FMA_OP.OP/addsub/add/EXP/NUMB_CMP0/NOT_FAST.CMP/C_CHAIN/CHAIN_GEN[0].C_MUX.CARRY_MUX_i_2__7/O
                         net (fo=52, unplaced)        0.256     4.413    u_warp_collective_core/u_reduce_f32_add/u_aec_fp32_fma/inst/i_synth/FMA_OP.OP/mul/b_largest
                         LUT6 (Prop_LUT6_I4_O)        0.038     4.451 f  u_warp_collective_core/u_reduce_f32_add/u_aec_fp32_fma/inst/i_synth/FMA_OP.OP/mul/CHAIN_GEN[1].C_MUX.CARRY_MUX_i_2__0/O
                         net (fo=3, unplaced)         0.147     4.598    u_warp_collective_core/u_reduce_f32_add/u_aec_fp32_fma/inst/i_synth/FMA_OP.OP/mul/sml_shift_mux__95[4]
                         LUT4 (Prop_LUT4_I0_O)        0.100     4.698 r  u_warp_collective_core/u_reduce_f32_add/u_aec_fp32_fma/inst/i_synth/FMA_OP.OP/mul/CHAIN_GEN[1].C_MUX.CARRY_MUX_i_1__2/O
                         net (fo=1, unplaced)         0.023     4.721    u_warp_collective_core/u_reduce_f32_add/u_aec_fp32_fma/inst/i_synth/FMA_OP.OP/addsub/add/ALIGN_BLK/aligner.ALIGN_SHIFT/ALIGN_Z_D/EQ_ZERO/CARRY_ZERO_DET/CHAIN_GEN[11].C_MUX.CARRY_MUX_0[1]
                         CARRY8 (Prop_CARRY8_S[1]_CO[7])
                                                      0.197     4.918 r  u_warp_collective_core/u_reduce_f32_add/u_aec_fp32_fma/inst/i_synth/FMA_OP.OP/addsub/add/ALIGN_BLK/aligner.ALIGN_SHIFT/ALIGN_Z_D/EQ_ZERO/CARRY_ZERO_DET/CHAIN_GEN[0].C_MUX.CARRY_MUX_CARRY4_CARRY8/CO[7]
                         net (fo=2, unplaced)         0.005     4.923    u_warp_collective_core/u_reduce_f32_add/u_aec_fp32_fma/inst/i_synth/FMA_OP.OP/addsub/add/ALIGN_BLK/aligner.ALIGN_SHIFT/ALIGN_Z_D/EQ_ZERO/CARRY_ZERO_DET/CARRYS_OUT[7]
                         CARRY8 (Prop_CARRY8_CI_CO[2])
                                                      0.057     4.980 r  u_warp_collective_core/u_reduce_f32_add/u_aec_fp32_fma/inst/i_synth/FMA_OP.OP/addsub/add/ALIGN_BLK/aligner.ALIGN_SHIFT/ALIGN_Z_D/EQ_ZERO/CARRY_ZERO_DET/CHAIN_GEN[8].C_MUX.CARRY_MUX_CARRY4_CARRY8/CO[2]
                         net (fo=1, unplaced)         0.185     5.165    u_warp_collective_core/u_reduce_f32_add/u_aec_fp32_fma/inst/i_synth/FMA_OP.OP/addsub/add/EXP/bma_exp_cc/CARRYS_OUT[10]
                         LUT6 (Prop_LUT6_I0_O)        0.038     5.203 r  u_warp_collective_core/u_reduce_f32_add/u_aec_fp32_fma/inst/i_synth/FMA_OP.OP/addsub/add/EXP/bma_exp_cc/MUX_LOOP[2].OTHER_LEVELS.DO_CHUNKS[0].LUT6_STRUCT_MUX.MUX1_i_7/O
                         net (fo=1, unplaced)         0.185     5.388    u_warp_collective_core/u_reduce_f32_add/u_aec_fp32_fma/inst/i_synth/FMA_OP.OP/addsub/add/EXP/bma_exp_cc/MUX_LOOP[2].OTHER_LEVELS.DO_CHUNKS[0].LUT6_STRUCT_MUX.MUX1_i_7_n_0
                         LUT6 (Prop_LUT6_I5_O)        0.038     5.426 r  u_warp_collective_core/u_reduce_f32_add/u_aec_fp32_fma/inst/i_synth/FMA_OP.OP/addsub/add/EXP/bma_exp_cc/MUX_LOOP[2].OTHER_LEVELS.DO_CHUNKS[0].LUT6_STRUCT_MUX.MUX1_i_3/O
                         net (fo=1, unplaced)         0.185     5.611    u_warp_collective_core/u_reduce_f32_add/u_aec_fp32_fma/inst/i_synth/FMA_OP.OP/addsub/add/EXP/bma_exp_cc/MUX_LOOP[2].OTHER_LEVELS.DO_CHUNKS[0].LUT6_STRUCT_MUX.MUX1_i_3_n_0
                         LUT6 (Prop_LUT6_I0_O)        0.037     5.648 r  u_warp_collective_core/u_reduce_f32_add/u_aec_fp32_fma/inst/i_synth/FMA_OP.OP/addsub/add/EXP/bma_exp_cc/MUX_LOOP[2].OTHER_LEVELS.DO_CHUNKS[0].LUT6_STRUCT_MUX.MUX1_i_1/O
                         net (fo=1, unplaced)         0.024     5.672    u_warp_collective_core/u_reduce_f32_add/u_aec_fp32_fma/inst/i_synth/FMA_OP.OP/addsub/add/ALIGN_BLK/aligner.ALIGN_SHIFT/ALIGN_Z_D/zero_det_unreg[1]_0[2]
                         MUXF7 (Prop_MUXF7_I0_O)      0.067     5.739 r  u_warp_collective_core/u_reduce_f32_add/u_aec_fp32_fma/inst/i_synth/FMA_OP.OP/addsub/add/ALIGN_BLK/aligner.ALIGN_SHIFT/ALIGN_Z_D/MUX_LOOP[2].OTHER_LEVELS.DO_CHUNKS[0].LUT6_STRUCT_MUX.MUX1/O
                         net (fo=1, unplaced)         0.000     5.739    u_warp_collective_core/u_reduce_f32_add/u_aec_fp32_fma/inst/i_synth/FMA_OP.OP/addsub/add/ALIGN_BLK/aligner.ALIGN_SHIFT/ALIGN_Z_D/MUX_LOOP[2].OTHER_LEVELS.DO_CHUNKS[0].LUT6_STRUCT_MUX.mux0_1
                         MUXF8 (Prop_MUXF8_I1_O)      0.028     5.767 r  u_warp_collective_core/u_reduce_f32_add/u_aec_fp32_fma/inst/i_synth/FMA_OP.OP/addsub/add/ALIGN_BLK/aligner.ALIGN_SHIFT/ALIGN_Z_D/MUX_LOOP[2].OTHER_LEVELS.DO_CHUNKS[0].LUT6_STRUCT_MUX.MUX2/O
                         net (fo=2, unplaced)         0.185     5.952    u_warp_collective_core/u_reduce_f32_add/u_aec_fp32_fma/inst/i_synth/FMA_OP.OP/addsub/add/ALIGN_BLK/aligner.ALIGN_SHIFT/ALIGN_Z_D/zeros_z_det_a
                         LUT4 (Prop_LUT4_I1_O)        0.037     5.989 r  u_warp_collective_core/u_reduce_f32_add/u_aec_fp32_fma/inst/i_synth/FMA_OP.OP/addsub/add/ALIGN_BLK/aligner.ALIGN_SHIFT/ALIGN_Z_D/STRUCT_ADD1.CARRY_MUX2_i_1/O
                         net (fo=1, unplaced)         0.023     6.012    u_warp_collective_core/u_reduce_f32_add/u_aec_fp32_fma/inst/i_synth/FMA_OP.OP/addsub/add/ALIGN_BLK/FRAC_ADDSUB/LOGIC_ADD.FRAC_ADDSUB/STRUCT_ADD1.CARRY_MUX2_0
                         CARRY8 (Prop_CARRY8_S[1]_CO[7])
                                                      0.197     6.209 r  u_warp_collective_core/u_reduce_f32_add/u_aec_fp32_fma/inst/i_synth/FMA_OP.OP/addsub/add/ALIGN_BLK/FRAC_ADDSUB/LOGIC_ADD.FRAC_ADDSUB/STRUCT_ADD1.CARRY_MUX1_CARRY4_CARRY8/CO[7]
                         net (fo=1, unplaced)         0.005     6.214    u_warp_collective_core/u_reduce_f32_add/u_aec_fp32_fma/inst/i_synth/FMA_OP.OP/addsub/add/ALIGN_BLK/FRAC_ADDSUB/LOGIC_ADD.FRAC_ADDSUB/STRUCT_ADD1.ADD1/CHAIN_GEN[5].C_MUX.CARRY_MUX_n_0
                         CARRY8 (Prop_CARRY8_CI_CO[7])
                                                      0.022     6.236 r  u_warp_collective_core/u_reduce_f32_add/u_aec_fp32_fma/inst/i_synth/FMA_OP.OP/addsub/add/ALIGN_BLK/FRAC_ADDSUB/LOGIC_ADD.FRAC_ADDSUB/STRUCT_ADD1.ADD1/CHAIN_GEN[6].C_MUX.CARRY_MUX_CARRY4_CARRY8/CO[7]
                         net (fo=1, unplaced)         0.005     6.241    u_warp_collective_core/u_reduce_f32_add/u_aec_fp32_fma/inst/i_synth/FMA_OP.OP/addsub/add/ALIGN_BLK/FRAC_ADDSUB/LOGIC_ADD.FRAC_ADDSUB/STRUCT_ADD1.ADD1/CHAIN_GEN[13].C_MUX.CARRY_MUX_n_0
                         CARRY8 (Prop_CARRY8_CI_CO[7])
                                                      0.022     6.263 r  u_warp_collective_core/u_reduce_f32_add/u_aec_fp32_fma/inst/i_synth/FMA_OP.OP/addsub/add/ALIGN_BLK/FRAC_ADDSUB/LOGIC_ADD.FRAC_ADDSUB/STRUCT_ADD1.ADD1/CHAIN_GEN[14].C_MUX.CARRY_MUX_CARRY4_CARRY8/CO[7]
                         net (fo=1, unplaced)         0.005     6.268    u_warp_collective_core/u_reduce_f32_add/u_aec_fp32_fma/inst/i_synth/FMA_OP.OP/addsub/add/ALIGN_BLK/FRAC_ADDSUB/LOGIC_ADD.FRAC_ADDSUB/STRUCT_ADD1.ADD1/CHAIN_GEN[21].C_MUX.CARRY_MUX_n_0
                         CARRY8 (Prop_CARRY8_CI_CO[7])
                                                      0.022     6.290 r  u_warp_collective_core/u_reduce_f32_add/u_aec_fp32_fma/inst/i_synth/FMA_OP.OP/addsub/add/ALIGN_BLK/FRAC_ADDSUB/LOGIC_ADD.FRAC_ADDSUB/STRUCT_ADD1.ADD1/CHAIN_GEN[22].C_MUX.CARRY_MUX_CARRY4_CARRY8/CO[7]
                         net (fo=1, unplaced)         0.005     6.295    u_warp_collective_core/u_reduce_f32_add/u_aec_fp32_fma/inst/i_synth/FMA_OP.OP/addsub/add/ALIGN_BLK/FRAC_ADDSUB/LOGIC_ADD.FRAC_ADDSUB/STRUCT_ADD2.ADD1/CHAIN_GEN[4].C_MUX.CARRY_MUX_n_0
                         CARRY8 (Prop_CARRY8_CI_CO[7])
                                                      0.022     6.317 r  u_warp_collective_core/u_reduce_f32_add/u_aec_fp32_fma/inst/i_synth/FMA_OP.OP/addsub/add/ALIGN_BLK/FRAC_ADDSUB/LOGIC_ADD.FRAC_ADDSUB/STRUCT_ADD2.ADD1/CHAIN_GEN[5].C_MUX.CARRY_MUX_CARRY4_CARRY8/CO[7]
                         net (fo=1, unplaced)         0.005     6.322    u_warp_collective_core/u_reduce_f32_add/u_aec_fp32_fma/inst/i_synth/FMA_OP.OP/addsub/add/ALIGN_BLK/FRAC_ADDSUB/LOGIC_ADD.FRAC_ADDSUB/STRUCT_ADD2.ADD1/CHAIN_GEN[12].C_MUX.CARRY_MUX_n_0
                         CARRY8 (Prop_CARRY8_CI_CO[7])
                                                      0.022     6.344 r  u_warp_collective_core/u_reduce_f32_add/u_aec_fp32_fma/inst/i_synth/FMA_OP.OP/addsub/add/ALIGN_BLK/FRAC_ADDSUB/LOGIC_ADD.FRAC_ADDSUB/STRUCT_ADD2.ADD1/CHAIN_GEN[13].C_MUX.CARRY_MUX_CARRY4_CARRY8/CO[7]
                         net (fo=1, unplaced)         0.005     6.349    u_warp_collective_core/u_reduce_f32_add/u_aec_fp32_fma/inst/i_synth/FMA_OP.OP/addsub/add/ALIGN_BLK/FRAC_ADDSUB/LOGIC_ADD.FRAC_ADDSUB/STRUCT_ADD2.ADD1/CHAIN_GEN[20].C_MUX.CARRY_MUX_n_0
                         CARRY8 (Prop_CARRY8_CI_O[4])
                                                      0.086     6.435 f  u_warp_collective_core/u_reduce_f32_add/u_aec_fp32_fma/inst/i_synth/FMA_OP.OP/addsub/add/ALIGN_BLK/FRAC_ADDSUB/LOGIC_ADD.FRAC_ADDSUB/STRUCT_ADD2.ADD1/CHAIN_GEN[21].C_MUX.CARRY_MUX_CARRY4_CARRY8/O[4]
                         net (fo=4, unplaced)         0.197     6.632    u_warp_collective_core/u_reduce_f32_add/u_aec_fp32_fma/inst/i_synth/FMA_OP.OP/addsub/add/ALIGN_BLK/FRAC_ADDSUB/LOGIC_ADD.FRAC_ADDSUB/STRUCT_ADD2.ADD1/Q[17]
                         LUT4 (Prop_LUT4_I0_O)        0.100     6.732 r  u_warp_collective_core/u_reduce_f32_add/u_aec_fp32_fma/inst/i_synth/FMA_OP.OP/addsub/add/ALIGN_BLK/FRAC_ADDSUB/LOGIC_ADD.FRAC_ADDSUB/STRUCT_ADD2.ADD1/CHAIN_GEN[0].C_MUX.CARRY_MUX_i_1__7/O
                         net (fo=1, unplaced)         0.020     6.752    u_warp_collective_core/u_reduce_f32_add/u_aec_fp32_fma/inst/i_synth/FMA_OP.OP/addsub/add/NORM/LZE/ZERO_DET_CC_1/chunk_is_zero[0]
                         CARRY8 (Prop_CARRY8_S[0]_CO[7])
                                                      0.199     6.951 r  u_warp_collective_core/u_reduce_f32_add/u_aec_fp32_fma/inst/i_synth/FMA_OP.OP/addsub/add/NORM/LZE/ZERO_DET_CC_1/CHAIN_GEN[0].C_MUX.CARRY_MUX_CARRY4_CARRY8/CO[7]
                         net (fo=68, unplaced)        0.290     7.241    u_warp_collective_core/u_reduce_f32_add/u_aec_fp32_fma/inst/i_synth/FMA_OP.OP/addsub/add/NORM/LZE/ZERO_DET_CC_1/CARRYS_OUT[1]
                         LUT6 (Prop_LUT6_I4_O)        0.038     7.279 r  u_warp_collective_core/u_reduce_f32_add/u_aec_fp32_fma/inst/i_synth/FMA_OP.OP/addsub/add/NORM/LZE/ZERO_DET_CC_1/CHAIN_GEN[1].C_MUX.CARRY_MUX_i_2__4/O
                         net (fo=60, unplaced)        0.215     7.494    u_warp_collective_core/u_reduce_f32_add/u_aec_fp32_fma/inst/i_synth/FMA_OP.OP/addsub/add/ALIGN_BLK/FRAC_ADDSUB/LOGIC_ADD.FRAC_ADDSUB/STRUCT_ADD1.ADD1/norm_dist[1]
                         LUT5 (Prop_LUT5_I1_O)        0.100     7.594 r  u_warp_collective_core/u_reduce_f32_add/u_aec_fp32_fma/inst/i_synth/FMA_OP.OP/addsub/add/ALIGN_BLK/FRAC_ADDSUB/LOGIC_ADD.FRAC_ADDSUB/STRUCT_ADD1.ADD1/norm_exp_carry_i_12/O
                         net (fo=1, unplaced)         0.141     7.735    u_warp_collective_core/u_reduce_f32_add/u_aec_fp32_fma/inst/i_synth/FMA_OP.OP/addsub/add/ALIGN_BLK/FRAC_ADDSUB/LOGIC_ADD.FRAC_ADDSUB/STRUCT_ADD2.ADD1/RESULT_REG.NORMAL.mant_op[21]_i_12
                         LUT6 (Prop_LUT6_I1_O)        0.100     7.835 r  u_warp_collective_core/u_reduce_f32_add/u_aec_fp32_fma/inst/i_synth/FMA_OP.OP/addsub/add/ALIGN_BLK/FRAC_ADDSUB/LOGIC_ADD.FRAC_ADDSUB/STRUCT_ADD2.ADD1/norm_exp_carry_i_9/O
                         net (fo=7, unplaced)         0.210     8.045    u_warp_collective_core/u_reduce_f32_add/u_aec_fp32_fma/inst/i_synth/FMA_OP.OP/addsub/add/EXP/EXP_OFF.STRUCT_ADD/norm_dist[1]
                         LUT2 (Prop_LUT2_I1_O)        0.037     8.082 r  u_warp_collective_core/u_reduce_f32_add/u_aec_fp32_fma/inst/i_synth/FMA_OP.OP/addsub/add/EXP/EXP_OFF.STRUCT_ADD/norm_exp_carry_i_7/O
                         net (fo=1, unplaced)         0.023     8.105    u_warp_collective_core/u_reduce_f32_add/u_aec_fp32_fma/inst/i_synth/FMA_OP.OP/addsub/add/EXP/EXP_OFF.STRUCT_ADD_n_5
                         CARRY8 (Prop_CARRY8_S[1]_O[6])
                                                      0.224     8.329 r  u_warp_collective_core/u_reduce_f32_add/u_aec_fp32_fma/inst/i_synth/FMA_OP.OP/addsub/add/EXP/norm_exp_carry/O[6]
                         net (fo=4, unplaced)         0.103     8.432    u_warp_collective_core/u_reduce_f32_add/u_aec_fp32_fma/inst/i_synth/FMA_OP.OP/addsub/add/EXP/exp_op[6]
                         LUT4 (Prop_LUT4_I0_O)        0.139     8.571 r  u_warp_collective_core/u_reduce_f32_add/u_aec_fp32_fma/inst/i_synth/FMA_OP.OP/addsub/add/EXP/RESULT_REG.NORMAL.mant_op[21]_i_22/O
                         net (fo=2, unplaced)         0.185     8.756    u_warp_collective_core/u_reduce_f32_add/u_aec_fp32_fma/inst/i_synth/FMA_OP.OP/addsub/add/EXP/EXP_OFF.STRUCT_ADD/RESULT_REG.NORMAL.mant_op[21]_i_5_0
                         LUT6 (Prop_LUT6_I2_O)        0.038     8.794 r  u_warp_collective_core/u_reduce_f32_add/u_aec_fp32_fma/inst/i_synth/FMA_OP.OP/addsub/add/EXP/EXP_OFF.STRUCT_ADD/RESULT_REG.NORMAL.mant_op[21]_i_17/O
                         net (fo=4, unplaced)         0.152     8.946    u_warp_collective_core/u_reduce_f32_add/u_aec_fp32_fma/inst/i_synth/FMA_OP.OP/addsub/add/EXP/EXP_OFF.STRUCT_ADD/conv_exp.downsize_exp/exp_flt_all_one_rnd
                         LUT3 (Prop_LUT3_I0_O)        0.112     9.058 r  u_warp_collective_core/u_reduce_f32_add/u_aec_fp32_fma/inst/i_synth/FMA_OP.OP/addsub/add/EXP/EXP_OFF.STRUCT_ADD/RESULT_REG.NORMAL.mant_op[22]_i_2/O
                         net (fo=6, unplaced)         0.207     9.265    u_warp_collective_core/u_reduce_f32_add/u_aec_fp32_fma/inst/i_synth/FMA_OP.OP/addsub/add/EXP/EXP_OFF.STRUCT_ADD/conv_exp.downsize_exp/state_rnd__5[0]
                         LUT3 (Prop_LUT3_I2_O)        0.038     9.303 r  u_warp_collective_core/u_reduce_f32_add/u_aec_fp32_fma/inst/i_synth/FMA_OP.OP/addsub/add/EXP/EXP_OFF.STRUCT_ADD/RESULT_REG.NORMAL.exp_op[2]_i_2/O
                         net (fo=5, unplaced)         0.203     9.506    u_warp_collective_core/u_reduce_f32_add/u_aec_fp32_fma/inst/i_synth/FMA_OP.OP/addsub/add/EXP/EXP_OFF.STRUCT_ADD/op_state[0]
                         LUT6 (Prop_LUT6_I4_O)        0.038     9.544 r  u_warp_collective_core/u_reduce_f32_add/u_aec_fp32_fma/inst/i_synth/FMA_OP.OP/addsub/add/EXP/EXP_OFF.STRUCT_ADD/RESULT_REG.NORMAL.mant_op[21]_i_1/O
                         net (fo=22, unplaced)        0.237     9.781    u_warp_collective_core/u_reduce_f32_add/u_aec_fp32_fma/inst/i_synth/FMA_OP.OP/addsub/add/OP/RESULT_REG.NORMAL.mant_op_reg[21]_0
                         FDRE                                         r  u_warp_collective_core/u_reduce_f32_add/u_aec_fp32_fma/inst/i_synth/FMA_OP.OP/addsub/add/OP/RESULT_REG.NORMAL.mant_op_reg[11]/R
  -------------------------------------------------------------------    -------------------

                         (clock clk_i rise edge)      5.556     5.556 r  
                                                      0.000     5.556 r  clk_i (IN)
                         net (fo=37177, unset)        0.020     5.576    u_warp_collective_core/u_reduce_f32_add/u_aec_fp32_fma/inst/i_synth/FMA_OP.OP/addsub/add/OP/aclk
                         FDRE                                         r  u_warp_collective_core/u_reduce_f32_add/u_aec_fp32_fma/inst/i_synth/FMA_OP.OP/addsub/add/OP/RESULT_REG.NORMAL.mant_op_reg[11]/C
                         clock pessimism              0.000     5.576    
                         clock uncertainty           -0.035     5.541    
                         FDRE (Setup_FDRE_C_R)       -0.074     5.467    u_warp_collective_core/u_reduce_f32_add/u_aec_fp32_fma/inst/i_synth/FMA_OP.OP/addsub/add/OP/RESULT_REG.NORMAL.mant_op_reg[11]
  -------------------------------------------------------------------
                         required time                          5.467    
                         arrival time                          -9.781    
  -------------------------------------------------------------------
                         slack                                 -4.314    

Slack (VIOLATED) :        -4.314ns  (required time - arrival time)
  Source:                 u_warp_collective_core/lane_val_q_reg[6][10]/C
                            (rising edge-triggered cell FDCE clocked by clk_i  {rise@0.000ns fall@2.778ns period=5.556ns})
  Destination:            u_warp_collective_core/u_reduce_f32_add/u_aec_fp32_fma/inst/i_synth/FMA_OP.OP/addsub/add/OP/RESULT_REG.NORMAL.mant_op_reg[12]/R
                            (rising edge-triggered cell FDRE clocked by clk_i  {rise@0.000ns fall@2.778ns period=5.556ns})
  Path Group:             clk_i
  Path Type:              Setup (Max at Slow Process Corner)
  Requirement:            5.556ns  (clk_i rise@5.556ns - clk_i rise@0.000ns)
  Data Path Delay:        9.753ns  (logic 5.150ns (52.804%)  route 4.603ns (47.196%))
  Logic Levels:           44  (CARRY8=13 DSP_A_B_DATA=1 DSP_ALU=2 DSP_M_DATA=1 DSP_MULTIPLIER=1 DSP_OUTPUT=2 DSP_PREADD_DATA=1 LUT2=1 LUT3=2 LUT4=5 LUT5=2 LUT6=9 MUXF7=2 MUXF8=2)
  Clock Path Skew:        -0.008ns (DCD - SCD + CPR)
    Destination Clock Delay (DCD):    0.020ns = ( 5.576 - 5.556 ) 
    Source Clock Delay      (SCD):    0.028ns
    Clock Pessimism Removal (CPR):    0.000ns
  Clock Uncertainty:      0.035ns  ((TSJ^2 + TIJ^2)^1/2 + DJ) / 2 + PE
    Total System Jitter     (TSJ):    0.071ns
    Total Input Jitter      (TIJ):    0.000ns
    Discrete Jitter          (DJ):    0.000ns
    Phase Error              (PE):    0.000ns

    Location             Delay type                Incr(ns)  Path(ns)    Netlist Resource(s)
  -------------------------------------------------------------------    -------------------
                         (clock clk_i rise edge)      0.000     0.000 r  
                                                      0.000     0.000 r  clk_i (IN)
                         net (fo=37177, unset)        0.028     0.028    u_warp_collective_core/clk_i
                         FDCE                                         r  u_warp_collective_core/lane_val_q_reg[6][10]/C
  -------------------------------------------------------------------    -------------------
                         FDCE (Prop_FDCE_C_Q)         0.077     0.105 f  u_warp_collective_core/lane_val_q_reg[6][10]/Q
                         net (fo=35, unplaced)        0.216     0.321    u_warp_collective_core/u_reduce_f32_add/u_aec_fp32_fma_i_66_0[10]
                         LUT6 (Prop_LUT6_I0_O)        0.145     0.466 f  u_warp_collective_core/u_reduce_f32_add/u_aec_fp32_fma_i_344/O
                         net (fo=1, unplaced)         0.032     0.498    u_warp_collective_core/u_reduce_f32_add/u_aec_fp32_fma_i_344_n_0
                         MUXF7 (Prop_MUXF7_I0_O)      0.069     0.567 f  u_warp_collective_core/u_reduce_f32_add/u_aec_fp32_fma_i_108/O
                         net (fo=1, unplaced)         0.000     0.567    u_warp_collective_core/u_reduce_f32_add/u_aec_fp32_fma_i_108_n_0
                         MUXF8 (Prop_MUXF8_I0_O)      0.030     0.597 f  u_warp_collective_core/u_reduce_f32_add/u_aec_fp32_fma_i_23/O
                         net (fo=11, unplaced)        0.244     0.841    u_warp_collective_core/u_reduce_f32_add/u_aec_fp32_fma/inst/i_synth/FMA_OP.OP/mul/MULT/gDSP.gDSP_only.iDSP/use_prim.appDSP48[0].bppDSP48[0].use_dsp.use_dsp48e2.iDSP48E2/B[10]
                         DSP_A_B_DATA (Prop_DSP_A_B_DATA_B[10]_B2_DATA[10])
                                                      0.151     0.992 r  u_warp_collective_core/u_reduce_f32_add/u_aec_fp32_fma/inst/i_synth/FMA_OP.OP/mul/MULT/gDSP.gDSP_only.iDSP/use_prim.appDSP48[0].bppDSP48[0].use_dsp.use_dsp48e2.iDSP48E2/DSP_A_B_DATA_INST/B2_DATA[10]
                         net (fo=1, unplaced)         0.000     0.992    u_warp_collective_core/u_reduce_f32_add/u_aec_fp32_fma/inst/i_synth/FMA_OP.OP/mul/MULT/gDSP.gDSP_only.iDSP/use_prim.appDSP48[0].bppDSP48[0].use_dsp.use_dsp48e2.iDSP48E2/DSP_A_B_DATA.B2_DATA<10>
                         DSP_PREADD_DATA (Prop_DSP_PREADD_DATA_B2_DATA[10]_B2B1[10])
                                                      0.073     1.065 r  u_warp_collective_core/u_reduce_f32_add/u_aec_fp32_fma/inst/i_synth/FMA_OP.OP/mul/MULT/gDSP.gDSP_only.iDSP/use_prim.appDSP48[0].bppDSP48[0].use_dsp.use_dsp48e2.iDSP48E2/DSP_PREADD_DATA_INST/B2B1[10]
                         net (fo=1, unplaced)         0.000     1.065    u_warp_collective_core/u_reduce_f32_add/u_aec_fp32_fma/inst/i_synth/FMA_OP.OP/mul/MULT/gDSP.gDSP_only.iDSP/use_prim.appDSP48[0].bppDSP48[0].use_dsp.use_dsp48e2.iDSP48E2/DSP_PREADD_DATA.B2B1<10>
                         DSP_MULTIPLIER (Prop_DSP_MULTIPLIER_B2B1[10]_V[39])
                                                      0.609     1.674 f  u_warp_collective_core/u_reduce_f32_add/u_aec_fp32_fma/inst/i_synth/FMA_OP.OP/mul/MULT/gDSP.gDSP_only.iDSP/use_prim.appDSP48[0].bppDSP48[0].use_dsp.use_dsp48e2.iDSP48E2/DSP_MULTIPLIER_INST/V[39]
                         net (fo=1, unplaced)         0.000     1.674    u_warp_collective_core/u_reduce_f32_add/u_aec_fp32_fma/inst/i_synth/FMA_OP.OP/mul/MULT/gDSP.gDSP_only.iDSP/use_prim.appDSP48[0].bppDSP48[0].use_dsp.use_dsp48e2.iDSP48E2/DSP_MULTIPLIER.V<39>
                         DSP_M_DATA (Prop_DSP_M_DATA_V[39]_V_DATA[39])
                                                      0.046     1.720 r  u_warp_collective_core/u_reduce_f32_add/u_aec_fp32_fma/inst/i_synth/FMA_OP.OP/mul/MULT/gDSP.gDSP_only.iDSP/use_prim.appDSP48[0].bppDSP48[0].use_dsp.use_dsp48e2.iDSP48E2/DSP_M_DATA_INST/V_DATA[39]
                         net (fo=1, unplaced)         0.000     1.720    u_warp_collective_core/u_reduce_f32_add/u_aec_fp32_fma/inst/i_synth/FMA_OP.OP/mul/MULT/gDSP.gDSP_only.iDSP/use_prim.appDSP48[0].bppDSP48[0].use_dsp.use_dsp48e2.iDSP48E2/DSP_M_DATA.V_DATA<39>
                         DSP_ALU (Prop_DSP_ALU_V_DATA[39]_ALU_OUT[47])
                                                      0.571     2.291 f  u_warp_collective_core/u_reduce_f32_add/u_aec_fp32_fma/inst/i_synth/FMA_OP.OP/mul/MULT/gDSP.gDSP_only.iDSP/use_prim.appDSP48[0].bppDSP48[0].use_dsp.use_dsp48e2.iDSP48E2/DSP_ALU_INST/ALU_OUT[47]
                         net (fo=1, unplaced)         0.000     2.291    u_warp_collective_core/u_reduce_f32_add/u_aec_fp32_fma/inst/i_synth/FMA_OP.OP/mul/MULT/gDSP.gDSP_only.iDSP/use_prim.appDSP48[0].bppDSP48[0].use_dsp.use_dsp48e2.iDSP48E2/DSP_ALU.ALU_OUT<47>
                         DSP_OUTPUT (Prop_DSP_OUTPUT_ALU_OUT[47]_PCOUT[47])
                                                      0.122     2.413 r  u_warp_collective_core/u_reduce_f32_add/u_aec_fp32_fma/inst/i_synth/FMA_OP.OP/mul/MULT/gDSP.gDSP_only.iDSP/use_prim.appDSP48[0].bppDSP48[0].use_dsp.use_dsp48e2.iDSP48E2/DSP_OUTPUT_INST/PCOUT[47]
                         net (fo=1, unplaced)         0.014     2.427    u_warp_collective_core/u_reduce_f32_add/u_aec_fp32_fma/inst/i_synth/FMA_OP.OP/mul/MULT/gDSP.gDSP_only.iDSP/use_prim.appDSP48[0].bppDSP48[1].use_dsp.use_dsp48e2.iDSP48E2/PCIN[47]
                         DSP_ALU (Prop_DSP_ALU_PCIN[47]_ALU_OUT[15])
                                                      0.546     2.973 f  u_warp_collective_core/u_reduce_f32_add/u_aec_fp32_fma/inst/i_synth/FMA_OP.OP/mul/MULT/gDSP.gDSP_only.iDSP/use_prim.appDSP48[0].bppDSP48[1].use_dsp.use_dsp48e2.iDSP48E2/DSP_ALU_INST/ALU_OUT[15]
                         net (fo=1, unplaced)         0.000     2.973    u_warp_collective_core/u_reduce_f32_add/u_aec_fp32_fma/inst/i_synth/FMA_OP.OP/mul/MULT/gDSP.gDSP_only.iDSP/use_prim.appDSP48[0].bppDSP48[1].use_dsp.use_dsp48e2.iDSP48E2/DSP_ALU.ALU_OUT<15>
                         DSP_OUTPUT (Prop_DSP_OUTPUT_ALU_OUT[15]_P[15])
                                                      0.109     3.082 r  u_warp_collective_core/u_reduce_f32_add/u_aec_fp32_fma/inst/i_synth/FMA_OP.OP/mul/MULT/gDSP.gDSP_only.iDSP/use_prim.appDSP48[0].bppDSP48[1].use_dsp.use_dsp48e2.iDSP48E2/DSP_OUTPUT_INST/P[15]
                         net (fo=8, unplaced)         0.236     3.318    u_warp_collective_core/u_reduce_f32_add/u_aec_fp32_fma/inst/i_synth/FMA_OP.OP/mul/mul_result_wide[32]
                         LUT4 (Prop_LUT4_I1_O)        0.139     3.457 f  u_warp_collective_core/u_reduce_f32_add/u_aec_fp32_fma/inst/i_synth/FMA_OP.OP/mul/CHAIN_GEN[16].C_MUX.CARRY_MUX_i_2__2/O
                         net (fo=1, unplaced)         0.242     3.699    u_warp_collective_core/u_reduce_f32_add/u_aec_fp32_fma/inst/i_synth/FMA_OP.OP/addsub/add/EXP/NUMB_CMP1/NOT_FAST.CMP/C_CHAIN/CHAIN_GEN[23].C_MUX.CARRY_MUX_1[4]
                         CARRY8 (Prop_CARRY8_DI[0]_CO[7])
                                                      0.140     3.839 f  u_warp_collective_core/u_reduce_f32_add/u_aec_fp32_fma/inst/i_synth/FMA_OP.OP/addsub/add/EXP/NUMB_CMP1/NOT_FAST.CMP/C_CHAIN/CHAIN_GEN[16].C_MUX.CARRY_MUX_CARRY4_CARRY8/CO[7]
                         net (fo=1, unplaced)         0.005     3.844    u_warp_collective_core/u_reduce_f32_add/u_aec_fp32_fma/inst/i_synth/FMA_OP.OP/addsub/add/EXP/NUMB_CMP1/NOT_FAST.CMP/C_CHAIN/CHAIN_GEN[23].C_MUX.CARRY_MUX_n_0
                         CARRY8 (Prop_CARRY8_CI_CO[4])
                                                      0.092     3.936 f  u_warp_collective_core/u_reduce_f32_add/u_aec_fp32_fma/inst/i_synth/FMA_OP.OP/addsub/add/EXP/NUMB_CMP1/NOT_FAST.CMP/C_CHAIN/CHAIN_GEN[24].C_MUX.CARRY_MUX_CARRY4_CARRY8/CO[4]
                         net (fo=2, unplaced)         0.183     4.119    u_warp_collective_core/u_reduce_f32_add/u_aec_fp32_fma/inst/i_synth/FMA_OP.OP/addsub/add/EXP/NUMB_CMP0/NOT_FAST.CMP/C_CHAIN/CHAIN_GEN[0].C_MUX.CARRY_MUX_1[0]
                         LUT5 (Prop_LUT5_I4_O)        0.038     4.157 f  u_warp_collective_core/u_reduce_f32_add/u_aec_fp32_fma/inst/i_synth/FMA_OP.OP/addsub/add/EXP/NUMB_CMP0/NOT_FAST.CMP/C_CHAIN/CHAIN_GEN[0].C_MUX.CARRY_MUX_i_2__7/O
                         net (fo=52, unplaced)        0.256     4.413    u_warp_collective_core/u_reduce_f32_add/u_aec_fp32_fma/inst/i_synth/FMA_OP.OP/mul/b_largest
                         LUT6 (Prop_LUT6_I4_O)        0.038     4.451 f  u_warp_collective_core/u_reduce_f32_add/u_aec_fp32_fma/inst/i_synth/FMA_OP.OP/mul/CHAIN_GEN[1].C_MUX.CARRY_MUX_i_2__0/O
                         net (fo=3, unplaced)         0.147     4.598    u_warp_collective_core/u_reduce_f32_add/u_aec_fp32_fma/inst/i_synth/FMA_OP.OP/mul/sml_shift_mux__95[4]
                         LUT4 (Prop_LUT4_I0_O)        0.100     4.698 r  u_warp_collective_core/u_reduce_f32_add/u_aec_fp32_fma/inst/i_synth/FMA_OP.OP/mul/CHAIN_GEN[1].C_MUX.CARRY_MUX_i_1__2/O
                         net (fo=1, unplaced)         0.023     4.721    u_warp_collective_core/u_reduce_f32_add/u_aec_fp32_fma/inst/i_synth/FMA_OP.OP/addsub/add/ALIGN_BLK/aligner.ALIGN_SHIFT/ALIGN_Z_D/EQ_ZERO/CARRY_ZERO_DET/CHAIN_GEN[11].C_MUX.CARRY_MUX_0[1]
                         CARRY8 (Prop_CARRY8_S[1]_CO[7])
                                                      0.197     4.918 r  u_warp_collective_core/u_reduce_f32_add/u_aec_fp32_fma/inst/i_synth/FMA_OP.OP/addsub/add/ALIGN_BLK/aligner.ALIGN_SHIFT/ALIGN_Z_D/EQ_ZERO/CARRY_ZERO_DET/CHAIN_GEN[0].C_MUX.CARRY_MUX_CARRY4_CARRY8/CO[7]
                         net (fo=2, unplaced)         0.005     4.923    u_warp_collective_core/u_reduce_f32_add/u_aec_fp32_fma/inst/i_synth/FMA_OP.OP/addsub/add/ALIGN_BLK/aligner.ALIGN_SHIFT/ALIGN_Z_D/EQ_ZERO/CARRY_ZERO_DET/CARRYS_OUT[7]
                         CARRY8 (Prop_CARRY8_CI_CO[2])
                                                      0.057     4.980 r  u_warp_collective_core/u_reduce_f32_add/u_aec_fp32_fma/inst/i_synth/FMA_OP.OP/addsub/add/ALIGN_BLK/aligner.ALIGN_SHIFT/ALIGN_Z_D/EQ_ZERO/CARRY_ZERO_DET/CHAIN_GEN[8].C_MUX.CARRY_MUX_CARRY4_CARRY8/CO[2]
                         net (fo=1, unplaced)         0.185     5.165    u_warp_collective_core/u_reduce_f32_add/u_aec_fp32_fma/inst/i_synth/FMA_OP.OP/addsub/add/EXP/bma_exp_cc/CARRYS_OUT[10]
                         LUT6 (Prop_LUT6_I0_O)        0.038     5.203 r  u_warp_collective_core/u_reduce_f32_add/u_aec_fp32_fma/inst/i_synth/FMA_OP.OP/addsub/add/EXP/bma_exp_cc/MUX_LOOP[2].OTHER_LEVELS.DO_CHUNKS[0].LUT6_STRUCT_MUX.MUX1_i_7/O
                         net (fo=1, unplaced)         0.185     5.388    u_warp_collective_core/u_reduce_f32_add/u_aec_fp32_fma/inst/i_synth/FMA_OP.OP/addsub/add/EXP/bma_exp_cc/MUX_LOOP[2].OTHER_LEVELS.DO_CHUNKS[0].LUT6_STRUCT_MUX.MUX1_i_7_n_0
                         LUT6 (Prop_LUT6_I5_O)        0.038     5.426 r  u_warp_collective_core/u_reduce_f32_add/u_aec_fp32_fma/inst/i_synth/FMA_OP.OP/addsub/add/EXP/bma_exp_cc/MUX_LOOP[2].OTHER_LEVELS.DO_CHUNKS[0].LUT6_STRUCT_MUX.MUX1_i_3/O
                         net (fo=1, unplaced)         0.185     5.611    u_warp_collective_core/u_reduce_f32_add/u_aec_fp32_fma/inst/i_synth/FMA_OP.OP/addsub/add/EXP/bma_exp_cc/MUX_LOOP[2].OTHER_LEVELS.DO_CHUNKS[0].LUT6_STRUCT_MUX.MUX1_i_3_n_0
                         LUT6 (Prop_LUT6_I0_O)        0.037     5.648 r  u_warp_collective_core/u_reduce_f32_add/u_aec_fp32_fma/inst/i_synth/FMA_OP.OP/addsub/add/EXP/bma_exp_cc/MUX_LOOP[2].OTHER_LEVELS.DO_CHUNKS[0].LUT6_STRUCT_MUX.MUX1_i_1/O
                         net (fo=1, unplaced)         0.024     5.672    u_warp_collective_core/u_reduce_f32_add/u_aec_fp32_fma/inst/i_synth/FMA_OP.OP/addsub/add/ALIGN_BLK/aligner.ALIGN_SHIFT/ALIGN_Z_D/zero_det_unreg[1]_0[2]
                         MUXF7 (Prop_MUXF7_I0_O)      0.067     5.739 r  u_warp_collective_core/u_reduce_f32_add/u_aec_fp32_fma/inst/i_synth/FMA_OP.OP/addsub/add/ALIGN_BLK/aligner.ALIGN_SHIFT/ALIGN_Z_D/MUX_LOOP[2].OTHER_LEVELS.DO_CHUNKS[0].LUT6_STRUCT_MUX.MUX1/O
                         net (fo=1, unplaced)         0.000     5.739    u_warp_collective_core/u_reduce_f32_add/u_aec_fp32_fma/inst/i_synth/FMA_OP.OP/addsub/add/ALIGN_BLK/aligner.ALIGN_SHIFT/ALIGN_Z_D/MUX_LOOP[2].OTHER_LEVELS.DO_CHUNKS[0].LUT6_STRUCT_MUX.mux0_1
                         MUXF8 (Prop_MUXF8_I1_O)      0.028     5.767 r  u_warp_collective_core/u_reduce_f32_add/u_aec_fp32_fma/inst/i_synth/FMA_OP.OP/addsub/add/ALIGN_BLK/aligner.ALIGN_SHIFT/ALIGN_Z_D/MUX_LOOP[2].OTHER_LEVELS.DO_CHUNKS[0].LUT6_STRUCT_MUX.MUX2/O
                         net (fo=2, unplaced)         0.185     5.952    u_warp_collective_core/u_reduce_f32_add/u_aec_fp32_fma/inst/i_synth/FMA_OP.OP/addsub/add/ALIGN_BLK/aligner.ALIGN_SHIFT/ALIGN_Z_D/zeros_z_det_a
                         LUT4 (Prop_LUT4_I1_O)        0.037     5.989 r  u_warp_collective_core/u_reduce_f32_add/u_aec_fp32_fma/inst/i_synth/FMA_OP.OP/addsub/add/ALIGN_BLK/aligner.ALIGN_SHIFT/ALIGN_Z_D/STRUCT_ADD1.CARRY_MUX2_i_1/O
                         net (fo=1, unplaced)         0.023     6.012    u_warp_collective_core/u_reduce_f32_add/u_aec_fp32_fma/inst/i_synth/FMA_OP.OP/addsub/add/ALIGN_BLK/FRAC_ADDSUB/LOGIC_ADD.FRAC_ADDSUB/STRUCT_ADD1.CARRY_MUX2_0
                         CARRY8 (Prop_CARRY8_S[1]_CO[7])
                                                      0.197     6.209 r  u_warp_collective_core/u_reduce_f32_add/u_aec_fp32_fma/inst/i_synth/FMA_OP.OP/addsub/add/ALIGN_BLK/FRAC_ADDSUB/LOGIC_ADD.FRAC_ADDSUB/STRUCT_ADD1.CARRY_MUX1_CARRY4_CARRY8/CO[7]
                         net (fo=1, unplaced)         0.005     6.214    u_warp_collective_core/u_reduce_f32_add/u_aec_fp32_fma/inst/i_synth/FMA_OP.OP/addsub/add/ALIGN_BLK/FRAC_ADDSUB/LOGIC_ADD.FRAC_ADDSUB/STRUCT_ADD1.ADD1/CHAIN_GEN[5].C_MUX.CARRY_MUX_n_0
                         CARRY8 (Prop_CARRY8_CI_CO[7])
                                                      0.022     6.236 r  u_warp_collective_core/u_reduce_f32_add/u_aec_fp32_fma/inst/i_synth/FMA_OP.OP/addsub/add/ALIGN_BLK/FRAC_ADDSUB/LOGIC_ADD.FRAC_ADDSUB/STRUCT_ADD1.ADD1/CHAIN_GEN[6].C_MUX.CARRY_MUX_CARRY4_CARRY8/CO[7]
                         net (fo=1, unplaced)         0.005     6.241    u_warp_collective_core/u_reduce_f32_add/u_aec_fp32_fma/inst/i_synth/FMA_OP.OP/addsub/add/ALIGN_BLK/FRAC_ADDSUB/LOGIC_ADD.FRAC_ADDSUB/STRUCT_ADD1.ADD1/CHAIN_GEN[13].C_MUX.CARRY_MUX_n_0
                         CARRY8 (Prop_CARRY8_CI_CO[7])
                                                      0.022     6.263 r  u_warp_collective_core/u_reduce_f32_add/u_aec_fp32_fma/inst/i_synth/FMA_OP.OP/addsub/add/ALIGN_BLK/FRAC_ADDSUB/LOGIC_ADD.FRAC_ADDSUB/STRUCT_ADD1.ADD1/CHAIN_GEN[14].C_MUX.CARRY_MUX_CARRY4_CARRY8/CO[7]
                         net (fo=1, unplaced)         0.005     6.268    u_warp_collective_core/u_reduce_f32_add/u_aec_fp32_fma/inst/i_synth/FMA_OP.OP/addsub/add/ALIGN_BLK/FRAC_ADDSUB/LOGIC_ADD.FRAC_ADDSUB/STRUCT_ADD1.ADD1/CHAIN_GEN[21].C_MUX.CARRY_MUX_n_0
                         CARRY8 (Prop_CARRY8_CI_CO[7])
                                                      0.022     6.290 r  u_warp_collective_core/u_reduce_f32_add/u_aec_fp32_fma/inst/i_synth/FMA_OP.OP/addsub/add/ALIGN_BLK/FRAC_ADDSUB/LOGIC_ADD.FRAC_ADDSUB/STRUCT_ADD1.ADD1/CHAIN_GEN[22].C_MUX.CARRY_MUX_CARRY4_CARRY8/CO[7]
                         net (fo=1, unplaced)         0.005     6.295    u_warp_collective_core/u_reduce_f32_add/u_aec_fp32_fma/inst/i_synth/FMA_OP.OP/addsub/add/ALIGN_BLK/FRAC_ADDSUB/LOGIC_ADD.FRAC_ADDSUB/STRUCT_ADD2.ADD1/CHAIN_GEN[4].C_MUX.CARRY_MUX_n_0
                         CARRY8 (Prop_CARRY8_CI_CO[7])
                                                      0.022     6.317 r  u_warp_collective_core/u_reduce_f32_add/u_aec_fp32_fma/inst/i_synth/FMA_OP.OP/addsub/add/ALIGN_BLK/FRAC_ADDSUB/LOGIC_ADD.FRAC_ADDSUB/STRUCT_ADD2.ADD1/CHAIN_GEN[5].C_MUX.CARRY_MUX_CARRY4_CARRY8/CO[7]
                         net (fo=1, unplaced)         0.005     6.322    u_warp_collective_core/u_reduce_f32_add/u_aec_fp32_fma/inst/i_synth/FMA_OP.OP/addsub/add/ALIGN_BLK/FRAC_ADDSUB/LOGIC_ADD.FRAC_ADDSUB/STRUCT_ADD2.ADD1/CHAIN_GEN[12].C_MUX.CARRY_MUX_n_0
                         CARRY8 (Prop_CARRY8_CI_CO[7])
                                                      0.022     6.344 r  u_warp_collective_core/u_reduce_f32_add/u_aec_fp32_fma/inst/i_synth/FMA_OP.OP/addsub/add/ALIGN_BLK/FRAC_ADDSUB/LOGIC_ADD.FRAC_ADDSUB/STRUCT_ADD2.ADD1/CHAIN_GEN[13].C_MUX.CARRY_MUX_CARRY4_CARRY8/CO[7]
                         net (fo=1, unplaced)         0.005     6.349    u_warp_collective_core/u_reduce_f32_add/u_aec_fp32_fma/inst/i_synth/FMA_OP.OP/addsub/add/ALIGN_BLK/FRAC_ADDSUB/LOGIC_ADD.FRAC_ADDSUB/STRUCT_ADD2.ADD1/CHAIN_GEN[20].C_MUX.CARRY_MUX_n_0
                         CARRY8 (Prop_CARRY8_CI_O[4])
                                                      0.086     6.435 f  u_warp_collective_core/u_reduce_f32_add/u_aec_fp32_fma/inst/i_synth/FMA_OP.OP/addsub/add/ALIGN_BLK/FRAC_ADDSUB/LOGIC_ADD.FRAC_ADDSUB/STRUCT_ADD2.ADD1/CHAIN_GEN[21].C_MUX.CARRY_MUX_CARRY4_CARRY8/O[4]
                         net (fo=4, unplaced)         0.197     6.632    u_warp_collective_core/u_reduce_f32_add/u_aec_fp32_fma/inst/i_synth/FMA_OP.OP/addsub/add/ALIGN_BLK/FRAC_ADDSUB/LOGIC_ADD.FRAC_ADDSUB/STRUCT_ADD2.ADD1/Q[17]
                         LUT4 (Prop_LUT4_I0_O)        0.100     6.732 r  u_warp_collective_core/u_reduce_f32_add/u_aec_fp32_fma/inst/i_synth/FMA_OP.OP/addsub/add/ALIGN_BLK/FRAC_ADDSUB/LOGIC_ADD.FRAC_ADDSUB/STRUCT_ADD2.ADD1/CHAIN_GEN[0].C_MUX.CARRY_MUX_i_1__7/O
                         net (fo=1, unplaced)         0.020     6.752    u_warp_collective_core/u_reduce_f32_add/u_aec_fp32_fma/inst/i_synth/FMA_OP.OP/addsub/add/NORM/LZE/ZERO_DET_CC_1/chunk_is_zero[0]
                         CARRY8 (Prop_CARRY8_S[0]_CO[7])
                                                      0.199     6.951 r  u_warp_collective_core/u_reduce_f32_add/u_aec_fp32_fma/inst/i_synth/FMA_OP.OP/addsub/add/NORM/LZE/ZERO_DET_CC_1/CHAIN_GEN[0].C_MUX.CARRY_MUX_CARRY4_CARRY8/CO[7]
                         net (fo=68, unplaced)        0.290     7.241    u_warp_collective_core/u_reduce_f32_add/u_aec_fp32_fma/inst/i_synth/FMA_OP.OP/addsub/add/NORM/LZE/ZERO_DET_CC_1/CARRYS_OUT[1]
                         LUT6 (Prop_LUT6_I4_O)        0.038     7.279 r  u_warp_collective_core/u_reduce_f32_add/u_aec_fp32_fma/inst/i_synth/FMA_OP.OP/addsub/add/NORM/LZE/ZERO_DET_CC_1/CHAIN_GEN[1].C_MUX.CARRY_MUX_i_2__4/O
                         net (fo=60, unplaced)        0.215     7.494    u_warp_collective_core/u_reduce_f32_add/u_aec_fp32_fma/inst/i_synth/FMA_OP.OP/addsub/add/ALIGN_BLK/FRAC_ADDSUB/LOGIC_ADD.FRAC_ADDSUB/STRUCT_ADD1.ADD1/norm_dist[1]
                         LUT5 (Prop_LUT5_I1_O)        0.100     7.594 r  u_warp_collective_core/u_reduce_f32_add/u_aec_fp32_fma/inst/i_synth/FMA_OP.OP/addsub/add/ALIGN_BLK/FRAC_ADDSUB/LOGIC_ADD.FRAC_ADDSUB/STRUCT_ADD1.ADD1/norm_exp_carry_i_12/O
                         net (fo=1, unplaced)         0.141     7.735    u_warp_collective_core/u_reduce_f32_add/u_aec_fp32_fma/inst/i_synth/FMA_OP.OP/addsub/add/ALIGN_BLK/FRAC_ADDSUB/LOGIC_ADD.FRAC_ADDSUB/STRUCT_ADD2.ADD1/RESULT_REG.NORMAL.mant_op[21]_i_12
                         LUT6 (Prop_LUT6_I1_O)        0.100     7.835 r  u_warp_collective_core/u_reduce_f32_add/u_aec_fp32_fma/inst/i_synth/FMA_OP.OP/addsub/add/ALIGN_BLK/FRAC_ADDSUB/LOGIC_ADD.FRAC_ADDSUB/STRUCT_ADD2.ADD1/norm_exp_carry_i_9/O
                         net (fo=7, unplaced)         0.210     8.045    u_warp_collective_core/u_reduce_f32_add/u_aec_fp32_fma/inst/i_synth/FMA_OP.OP/addsub/add/EXP/EXP_OFF.STRUCT_ADD/norm_dist[1]
                         LUT2 (Prop_LUT2_I1_O)        0.037     8.082 r  u_warp_collective_core/u_reduce_f32_add/u_aec_fp32_fma/inst/i_synth/FMA_OP.OP/addsub/add/EXP/EXP_OFF.STRUCT_ADD/norm_exp_carry_i_7/O
                         net (fo=1, unplaced)         0.023     8.105    u_warp_collective_core/u_reduce_f32_add/u_aec_fp32_fma/inst/i_synth/FMA_OP.OP/addsub/add/EXP/EXP_OFF.STRUCT_ADD_n_5
                         CARRY8 (Prop_CARRY8_S[1]_O[6])
                                                      0.224     8.329 r  u_warp_collective_core/u_reduce_f32_add/u_aec_fp32_fma/inst/i_synth/FMA_OP.OP/addsub/add/EXP/norm_exp_carry/O[6]
                         net (fo=4, unplaced)         0.103     8.432    u_warp_collective_core/u_reduce_f32_add/u_aec_fp32_fma/inst/i_synth/FMA_OP.OP/addsub/add/EXP/exp_op[6]
                         LUT4 (Prop_LUT4_I0_O)        0.139     8.571 r  u_warp_collective_core/u_reduce_f32_add/u_aec_fp32_fma/inst/i_synth/FMA_OP.OP/addsub/add/EXP/RESULT_REG.NORMAL.mant_op[21]_i_22/O
                         net (fo=2, unplaced)         0.185     8.756    u_warp_collective_core/u_reduce_f32_add/u_aec_fp32_fma/inst/i_synth/FMA_OP.OP/addsub/add/EXP/EXP_OFF.STRUCT_ADD/RESULT_REG.NORMAL.mant_op[21]_i_5_0
                         LUT6 (Prop_LUT6_I2_O)        0.038     8.794 r  u_warp_collective_core/u_reduce_f32_add/u_aec_fp32_fma/inst/i_synth/FMA_OP.OP/addsub/add/EXP/EXP_OFF.STRUCT_ADD/RESULT_REG.NORMAL.mant_op[21]_i_17/O
                         net (fo=4, unplaced)         0.152     8.946    u_warp_collective_core/u_reduce_f32_add/u_aec_fp32_fma/inst/i_synth/FMA_OP.OP/addsub/add/EXP/EXP_OFF.STRUCT_ADD/conv_exp.downsize_exp/exp_flt_all_one_rnd
                         LUT3 (Prop_LUT3_I0_O)        0.112     9.058 r  u_warp_collective_core/u_reduce_f32_add/u_aec_fp32_fma/inst/i_synth/FMA_OP.OP/addsub/add/EXP/EXP_OFF.STRUCT_ADD/RESULT_REG.NORMAL.mant_op[22]_i_2/O
                         net (fo=6, unplaced)         0.207     9.265    u_warp_collective_core/u_reduce_f32_add/u_aec_fp32_fma/inst/i_synth/FMA_OP.OP/addsub/add/EXP/EXP_OFF.STRUCT_ADD/conv_exp.downsize_exp/state_rnd__5[0]
                         LUT3 (Prop_LUT3_I2_O)        0.038     9.303 r  u_warp_collective_core/u_reduce_f32_add/u_aec_fp32_fma/inst/i_synth/FMA_OP.OP/addsub/add/EXP/EXP_OFF.STRUCT_ADD/RESULT_REG.NORMAL.exp_op[2]_i_2/O
                         net (fo=5, unplaced)         0.203     9.506    u_warp_collective_core/u_reduce_f32_add/u_aec_fp32_fma/inst/i_synth/FMA_OP.OP/addsub/add/EXP/EXP_OFF.STRUCT_ADD/op_state[0]
                         LUT6 (Prop_LUT6_I4_O)        0.038     9.544 r  u_warp_collective_core/u_reduce_f32_add/u_aec_fp32_fma/inst/i_synth/FMA_OP.OP/addsub/add/EXP/EXP_OFF.STRUCT_ADD/RESULT_REG.NORMAL.mant_op[21]_i_1/O
                         net (fo=22, unplaced)        0.237     9.781    u_warp_collective_core/u_reduce_f32_add/u_aec_fp32_fma/inst/i_synth/FMA_OP.OP/addsub/add/OP/RESULT_REG.NORMAL.mant_op_reg[21]_0
                         FDRE                                         r  u_warp_collective_core/u_reduce_f32_add/u_aec_fp32_fma/inst/i_synth/FMA_OP.OP/addsub/add/OP/RESULT_REG.NORMAL.mant_op_reg[12]/R
  -------------------------------------------------------------------    -------------------

                         (clock clk_i rise edge)      5.556     5.556 r  
                                                      0.000     5.556 r  clk_i (IN)
                         net (fo=37177, unset)        0.020     5.576    u_warp_collective_core/u_reduce_f32_add/u_aec_fp32_fma/inst/i_synth/FMA_OP.OP/addsub/add/OP/aclk
                         FDRE                                         r  u_warp_collective_core/u_reduce_f32_add/u_aec_fp32_fma/inst/i_synth/FMA_OP.OP/addsub/add/OP/RESULT_REG.NORMAL.mant_op_reg[12]/C
                         clock pessimism              0.000     5.576    
                         clock uncertainty           -0.035     5.541    
                         FDRE (Setup_FDRE_C_R)       -0.074     5.467    u_warp_collective_core/u_reduce_f32_add/u_aec_fp32_fma/inst/i_synth/FMA_OP.OP/addsub/add/OP/RESULT_REG.NORMAL.mant_op_reg[12]
  -------------------------------------------------------------------
                         required time                          5.467    
                         arrival time                          -9.781    
  -------------------------------------------------------------------
                         slack                                 -4.314    

Slack (VIOLATED) :        -4.314ns  (required time - arrival time)
  Source:                 u_warp_collective_core/lane_val_q_reg[6][10]/C
                            (rising edge-triggered cell FDCE clocked by clk_i  {rise@0.000ns fall@2.778ns period=5.556ns})
  Destination:            u_warp_collective_core/u_reduce_f32_add/u_aec_fp32_fma/inst/i_synth/FMA_OP.OP/addsub/add/OP/RESULT_REG.NORMAL.mant_op_reg[13]/R
                            (rising edge-triggered cell FDRE clocked by clk_i  {rise@0.000ns fall@2.778ns period=5.556ns})
  Path Group:             clk_i
  Path Type:              Setup (Max at Slow Process Corner)
  Requirement:            5.556ns  (clk_i rise@5.556ns - clk_i rise@0.000ns)
  Data Path Delay:        9.753ns  (logic 5.150ns (52.804%)  route 4.603ns (47.196%))
  Logic Levels:           44  (CARRY8=13 DSP_A_B_DATA=1 DSP_ALU=2 DSP_M_DATA=1 DSP_MULTIPLIER=1 DSP_OUTPUT=2 DSP_PREADD_DATA=1 LUT2=1 LUT3=2 LUT4=5 LUT5=2 LUT6=9 MUXF7=2 MUXF8=2)
  Clock Path Skew:        -0.008ns (DCD - SCD + CPR)
    Destination Clock Delay (DCD):    0.020ns = ( 5.576 - 5.556 ) 
    Source Clock Delay      (SCD):    0.028ns
    Clock Pessimism Removal (CPR):    0.000ns
  Clock Uncertainty:      0.035ns  ((TSJ^2 + TIJ^2)^1/2 + DJ) / 2 + PE
    Total System Jitter     (TSJ):    0.071ns
    Total Input Jitter      (TIJ):    0.000ns
    Discrete Jitter          (DJ):    0.000ns
    Phase Error              (PE):    0.000ns

    Location             Delay type                Incr(ns)  Path(ns)    Netlist Resource(s)
  -------------------------------------------------------------------    -------------------
                         (clock clk_i rise edge)      0.000     0.000 r  
                                                      0.000     0.000 r  clk_i (IN)
                         net (fo=37177, unset)        0.028     0.028    u_warp_collective_core/clk_i
                         FDCE                                         r  u_warp_collective_core/lane_val_q_reg[6][10]/C
  -------------------------------------------------------------------    -------------------
                         FDCE (Prop_FDCE_C_Q)         0.077     0.105 f  u_warp_collective_core/lane_val_q_reg[6][10]/Q
                         net (fo=35, unplaced)        0.216     0.321    u_warp_collective_core/u_reduce_f32_add/u_aec_fp32_fma_i_66_0[10]
                         LUT6 (Prop_LUT6_I0_O)        0.145     0.466 f  u_warp_collective_core/u_reduce_f32_add/u_aec_fp32_fma_i_344/O
                         net (fo=1, unplaced)         0.032     0.498    u_warp_collective_core/u_reduce_f32_add/u_aec_fp32_fma_i_344_n_0
                         MUXF7 (Prop_MUXF7_I0_O)      0.069     0.567 f  u_warp_collective_core/u_reduce_f32_add/u_aec_fp32_fma_i_108/O
                         net (fo=1, unplaced)         0.000     0.567    u_warp_collective_core/u_reduce_f32_add/u_aec_fp32_fma_i_108_n_0
                         MUXF8 (Prop_MUXF8_I0_O)      0.030     0.597 f  u_warp_collective_core/u_reduce_f32_add/u_aec_fp32_fma_i_23/O
                         net (fo=11, unplaced)        0.244     0.841    u_warp_collective_core/u_reduce_f32_add/u_aec_fp32_fma/inst/i_synth/FMA_OP.OP/mul/MULT/gDSP.gDSP_only.iDSP/use_prim.appDSP48[0].bppDSP48[0].use_dsp.use_dsp48e2.iDSP48E2/B[10]
                         DSP_A_B_DATA (Prop_DSP_A_B_DATA_B[10]_B2_DATA[10])
                                                      0.151     0.992 r  u_warp_collective_core/u_reduce_f32_add/u_aec_fp32_fma/inst/i_synth/FMA_OP.OP/mul/MULT/gDSP.gDSP_only.iDSP/use_prim.appDSP48[0].bppDSP48[0].use_dsp.use_dsp48e2.iDSP48E2/DSP_A_B_DATA_INST/B2_DATA[10]
                         net (fo=1, unplaced)         0.000     0.992    u_warp_collective_core/u_reduce_f32_add/u_aec_fp32_fma/inst/i_synth/FMA_OP.OP/mul/MULT/gDSP.gDSP_only.iDSP/use_prim.appDSP48[0].bppDSP48[0].use_dsp.use_dsp48e2.iDSP48E2/DSP_A_B_DATA.B2_DATA<10>
                         DSP_PREADD_DATA (Prop_DSP_PREADD_DATA_B2_DATA[10]_B2B1[10])
                                                      0.073     1.065 r  u_warp_collective_core/u_reduce_f32_add/u_aec_fp32_fma/inst/i_synth/FMA_OP.OP/mul/MULT/gDSP.gDSP_only.iDSP/use_prim.appDSP48[0].bppDSP48[0].use_dsp.use_dsp48e2.iDSP48E2/DSP_PREADD_DATA_INST/B2B1[10]
                         net (fo=1, unplaced)         0.000     1.065    u_warp_collective_core/u_reduce_f32_add/u_aec_fp32_fma/inst/i_synth/FMA_OP.OP/mul/MULT/gDSP.gDSP_only.iDSP/use_prim.appDSP48[0].bppDSP48[0].use_dsp.use_dsp48e2.iDSP48E2/DSP_PREADD_DATA.B2B1<10>
                         DSP_MULTIPLIER (Prop_DSP_MULTIPLIER_B2B1[10]_V[39])
                                                      0.609     1.674 f  u_warp_collective_core/u_reduce_f32_add/u_aec_fp32_fma/inst/i_synth/FMA_OP.OP/mul/MULT/gDSP.gDSP_only.iDSP/use_prim.appDSP48[0].bppDSP48[0].use_dsp.use_dsp48e2.iDSP48E2/DSP_MULTIPLIER_INST/V[39]
                         net (fo=1, unplaced)         0.000     1.674    u_warp_collective_core/u_reduce_f32_add/u_aec_fp32_fma/inst/i_synth/FMA_OP.OP/mul/MULT/gDSP.gDSP_only.iDSP/use_prim.appDSP48[0].bppDSP48[0].use_dsp.use_dsp48e2.iDSP48E2/DSP_MULTIPLIER.V<39>
                         DSP_M_DATA (Prop_DSP_M_DATA_V[39]_V_DATA[39])
                                                      0.046     1.720 r  u_warp_collective_core/u_reduce_f32_add/u_aec_fp32_fma/inst/i_synth/FMA_OP.OP/mul/MULT/gDSP.gDSP_only.iDSP/use_prim.appDSP48[0].bppDSP48[0].use_dsp.use_dsp48e2.iDSP48E2/DSP_M_DATA_INST/V_DATA[39]
                         net (fo=1, unplaced)         0.000     1.720    u_warp_collective_core/u_reduce_f32_add/u_aec_fp32_fma/inst/i_synth/FMA_OP.OP/mul/MULT/gDSP.gDSP_only.iDSP/use_prim.appDSP48[0].bppDSP48[0].use_dsp.use_dsp48e2.iDSP48E2/DSP_M_DATA.V_DATA<39>
                         DSP_ALU (Prop_DSP_ALU_V_DATA[39]_ALU_OUT[47])
                                                      0.571     2.291 f  u_warp_collective_core/u_reduce_f32_add/u_aec_fp32_fma/inst/i_synth/FMA_OP.OP/mul/MULT/gDSP.gDSP_only.iDSP/use_prim.appDSP48[0].bppDSP48[0].use_dsp.use_dsp48e2.iDSP48E2/DSP_ALU_INST/ALU_OUT[47]
                         net (fo=1, unplaced)         0.000     2.291    u_warp_collective_core/u_reduce_f32_add/u_aec_fp32_fma/inst/i_synth/FMA_OP.OP/mul/MULT/gDSP.gDSP_only.iDSP/use_prim.appDSP48[0].bppDSP48[0].use_dsp.use_dsp48e2.iDSP48E2/DSP_ALU.ALU_OUT<47>
                         DSP_OUTPUT (Prop_DSP_OUTPUT_ALU_OUT[47]_PCOUT[47])
                                                      0.122     2.413 r  u_warp_collective_core/u_reduce_f32_add/u_aec_fp32_fma/inst/i_synth/FMA_OP.OP/mul/MULT/gDSP.gDSP_only.iDSP/use_prim.appDSP48[0].bppDSP48[0].use_dsp.use_dsp48e2.iDSP48E2/DSP_OUTPUT_INST/PCOUT[47]
                         net (fo=1, unplaced)         0.014     2.427    u_warp_collective_core/u_reduce_f32_add/u_aec_fp32_fma/inst/i_synth/FMA_OP.OP/mul/MULT/gDSP.gDSP_only.iDSP/use_prim.appDSP48[0].bppDSP48[1].use_dsp.use_dsp48e2.iDSP48E2/PCIN[47]
                         DSP_ALU (Prop_DSP_ALU_PCIN[47]_ALU_OUT[15])
                                                      0.546     2.973 f  u_warp_collective_core/u_reduce_f32_add/u_aec_fp32_fma/inst/i_synth/FMA_OP.OP/mul/MULT/gDSP.gDSP_only.iDSP/use_prim.appDSP48[0].bppDSP48[1].use_dsp.use_dsp48e2.iDSP48E2/DSP_ALU_INST/ALU_OUT[15]
                         net (fo=1, unplaced)         0.000     2.973    u_warp_collective_core/u_reduce_f32_add/u_aec_fp32_fma/inst/i_synth/FMA_OP.OP/mul/MULT/gDSP.gDSP_only.iDSP/use_prim.appDSP48[0].bppDSP48[1].use_dsp.use_dsp48e2.iDSP48E2/DSP_ALU.ALU_OUT<15>
                         DSP_OUTPUT (Prop_DSP_OUTPUT_ALU_OUT[15]_P[15])
                                                      0.109     3.082 r  u_warp_collective_core/u_reduce_f32_add/u_aec_fp32_fma/inst/i_synth/FMA_OP.OP/mul/MULT/gDSP.gDSP_only.iDSP/use_prim.appDSP48[0].bppDSP48[1].use_dsp.use_dsp48e2.iDSP48E2/DSP_OUTPUT_INST/P[15]
                         net (fo=8, unplaced)         0.236     3.318    u_warp_collective_core/u_reduce_f32_add/u_aec_fp32_fma/inst/i_synth/FMA_OP.OP/mul/mul_result_wide[32]
                         LUT4 (Prop_LUT4_I1_O)        0.139     3.457 f  u_warp_collective_core/u_reduce_f32_add/u_aec_fp32_fma/inst/i_synth/FMA_OP.OP/mul/CHAIN_GEN[16].C_MUX.CARRY_MUX_i_2__2/O
                         net (fo=1, unplaced)         0.242     3.699    u_warp_collective_core/u_reduce_f32_add/u_aec_fp32_fma/inst/i_synth/FMA_OP.OP/addsub/add/EXP/NUMB_CMP1/NOT_FAST.CMP/C_CHAIN/CHAIN_GEN[23].C_MUX.CARRY_MUX_1[4]
                         CARRY8 (Prop_CARRY8_DI[0]_CO[7])
                                                      0.140     3.839 f  u_warp_collective_core/u_reduce_f32_add/u_aec_fp32_fma/inst/i_synth/FMA_OP.OP/addsub/add/EXP/NUMB_CMP1/NOT_FAST.CMP/C_CHAIN/CHAIN_GEN[16].C_MUX.CARRY_MUX_CARRY4_CARRY8/CO[7]
                         net (fo=1, unplaced)         0.005     3.844    u_warp_collective_core/u_reduce_f32_add/u_aec_fp32_fma/inst/i_synth/FMA_OP.OP/addsub/add/EXP/NUMB_CMP1/NOT_FAST.CMP/C_CHAIN/CHAIN_GEN[23].C_MUX.CARRY_MUX_n_0
                         CARRY8 (Prop_CARRY8_CI_CO[4])
                                                      0.092     3.936 f  u_warp_collective_core/u_reduce_f32_add/u_aec_fp32_fma/inst/i_synth/FMA_OP.OP/addsub/add/EXP/NUMB_CMP1/NOT_FAST.CMP/C_CHAIN/CHAIN_GEN[24].C_MUX.CARRY_MUX_CARRY4_CARRY8/CO[4]
                         net (fo=2, unplaced)         0.183     4.119    u_warp_collective_core/u_reduce_f32_add/u_aec_fp32_fma/inst/i_synth/FMA_OP.OP/addsub/add/EXP/NUMB_CMP0/NOT_FAST.CMP/C_CHAIN/CHAIN_GEN[0].C_MUX.CARRY_MUX_1[0]
                         LUT5 (Prop_LUT5_I4_O)        0.038     4.157 f  u_warp_collective_core/u_reduce_f32_add/u_aec_fp32_fma/inst/i_synth/FMA_OP.OP/addsub/add/EXP/NUMB_CMP0/NOT_FAST.CMP/C_CHAIN/CHAIN_GEN[0].C_MUX.CARRY_MUX_i_2__7/O
                         net (fo=52, unplaced)        0.256     4.413    u_warp_collective_core/u_reduce_f32_add/u_aec_fp32_fma/inst/i_synth/FMA_OP.OP/mul/b_largest
                         LUT6 (Prop_LUT6_I4_O)        0.038     4.451 f  u_warp_collective_core/u_reduce_f32_add/u_aec_fp32_fma/inst/i_synth/FMA_OP.OP/mul/CHAIN_GEN[1].C_MUX.CARRY_MUX_i_2__0/O
                         net (fo=3, unplaced)         0.147     4.598    u_warp_collective_core/u_reduce_f32_add/u_aec_fp32_fma/inst/i_synth/FMA_OP.OP/mul/sml_shift_mux__95[4]
                         LUT4 (Prop_LUT4_I0_O)        0.100     4.698 r  u_warp_collective_core/u_reduce_f32_add/u_aec_fp32_fma/inst/i_synth/FMA_OP.OP/mul/CHAIN_GEN[1].C_MUX.CARRY_MUX_i_1__2/O
                         net (fo=1, unplaced)         0.023     4.721    u_warp_collective_core/u_reduce_f32_add/u_aec_fp32_fma/inst/i_synth/FMA_OP.OP/addsub/add/ALIGN_BLK/aligner.ALIGN_SHIFT/ALIGN_Z_D/EQ_ZERO/CARRY_ZERO_DET/CHAIN_GEN[11].C_MUX.CARRY_MUX_0[1]
                         CARRY8 (Prop_CARRY8_S[1]_CO[7])
                                                      0.197     4.918 r  u_warp_collective_core/u_reduce_f32_add/u_aec_fp32_fma/inst/i_synth/FMA_OP.OP/addsub/add/ALIGN_BLK/aligner.ALIGN_SHIFT/ALIGN_Z_D/EQ_ZERO/CARRY_ZERO_DET/CHAIN_GEN[0].C_MUX.CARRY_MUX_CARRY4_CARRY8/CO[7]
                         net (fo=2, unplaced)         0.005     4.923    u_warp_collective_core/u_reduce_f32_add/u_aec_fp32_fma/inst/i_synth/FMA_OP.OP/addsub/add/ALIGN_BLK/aligner.ALIGN_SHIFT/ALIGN_Z_D/EQ_ZERO/CARRY_ZERO_DET/CARRYS_OUT[7]
                         CARRY8 (Prop_CARRY8_CI_CO[2])
                                                      0.057     4.980 r  u_warp_collective_core/u_reduce_f32_add/u_aec_fp32_fma/inst/i_synth/FMA_OP.OP/addsub/add/ALIGN_BLK/aligner.ALIGN_SHIFT/ALIGN_Z_D/EQ_ZERO/CARRY_ZERO_DET/CHAIN_GEN[8].C_MUX.CARRY_MUX_CARRY4_CARRY8/CO[2]
                         net (fo=1, unplaced)         0.185     5.165    u_warp_collective_core/u_reduce_f32_add/u_aec_fp32_fma/inst/i_synth/FMA_OP.OP/addsub/add/EXP/bma_exp_cc/CARRYS_OUT[10]
                         LUT6 (Prop_LUT6_I0_O)        0.038     5.203 r  u_warp_collective_core/u_reduce_f32_add/u_aec_fp32_fma/inst/i_synth/FMA_OP.OP/addsub/add/EXP/bma_exp_cc/MUX_LOOP[2].OTHER_LEVELS.DO_CHUNKS[0].LUT6_STRUCT_MUX.MUX1_i_7/O
                         net (fo=1, unplaced)         0.185     5.388    u_warp_collective_core/u_reduce_f32_add/u_aec_fp32_fma/inst/i_synth/FMA_OP.OP/addsub/add/EXP/bma_exp_cc/MUX_LOOP[2].OTHER_LEVELS.DO_CHUNKS[0].LUT6_STRUCT_MUX.MUX1_i_7_n_0
                         LUT6 (Prop_LUT6_I5_O)        0.038     5.426 r  u_warp_collective_core/u_reduce_f32_add/u_aec_fp32_fma/inst/i_synth/FMA_OP.OP/addsub/add/EXP/bma_exp_cc/MUX_LOOP[2].OTHER_LEVELS.DO_CHUNKS[0].LUT6_STRUCT_MUX.MUX1_i_3/O
                         net (fo=1, unplaced)         0.185     5.611    u_warp_collective_core/u_reduce_f32_add/u_aec_fp32_fma/inst/i_synth/FMA_OP.OP/addsub/add/EXP/bma_exp_cc/MUX_LOOP[2].OTHER_LEVELS.DO_CHUNKS[0].LUT6_STRUCT_MUX.MUX1_i_3_n_0
                         LUT6 (Prop_LUT6_I0_O)        0.037     5.648 r  u_warp_collective_core/u_reduce_f32_add/u_aec_fp32_fma/inst/i_synth/FMA_OP.OP/addsub/add/EXP/bma_exp_cc/MUX_LOOP[2].OTHER_LEVELS.DO_CHUNKS[0].LUT6_STRUCT_MUX.MUX1_i_1/O
                         net (fo=1, unplaced)         0.024     5.672    u_warp_collective_core/u_reduce_f32_add/u_aec_fp32_fma/inst/i_synth/FMA_OP.OP/addsub/add/ALIGN_BLK/aligner.ALIGN_SHIFT/ALIGN_Z_D/zero_det_unreg[1]_0[2]
                         MUXF7 (Prop_MUXF7_I0_O)      0.067     5.739 r  u_warp_collective_core/u_reduce_f32_add/u_aec_fp32_fma/inst/i_synth/FMA_OP.OP/addsub/add/ALIGN_BLK/aligner.ALIGN_SHIFT/ALIGN_Z_D/MUX_LOOP[2].OTHER_LEVELS.DO_CHUNKS[0].LUT6_STRUCT_MUX.MUX1/O
                         net (fo=1, unplaced)         0.000     5.739    u_warp_collective_core/u_reduce_f32_add/u_aec_fp32_fma/inst/i_synth/FMA_OP.OP/addsub/add/ALIGN_BLK/aligner.ALIGN_SHIFT/ALIGN_Z_D/MUX_LOOP[2].OTHER_LEVELS.DO_CHUNKS[0].LUT6_STRUCT_MUX.mux0_1
                         MUXF8 (Prop_MUXF8_I1_O)      0.028     5.767 r  u_warp_collective_core/u_reduce_f32_add/u_aec_fp32_fma/inst/i_synth/FMA_OP.OP/addsub/add/ALIGN_BLK/aligner.ALIGN_SHIFT/ALIGN_Z_D/MUX_LOOP[2].OTHER_LEVELS.DO_CHUNKS[0].LUT6_STRUCT_MUX.MUX2/O
                         net (fo=2, unplaced)         0.185     5.952    u_warp_collective_core/u_reduce_f32_add/u_aec_fp32_fma/inst/i_synth/FMA_OP.OP/addsub/add/ALIGN_BLK/aligner.ALIGN_SHIFT/ALIGN_Z_D/zeros_z_det_a
                         LUT4 (Prop_LUT4_I1_O)        0.037     5.989 r  u_warp_collective_core/u_reduce_f32_add/u_aec_fp32_fma/inst/i_synth/FMA_OP.OP/addsub/add/ALIGN_BLK/aligner.ALIGN_SHIFT/ALIGN_Z_D/STRUCT_ADD1.CARRY_MUX2_i_1/O
                         net (fo=1, unplaced)         0.023     6.012    u_warp_collective_core/u_reduce_f32_add/u_aec_fp32_fma/inst/i_synth/FMA_OP.OP/addsub/add/ALIGN_BLK/FRAC_ADDSUB/LOGIC_ADD.FRAC_ADDSUB/STRUCT_ADD1.CARRY_MUX2_0
                         CARRY8 (Prop_CARRY8_S[1]_CO[7])
                                                      0.197     6.209 r  u_warp_collective_core/u_reduce_f32_add/u_aec_fp32_fma/inst/i_synth/FMA_OP.OP/addsub/add/ALIGN_BLK/FRAC_ADDSUB/LOGIC_ADD.FRAC_ADDSUB/STRUCT_ADD1.CARRY_MUX1_CARRY4_CARRY8/CO[7]
                         net (fo=1, unplaced)         0.005     6.214    u_warp_collective_core/u_reduce_f32_add/u_aec_fp32_fma/inst/i_synth/FMA_OP.OP/addsub/add/ALIGN_BLK/FRAC_ADDSUB/LOGIC_ADD.FRAC_ADDSUB/STRUCT_ADD1.ADD1/CHAIN_GEN[5].C_MUX.CARRY_MUX_n_0
                         CARRY8 (Prop_CARRY8_CI_CO[7])
                                                      0.022     6.236 r  u_warp_collective_core/u_reduce_f32_add/u_aec_fp32_fma/inst/i_synth/FMA_OP.OP/addsub/add/ALIGN_BLK/FRAC_ADDSUB/LOGIC_ADD.FRAC_ADDSUB/STRUCT_ADD1.ADD1/CHAIN_GEN[6].C_MUX.CARRY_MUX_CARRY4_CARRY8/CO[7]
                         net (fo=1, unplaced)         0.005     6.241    u_warp_collective_core/u_reduce_f32_add/u_aec_fp32_fma/inst/i_synth/FMA_OP.OP/addsub/add/ALIGN_BLK/FRAC_ADDSUB/LOGIC_ADD.FRAC_ADDSUB/STRUCT_ADD1.ADD1/CHAIN_GEN[13].C_MUX.CARRY_MUX_n_0
                         CARRY8 (Prop_CARRY8_CI_CO[7])
                                                      0.022     6.263 r  u_warp_collective_core/u_reduce_f32_add/u_aec_fp32_fma/inst/i_synth/FMA_OP.OP/addsub/add/ALIGN_BLK/FRAC_ADDSUB/LOGIC_ADD.FRAC_ADDSUB/STRUCT_ADD1.ADD1/CHAIN_GEN[14].C_MUX.CARRY_MUX_CARRY4_CARRY8/CO[7]
                         net (fo=1, unplaced)         0.005     6.268    u_warp_collective_core/u_reduce_f32_add/u_aec_fp32_fma/inst/i_synth/FMA_OP.OP/addsub/add/ALIGN_BLK/FRAC_ADDSUB/LOGIC_ADD.FRAC_ADDSUB/STRUCT_ADD1.ADD1/CHAIN_GEN[21].C_MUX.CARRY_MUX_n_0
                         CARRY8 (Prop_CARRY8_CI_CO[7])
                                                      0.022     6.290 r  u_warp_collective_core/u_reduce_f32_add/u_aec_fp32_fma/inst/i_synth/FMA_OP.OP/addsub/add/ALIGN_BLK/FRAC_ADDSUB/LOGIC_ADD.FRAC_ADDSUB/STRUCT_ADD1.ADD1/CHAIN_GEN[22].C_MUX.CARRY_MUX_CARRY4_CARRY8/CO[7]
                         net (fo=1, unplaced)         0.005     6.295    u_warp_collective_core/u_reduce_f32_add/u_aec_fp32_fma/inst/i_synth/FMA_OP.OP/addsub/add/ALIGN_BLK/FRAC_ADDSUB/LOGIC_ADD.FRAC_ADDSUB/STRUCT_ADD2.ADD1/CHAIN_GEN[4].C_MUX.CARRY_MUX_n_0
                         CARRY8 (Prop_CARRY8_CI_CO[7])
                                                      0.022     6.317 r  u_warp_collective_core/u_reduce_f32_add/u_aec_fp32_fma/inst/i_synth/FMA_OP.OP/addsub/add/ALIGN_BLK/FRAC_ADDSUB/LOGIC_ADD.FRAC_ADDSUB/STRUCT_ADD2.ADD1/CHAIN_GEN[5].C_MUX.CARRY_MUX_CARRY4_CARRY8/CO[7]
                         net (fo=1, unplaced)         0.005     6.322    u_warp_collective_core/u_reduce_f32_add/u_aec_fp32_fma/inst/i_synth/FMA_OP.OP/addsub/add/ALIGN_BLK/FRAC_ADDSUB/LOGIC_ADD.FRAC_ADDSUB/STRUCT_ADD2.ADD1/CHAIN_GEN[12].C_MUX.CARRY_MUX_n_0
                         CARRY8 (Prop_CARRY8_CI_CO[7])
                                                      0.022     6.344 r  u_warp_collective_core/u_reduce_f32_add/u_aec_fp32_fma/inst/i_synth/FMA_OP.OP/addsub/add/ALIGN_BLK/FRAC_ADDSUB/LOGIC_ADD.FRAC_ADDSUB/STRUCT_ADD2.ADD1/CHAIN_GEN[13].C_MUX.CARRY_MUX_CARRY4_CARRY8/CO[7]
                         net (fo=1, unplaced)         0.005     6.349    u_warp_collective_core/u_reduce_f32_add/u_aec_fp32_fma/inst/i_synth/FMA_OP.OP/addsub/add/ALIGN_BLK/FRAC_ADDSUB/LOGIC_ADD.FRAC_ADDSUB/STRUCT_ADD2.ADD1/CHAIN_GEN[20].C_MUX.CARRY_MUX_n_0
                         CARRY8 (Prop_CARRY8_CI_O[4])
                                                      0.086     6.435 f  u_warp_collective_core/u_reduce_f32_add/u_aec_fp32_fma/inst/i_synth/FMA_OP.OP/addsub/add/ALIGN_BLK/FRAC_ADDSUB/LOGIC_ADD.FRAC_ADDSUB/STRUCT_ADD2.ADD1/CHAIN_GEN[21].C_MUX.CARRY_MUX_CARRY4_CARRY8/O[4]
                         net (fo=4, unplaced)         0.197     6.632    u_warp_collective_core/u_reduce_f32_add/u_aec_fp32_fma/inst/i_synth/FMA_OP.OP/addsub/add/ALIGN_BLK/FRAC_ADDSUB/LOGIC_ADD.FRAC_ADDSUB/STRUCT_ADD2.ADD1/Q[17]
                         LUT4 (Prop_LUT4_I0_O)        0.100     6.732 r  u_warp_collective_core/u_reduce_f32_add/u_aec_fp32_fma/inst/i_synth/FMA_OP.OP/addsub/add/ALIGN_BLK/FRAC_ADDSUB/LOGIC_ADD.FRAC_ADDSUB/STRUCT_ADD2.ADD1/CHAIN_GEN[0].C_MUX.CARRY_MUX_i_1__7/O
                         net (fo=1, unplaced)         0.020     6.752    u_warp_collective_core/u_reduce_f32_add/u_aec_fp32_fma/inst/i_synth/FMA_OP.OP/addsub/add/NORM/LZE/ZERO_DET_CC_1/chunk_is_zero[0]
                         CARRY8 (Prop_CARRY8_S[0]_CO[7])
                                                      0.199     6.951 r  u_warp_collective_core/u_reduce_f32_add/u_aec_fp32_fma/inst/i_synth/FMA_OP.OP/addsub/add/NORM/LZE/ZERO_DET_CC_1/CHAIN_GEN[0].C_MUX.CARRY_MUX_CARRY4_CARRY8/CO[7]
                         net (fo=68, unplaced)        0.290     7.241    u_warp_collective_core/u_reduce_f32_add/u_aec_fp32_fma/inst/i_synth/FMA_OP.OP/addsub/add/NORM/LZE/ZERO_DET_CC_1/CARRYS_OUT[1]
                         LUT6 (Prop_LUT6_I4_O)        0.038     7.279 r  u_warp_collective_core/u_reduce_f32_add/u_aec_fp32_fma/inst/i_synth/FMA_OP.OP/addsub/add/NORM/LZE/ZERO_DET_CC_1/CHAIN_GEN[1].C_MUX.CARRY_MUX_i_2__4/O
                         net (fo=60, unplaced)        0.215     7.494    u_warp_collective_core/u_reduce_f32_add/u_aec_fp32_fma/inst/i_synth/FMA_OP.OP/addsub/add/ALIGN_BLK/FRAC_ADDSUB/LOGIC_ADD.FRAC_ADDSUB/STRUCT_ADD1.ADD1/norm_dist[1]
                         LUT5 (Prop_LUT5_I1_O)        0.100     7.594 r  u_warp_collective_core/u_reduce_f32_add/u_aec_fp32_fma/inst/i_synth/FMA_OP.OP/addsub/add/ALIGN_BLK/FRAC_ADDSUB/LOGIC_ADD.FRAC_ADDSUB/STRUCT_ADD1.ADD1/norm_exp_carry_i_12/O
                         net (fo=1, unplaced)         0.141     7.735    u_warp_collective_core/u_reduce_f32_add/u_aec_fp32_fma/inst/i_synth/FMA_OP.OP/addsub/add/ALIGN_BLK/FRAC_ADDSUB/LOGIC_ADD.FRAC_ADDSUB/STRUCT_ADD2.ADD1/RESULT_REG.NORMAL.mant_op[21]_i_12
                         LUT6 (Prop_LUT6_I1_O)        0.100     7.835 r  u_warp_collective_core/u_reduce_f32_add/u_aec_fp32_fma/inst/i_synth/FMA_OP.OP/addsub/add/ALIGN_BLK/FRAC_ADDSUB/LOGIC_ADD.FRAC_ADDSUB/STRUCT_ADD2.ADD1/norm_exp_carry_i_9/O
                         net (fo=7, unplaced)         0.210     8.045    u_warp_collective_core/u_reduce_f32_add/u_aec_fp32_fma/inst/i_synth/FMA_OP.OP/addsub/add/EXP/EXP_OFF.STRUCT_ADD/norm_dist[1]
                         LUT2 (Prop_LUT2_I1_O)        0.037     8.082 r  u_warp_collective_core/u_reduce_f32_add/u_aec_fp32_fma/inst/i_synth/FMA_OP.OP/addsub/add/EXP/EXP_OFF.STRUCT_ADD/norm_exp_carry_i_7/O
                         net (fo=1, unplaced)         0.023     8.105    u_warp_collective_core/u_reduce_f32_add/u_aec_fp32_fma/inst/i_synth/FMA_OP.OP/addsub/add/EXP/EXP_OFF.STRUCT_ADD_n_5
                         CARRY8 (Prop_CARRY8_S[1]_O[6])
                                                      0.224     8.329 r  u_warp_collective_core/u_reduce_f32_add/u_aec_fp32_fma/inst/i_synth/FMA_OP.OP/addsub/add/EXP/norm_exp_carry/O[6]
                         net (fo=4, unplaced)         0.103     8.432    u_warp_collective_core/u_reduce_f32_add/u_aec_fp32_fma/inst/i_synth/FMA_OP.OP/addsub/add/EXP/exp_op[6]
                         LUT4 (Prop_LUT4_I0_O)        0.139     8.571 r  u_warp_collective_core/u_reduce_f32_add/u_aec_fp32_fma/inst/i_synth/FMA_OP.OP/addsub/add/EXP/RESULT_REG.NORMAL.mant_op[21]_i_22/O
                         net (fo=2, unplaced)         0.185     8.756    u_warp_collective_core/u_reduce_f32_add/u_aec_fp32_fma/inst/i_synth/FMA_OP.OP/addsub/add/EXP/EXP_OFF.STRUCT_ADD/RESULT_REG.NORMAL.mant_op[21]_i_5_0
                         LUT6 (Prop_LUT6_I2_O)        0.038     8.794 r  u_warp_collective_core/u_reduce_f32_add/u_aec_fp32_fma/inst/i_synth/FMA_OP.OP/addsub/add/EXP/EXP_OFF.STRUCT_ADD/RESULT_REG.NORMAL.mant_op[21]_i_17/O
                         net (fo=4, unplaced)         0.152     8.946    u_warp_collective_core/u_reduce_f32_add/u_aec_fp32_fma/inst/i_synth/FMA_OP.OP/addsub/add/EXP/EXP_OFF.STRUCT_ADD/conv_exp.downsize_exp/exp_flt_all_one_rnd
                         LUT3 (Prop_LUT3_I0_O)        0.112     9.058 r  u_warp_collective_core/u_reduce_f32_add/u_aec_fp32_fma/inst/i_synth/FMA_OP.OP/addsub/add/EXP/EXP_OFF.STRUCT_ADD/RESULT_REG.NORMAL.mant_op[22]_i_2/O
                         net (fo=6, unplaced)         0.207     9.265    u_warp_collective_core/u_reduce_f32_add/u_aec_fp32_fma/inst/i_synth/FMA_OP.OP/addsub/add/EXP/EXP_OFF.STRUCT_ADD/conv_exp.downsize_exp/state_rnd__5[0]
                         LUT3 (Prop_LUT3_I2_O)        0.038     9.303 r  u_warp_collective_core/u_reduce_f32_add/u_aec_fp32_fma/inst/i_synth/FMA_OP.OP/addsub/add/EXP/EXP_OFF.STRUCT_ADD/RESULT_REG.NORMAL.exp_op[2]_i_2/O
                         net (fo=5, unplaced)         0.203     9.506    u_warp_collective_core/u_reduce_f32_add/u_aec_fp32_fma/inst/i_synth/FMA_OP.OP/addsub/add/EXP/EXP_OFF.STRUCT_ADD/op_state[0]
                         LUT6 (Prop_LUT6_I4_O)        0.038     9.544 r  u_warp_collective_core/u_reduce_f32_add/u_aec_fp32_fma/inst/i_synth/FMA_OP.OP/addsub/add/EXP/EXP_OFF.STRUCT_ADD/RESULT_REG.NORMAL.mant_op[21]_i_1/O
                         net (fo=22, unplaced)        0.237     9.781    u_warp_collective_core/u_reduce_f32_add/u_aec_fp32_fma/inst/i_synth/FMA_OP.OP/addsub/add/OP/RESULT_REG.NORMAL.mant_op_reg[21]_0
                         FDRE                                         r  u_warp_collective_core/u_reduce_f32_add/u_aec_fp32_fma/inst/i_synth/FMA_OP.OP/addsub/add/OP/RESULT_REG.NORMAL.mant_op_reg[13]/R
  -------------------------------------------------------------------    -------------------

                         (clock clk_i rise edge)      5.556     5.556 r  
                                                      0.000     5.556 r  clk_i (IN)
                         net (fo=37177, unset)        0.020     5.576    u_warp_collective_core/u_reduce_f32_add/u_aec_fp32_fma/inst/i_synth/FMA_OP.OP/addsub/add/OP/aclk
                         FDRE                                         r  u_warp_collective_core/u_reduce_f32_add/u_aec_fp32_fma/inst/i_synth/FMA_OP.OP/addsub/add/OP/RESULT_REG.NORMAL.mant_op_reg[13]/C
                         clock pessimism              0.000     5.576    
                         clock uncertainty           -0.035     5.541    
                         FDRE (Setup_FDRE_C_R)       -0.074     5.467    u_warp_collective_core/u_reduce_f32_add/u_aec_fp32_fma/inst/i_synth/FMA_OP.OP/addsub/add/OP/RESULT_REG.NORMAL.mant_op_reg[13]
  -------------------------------------------------------------------
                         required time                          5.467    
                         arrival time                          -9.781    
  -------------------------------------------------------------------
                         slack                                 -4.314    

Slack (VIOLATED) :        -4.314ns  (required time - arrival time)
  Source:                 u_warp_collective_core/lane_val_q_reg[6][10]/C
                            (rising edge-triggered cell FDCE clocked by clk_i  {rise@0.000ns fall@2.778ns period=5.556ns})
  Destination:            u_warp_collective_core/u_reduce_f32_add/u_aec_fp32_fma/inst/i_synth/FMA_OP.OP/addsub/add/OP/RESULT_REG.NORMAL.mant_op_reg[14]/R
                            (rising edge-triggered cell FDRE clocked by clk_i  {rise@0.000ns fall@2.778ns period=5.556ns})
  Path Group:             clk_i
  Path Type:              Setup (Max at Slow Process Corner)
  Requirement:            5.556ns  (clk_i rise@5.556ns - clk_i rise@0.000ns)
  Data Path Delay:        9.753ns  (logic 5.150ns (52.804%)  route 4.603ns (47.196%))
  Logic Levels:           44  (CARRY8=13 DSP_A_B_DATA=1 DSP_ALU=2 DSP_M_DATA=1 DSP_MULTIPLIER=1 DSP_OUTPUT=2 DSP_PREADD_DATA=1 LUT2=1 LUT3=2 LUT4=5 LUT5=2 LUT6=9 MUXF7=2 MUXF8=2)
  Clock Path Skew:        -0.008ns (DCD - SCD + CPR)
    Destination Clock Delay (DCD):    0.020ns = ( 5.576 - 5.556 ) 
    Source Clock Delay      (SCD):    0.028ns
    Clock Pessimism Removal (CPR):    0.000ns
  Clock Uncertainty:      0.035ns  ((TSJ^2 + TIJ^2)^1/2 + DJ) / 2 + PE
    Total System Jitter     (TSJ):    0.071ns
    Total Input Jitter      (TIJ):    0.000ns
    Discrete Jitter          (DJ):    0.000ns
    Phase Error              (PE):    0.000ns

    Location             Delay type                Incr(ns)  Path(ns)    Netlist Resource(s)
  -------------------------------------------------------------------    -------------------
                         (clock clk_i rise edge)      0.000     0.000 r  
                                                      0.000     0.000 r  clk_i (IN)
                         net (fo=37177, unset)        0.028     0.028    u_warp_collective_core/clk_i
                         FDCE                                         r  u_warp_collective_core/lane_val_q_reg[6][10]/C
  -------------------------------------------------------------------    -------------------
                         FDCE (Prop_FDCE_C_Q)         0.077     0.105 f  u_warp_collective_core/lane_val_q_reg[6][10]/Q
                         net (fo=35, unplaced)        0.216     0.321    u_warp_collective_core/u_reduce_f32_add/u_aec_fp32_fma_i_66_0[10]
                         LUT6 (Prop_LUT6_I0_O)        0.145     0.466 f  u_warp_collective_core/u_reduce_f32_add/u_aec_fp32_fma_i_344/O
                         net (fo=1, unplaced)         0.032     0.498    u_warp_collective_core/u_reduce_f32_add/u_aec_fp32_fma_i_344_n_0
                         MUXF7 (Prop_MUXF7_I0_O)      0.069     0.567 f  u_warp_collective_core/u_reduce_f32_add/u_aec_fp32_fma_i_108/O
                         net (fo=1, unplaced)         0.000     0.567    u_warp_collective_core/u_reduce_f32_add/u_aec_fp32_fma_i_108_n_0
                         MUXF8 (Prop_MUXF8_I0_O)      0.030     0.597 f  u_warp_collective_core/u_reduce_f32_add/u_aec_fp32_fma_i_23/O
                         net (fo=11, unplaced)        0.244     0.841    u_warp_collective_core/u_reduce_f32_add/u_aec_fp32_fma/inst/i_synth/FMA_OP.OP/mul/MULT/gDSP.gDSP_only.iDSP/use_prim.appDSP48[0].bppDSP48[0].use_dsp.use_dsp48e2.iDSP48E2/B[10]
                         DSP_A_B_DATA (Prop_DSP_A_B_DATA_B[10]_B2_DATA[10])
                                                      0.151     0.992 r  u_warp_collective_core/u_reduce_f32_add/u_aec_fp32_fma/inst/i_synth/FMA_OP.OP/mul/MULT/gDSP.gDSP_only.iDSP/use_prim.appDSP48[0].bppDSP48[0].use_dsp.use_dsp48e2.iDSP48E2/DSP_A_B_DATA_INST/B2_DATA[10]
                         net (fo=1, unplaced)         0.000     0.992    u_warp_collective_core/u_reduce_f32_add/u_aec_fp32_fma/inst/i_synth/FMA_OP.OP/mul/MULT/gDSP.gDSP_only.iDSP/use_prim.appDSP48[0].bppDSP48[0].use_dsp.use_dsp48e2.iDSP48E2/DSP_A_B_DATA.B2_DATA<10>
                         DSP_PREADD_DATA (Prop_DSP_PREADD_DATA_B2_DATA[10]_B2B1[10])
                                                      0.073     1.065 r  u_warp_collective_core/u_reduce_f32_add/u_aec_fp32_fma/inst/i_synth/FMA_OP.OP/mul/MULT/gDSP.gDSP_only.iDSP/use_prim.appDSP48[0].bppDSP48[0].use_dsp.use_dsp48e2.iDSP48E2/DSP_PREADD_DATA_INST/B2B1[10]
                         net (fo=1, unplaced)         0.000     1.065    u_warp_collective_core/u_reduce_f32_add/u_aec_fp32_fma/inst/i_synth/FMA_OP.OP/mul/MULT/gDSP.gDSP_only.iDSP/use_prim.appDSP48[0].bppDSP48[0].use_dsp.use_dsp48e2.iDSP48E2/DSP_PREADD_DATA.B2B1<10>
                         DSP_MULTIPLIER (Prop_DSP_MULTIPLIER_B2B1[10]_V[39])
                                                      0.609     1.674 f  u_warp_collective_core/u_reduce_f32_add/u_aec_fp32_fma/inst/i_synth/FMA_OP.OP/mul/MULT/gDSP.gDSP_only.iDSP/use_prim.appDSP48[0].bppDSP48[0].use_dsp.use_dsp48e2.iDSP48E2/DSP_MULTIPLIER_INST/V[39]
                         net (fo=1, unplaced)         0.000     1.674    u_warp_collective_core/u_reduce_f32_add/u_aec_fp32_fma/inst/i_synth/FMA_OP.OP/mul/MULT/gDSP.gDSP_only.iDSP/use_prim.appDSP48[0].bppDSP48[0].use_dsp.use_dsp48e2.iDSP48E2/DSP_MULTIPLIER.V<39>
                         DSP_M_DATA (Prop_DSP_M_DATA_V[39]_V_DATA[39])
                                                      0.046     1.720 r  u_warp_collective_core/u_reduce_f32_add/u_aec_fp32_fma/inst/i_synth/FMA_OP.OP/mul/MULT/gDSP.gDSP_only.iDSP/use_prim.appDSP48[0].bppDSP48[0].use_dsp.use_dsp48e2.iDSP48E2/DSP_M_DATA_INST/V_DATA[39]
                         net (fo=1, unplaced)         0.000     1.720    u_warp_collective_core/u_reduce_f32_add/u_aec_fp32_fma/inst/i_synth/FMA_OP.OP/mul/MULT/gDSP.gDSP_only.iDSP/use_prim.appDSP48[0].bppDSP48[0].use_dsp.use_dsp48e2.iDSP48E2/DSP_M_DATA.V_DATA<39>
                         DSP_ALU (Prop_DSP_ALU_V_DATA[39]_ALU_OUT[47])
                                                      0.571     2.291 f  u_warp_collective_core/u_reduce_f32_add/u_aec_fp32_fma/inst/i_synth/FMA_OP.OP/mul/MULT/gDSP.gDSP_only.iDSP/use_prim.appDSP48[0].bppDSP48[0].use_dsp.use_dsp48e2.iDSP48E2/DSP_ALU_INST/ALU_OUT[47]
                         net (fo=1, unplaced)         0.000     2.291    u_warp_collective_core/u_reduce_f32_add/u_aec_fp32_fma/inst/i_synth/FMA_OP.OP/mul/MULT/gDSP.gDSP_only.iDSP/use_prim.appDSP48[0].bppDSP48[0].use_dsp.use_dsp48e2.iDSP48E2/DSP_ALU.ALU_OUT<47>
                         DSP_OUTPUT (Prop_DSP_OUTPUT_ALU_OUT[47]_PCOUT[47])
                                                      0.122     2.413 r  u_warp_collective_core/u_reduce_f32_add/u_aec_fp32_fma/inst/i_synth/FMA_OP.OP/mul/MULT/gDSP.gDSP_only.iDSP/use_prim.appDSP48[0].bppDSP48[0].use_dsp.use_dsp48e2.iDSP48E2/DSP_OUTPUT_INST/PCOUT[47]
                         net (fo=1, unplaced)         0.014     2.427    u_warp_collective_core/u_reduce_f32_add/u_aec_fp32_fma/inst/i_synth/FMA_OP.OP/mul/MULT/gDSP.gDSP_only.iDSP/use_prim.appDSP48[0].bppDSP48[1].use_dsp.use_dsp48e2.iDSP48E2/PCIN[47]
                         DSP_ALU (Prop_DSP_ALU_PCIN[47]_ALU_OUT[15])
                                                      0.546     2.973 f  u_warp_collective_core/u_reduce_f32_add/u_aec_fp32_fma/inst/i_synth/FMA_OP.OP/mul/MULT/gDSP.gDSP_only.iDSP/use_prim.appDSP48[0].bppDSP48[1].use_dsp.use_dsp48e2.iDSP48E2/DSP_ALU_INST/ALU_OUT[15]
                         net (fo=1, unplaced)         0.000     2.973    u_warp_collective_core/u_reduce_f32_add/u_aec_fp32_fma/inst/i_synth/FMA_OP.OP/mul/MULT/gDSP.gDSP_only.iDSP/use_prim.appDSP48[0].bppDSP48[1].use_dsp.use_dsp48e2.iDSP48E2/DSP_ALU.ALU_OUT<15>
                         DSP_OUTPUT (Prop_DSP_OUTPUT_ALU_OUT[15]_P[15])
                                                      0.109     3.082 r  u_warp_collective_core/u_reduce_f32_add/u_aec_fp32_fma/inst/i_synth/FMA_OP.OP/mul/MULT/gDSP.gDSP_only.iDSP/use_prim.appDSP48[0].bppDSP48[1].use_dsp.use_dsp48e2.iDSP48E2/DSP_OUTPUT_INST/P[15]
                         net (fo=8, unplaced)         0.236     3.318    u_warp_collective_core/u_reduce_f32_add/u_aec_fp32_fma/inst/i_synth/FMA_OP.OP/mul/mul_result_wide[32]
                         LUT4 (Prop_LUT4_I1_O)        0.139     3.457 f  u_warp_collective_core/u_reduce_f32_add/u_aec_fp32_fma/inst/i_synth/FMA_OP.OP/mul/CHAIN_GEN[16].C_MUX.CARRY_MUX_i_2__2/O
                         net (fo=1, unplaced)         0.242     3.699    u_warp_collective_core/u_reduce_f32_add/u_aec_fp32_fma/inst/i_synth/FMA_OP.OP/addsub/add/EXP/NUMB_CMP1/NOT_FAST.CMP/C_CHAIN/CHAIN_GEN[23].C_MUX.CARRY_MUX_1[4]
                         CARRY8 (Prop_CARRY8_DI[0]_CO[7])
                                                      0.140     3.839 f  u_warp_collective_core/u_reduce_f32_add/u_aec_fp32_fma/inst/i_synth/FMA_OP.OP/addsub/add/EXP/NUMB_CMP1/NOT_FAST.CMP/C_CHAIN/CHAIN_GEN[16].C_MUX.CARRY_MUX_CARRY4_CARRY8/CO[7]
                         net (fo=1, unplaced)         0.005     3.844    u_warp_collective_core/u_reduce_f32_add/u_aec_fp32_fma/inst/i_synth/FMA_OP.OP/addsub/add/EXP/NUMB_CMP1/NOT_FAST.CMP/C_CHAIN/CHAIN_GEN[23].C_MUX.CARRY_MUX_n_0
                         CARRY8 (Prop_CARRY8_CI_CO[4])
                                                      0.092     3.936 f  u_warp_collective_core/u_reduce_f32_add/u_aec_fp32_fma/inst/i_synth/FMA_OP.OP/addsub/add/EXP/NUMB_CMP1/NOT_FAST.CMP/C_CHAIN/CHAIN_GEN[24].C_MUX.CARRY_MUX_CARRY4_CARRY8/CO[4]
                         net (fo=2, unplaced)         0.183     4.119    u_warp_collective_core/u_reduce_f32_add/u_aec_fp32_fma/inst/i_synth/FMA_OP.OP/addsub/add/EXP/NUMB_CMP0/NOT_FAST.CMP/C_CHAIN/CHAIN_GEN[0].C_MUX.CARRY_MUX_1[0]
                         LUT5 (Prop_LUT5_I4_O)        0.038     4.157 f  u_warp_collective_core/u_reduce_f32_add/u_aec_fp32_fma/inst/i_synth/FMA_OP.OP/addsub/add/EXP/NUMB_CMP0/NOT_FAST.CMP/C_CHAIN/CHAIN_GEN[0].C_MUX.CARRY_MUX_i_2__7/O
                         net (fo=52, unplaced)        0.256     4.413    u_warp_collective_core/u_reduce_f32_add/u_aec_fp32_fma/inst/i_synth/FMA_OP.OP/mul/b_largest
                         LUT6 (Prop_LUT6_I4_O)        0.038     4.451 f  u_warp_collective_core/u_reduce_f32_add/u_aec_fp32_fma/inst/i_synth/FMA_OP.OP/mul/CHAIN_GEN[1].C_MUX.CARRY_MUX_i_2__0/O
                         net (fo=3, unplaced)         0.147     4.598    u_warp_collective_core/u_reduce_f32_add/u_aec_fp32_fma/inst/i_synth/FMA_OP.OP/mul/sml_shift_mux__95[4]
                         LUT4 (Prop_LUT4_I0_O)        0.100     4.698 r  u_warp_collective_core/u_reduce_f32_add/u_aec_fp32_fma/inst/i_synth/FMA_OP.OP/mul/CHAIN_GEN[1].C_MUX.CARRY_MUX_i_1__2/O
                         net (fo=1, unplaced)         0.023     4.721    u_warp_collective_core/u_reduce_f32_add/u_aec_fp32_fma/inst/i_synth/FMA_OP.OP/addsub/add/ALIGN_BLK/aligner.ALIGN_SHIFT/ALIGN_Z_D/EQ_ZERO/CARRY_ZERO_DET/CHAIN_GEN[11].C_MUX.CARRY_MUX_0[1]
                         CARRY8 (Prop_CARRY8_S[1]_CO[7])
                                                      0.197     4.918 r  u_warp_collective_core/u_reduce_f32_add/u_aec_fp32_fma/inst/i_synth/FMA_OP.OP/addsub/add/ALIGN_BLK/aligner.ALIGN_SHIFT/ALIGN_Z_D/EQ_ZERO/CARRY_ZERO_DET/CHAIN_GEN[0].C_MUX.CARRY_MUX_CARRY4_CARRY8/CO[7]
                         net (fo=2, unplaced)         0.005     4.923    u_warp_collective_core/u_reduce_f32_add/u_aec_fp32_fma/inst/i_synth/FMA_OP.OP/addsub/add/ALIGN_BLK/aligner.ALIGN_SHIFT/ALIGN_Z_D/EQ_ZERO/CARRY_ZERO_DET/CARRYS_OUT[7]
                         CARRY8 (Prop_CARRY8_CI_CO[2])
                                                      0.057     4.980 r  u_warp_collective_core/u_reduce_f32_add/u_aec_fp32_fma/inst/i_synth/FMA_OP.OP/addsub/add/ALIGN_BLK/aligner.ALIGN_SHIFT/ALIGN_Z_D/EQ_ZERO/CARRY_ZERO_DET/CHAIN_GEN[8].C_MUX.CARRY_MUX_CARRY4_CARRY8/CO[2]
                         net (fo=1, unplaced)         0.185     5.165    u_warp_collective_core/u_reduce_f32_add/u_aec_fp32_fma/inst/i_synth/FMA_OP.OP/addsub/add/EXP/bma_exp_cc/CARRYS_OUT[10]
                         LUT6 (Prop_LUT6_I0_O)        0.038     5.203 r  u_warp_collective_core/u_reduce_f32_add/u_aec_fp32_fma/inst/i_synth/FMA_OP.OP/addsub/add/EXP/bma_exp_cc/MUX_LOOP[2].OTHER_LEVELS.DO_CHUNKS[0].LUT6_STRUCT_MUX.MUX1_i_7/O
                         net (fo=1, unplaced)         0.185     5.388    u_warp_collective_core/u_reduce_f32_add/u_aec_fp32_fma/inst/i_synth/FMA_OP.OP/addsub/add/EXP/bma_exp_cc/MUX_LOOP[2].OTHER_LEVELS.DO_CHUNKS[0].LUT6_STRUCT_MUX.MUX1_i_7_n_0
                         LUT6 (Prop_LUT6_I5_O)        0.038     5.426 r  u_warp_collective_core/u_reduce_f32_add/u_aec_fp32_fma/inst/i_synth/FMA_OP.OP/addsub/add/EXP/bma_exp_cc/MUX_LOOP[2].OTHER_LEVELS.DO_CHUNKS[0].LUT6_STRUCT_MUX.MUX1_i_3/O
                         net (fo=1, unplaced)         0.185     5.611    u_warp_collective_core/u_reduce_f32_add/u_aec_fp32_fma/inst/i_synth/FMA_OP.OP/addsub/add/EXP/bma_exp_cc/MUX_LOOP[2].OTHER_LEVELS.DO_CHUNKS[0].LUT6_STRUCT_MUX.MUX1_i_3_n_0
                         LUT6 (Prop_LUT6_I0_O)        0.037     5.648 r  u_warp_collective_core/u_reduce_f32_add/u_aec_fp32_fma/inst/i_synth/FMA_OP.OP/addsub/add/EXP/bma_exp_cc/MUX_LOOP[2].OTHER_LEVELS.DO_CHUNKS[0].LUT6_STRUCT_MUX.MUX1_i_1/O
                         net (fo=1, unplaced)         0.024     5.672    u_warp_collective_core/u_reduce_f32_add/u_aec_fp32_fma/inst/i_synth/FMA_OP.OP/addsub/add/ALIGN_BLK/aligner.ALIGN_SHIFT/ALIGN_Z_D/zero_det_unreg[1]_0[2]
                         MUXF7 (Prop_MUXF7_I0_O)      0.067     5.739 r  u_warp_collective_core/u_reduce_f32_add/u_aec_fp32_fma/inst/i_synth/FMA_OP.OP/addsub/add/ALIGN_BLK/aligner.ALIGN_SHIFT/ALIGN_Z_D/MUX_LOOP[2].OTHER_LEVELS.DO_CHUNKS[0].LUT6_STRUCT_MUX.MUX1/O
                         net (fo=1, unplaced)         0.000     5.739    u_warp_collective_core/u_reduce_f32_add/u_aec_fp32_fma/inst/i_synth/FMA_OP.OP/addsub/add/ALIGN_BLK/aligner.ALIGN_SHIFT/ALIGN_Z_D/MUX_LOOP[2].OTHER_LEVELS.DO_CHUNKS[0].LUT6_STRUCT_MUX.mux0_1
                         MUXF8 (Prop_MUXF8_I1_O)      0.028     5.767 r  u_warp_collective_core/u_reduce_f32_add/u_aec_fp32_fma/inst/i_synth/FMA_OP.OP/addsub/add/ALIGN_BLK/aligner.ALIGN_SHIFT/ALIGN_Z_D/MUX_LOOP[2].OTHER_LEVELS.DO_CHUNKS[0].LUT6_STRUCT_MUX.MUX2/O
                         net (fo=2, unplaced)         0.185     5.952    u_warp_collective_core/u_reduce_f32_add/u_aec_fp32_fma/inst/i_synth/FMA_OP.OP/addsub/add/ALIGN_BLK/aligner.ALIGN_SHIFT/ALIGN_Z_D/zeros_z_det_a
                         LUT4 (Prop_LUT4_I1_O)        0.037     5.989 r  u_warp_collective_core/u_reduce_f32_add/u_aec_fp32_fma/inst/i_synth/FMA_OP.OP/addsub/add/ALIGN_BLK/aligner.ALIGN_SHIFT/ALIGN_Z_D/STRUCT_ADD1.CARRY_MUX2_i_1/O
                         net (fo=1, unplaced)         0.023     6.012    u_warp_collective_core/u_reduce_f32_add/u_aec_fp32_fma/inst/i_synth/FMA_OP.OP/addsub/add/ALIGN_BLK/FRAC_ADDSUB/LOGIC_ADD.FRAC_ADDSUB/STRUCT_ADD1.CARRY_MUX2_0
                         CARRY8 (Prop_CARRY8_S[1]_CO[7])
                                                      0.197     6.209 r  u_warp_collective_core/u_reduce_f32_add/u_aec_fp32_fma/inst/i_synth/FMA_OP.OP/addsub/add/ALIGN_BLK/FRAC_ADDSUB/LOGIC_ADD.FRAC_ADDSUB/STRUCT_ADD1.CARRY_MUX1_CARRY4_CARRY8/CO[7]
                         net (fo=1, unplaced)         0.005     6.214    u_warp_collective_core/u_reduce_f32_add/u_aec_fp32_fma/inst/i_synth/FMA_OP.OP/addsub/add/ALIGN_BLK/FRAC_ADDSUB/LOGIC_ADD.FRAC_ADDSUB/STRUCT_ADD1.ADD1/CHAIN_GEN[5].C_MUX.CARRY_MUX_n_0
                         CARRY8 (Prop_CARRY8_CI_CO[7])
                                                      0.022     6.236 r  u_warp_collective_core/u_reduce_f32_add/u_aec_fp32_fma/inst/i_synth/FMA_OP.OP/addsub/add/ALIGN_BLK/FRAC_ADDSUB/LOGIC_ADD.FRAC_ADDSUB/STRUCT_ADD1.ADD1/CHAIN_GEN[6].C_MUX.CARRY_MUX_CARRY4_CARRY8/CO[7]
                         net (fo=1, unplaced)         0.005     6.241    u_warp_collective_core/u_reduce_f32_add/u_aec_fp32_fma/inst/i_synth/FMA_OP.OP/addsub/add/ALIGN_BLK/FRAC_ADDSUB/LOGIC_ADD.FRAC_ADDSUB/STRUCT_ADD1.ADD1/CHAIN_GEN[13].C_MUX.CARRY_MUX_n_0
                         CARRY8 (Prop_CARRY8_CI_CO[7])
                                                      0.022     6.263 r  u_warp_collective_core/u_reduce_f32_add/u_aec_fp32_fma/inst/i_synth/FMA_OP.OP/addsub/add/ALIGN_BLK/FRAC_ADDSUB/LOGIC_ADD.FRAC_ADDSUB/STRUCT_ADD1.ADD1/CHAIN_GEN[14].C_MUX.CARRY_MUX_CARRY4_CARRY8/CO[7]
                         net (fo=1, unplaced)         0.005     6.268    u_warp_collective_core/u_reduce_f32_add/u_aec_fp32_fma/inst/i_synth/FMA_OP.OP/addsub/add/ALIGN_BLK/FRAC_ADDSUB/LOGIC_ADD.FRAC_ADDSUB/STRUCT_ADD1.ADD1/CHAIN_GEN[21].C_MUX.CARRY_MUX_n_0
                         CARRY8 (Prop_CARRY8_CI_CO[7])
                                                      0.022     6.290 r  u_warp_collective_core/u_reduce_f32_add/u_aec_fp32_fma/inst/i_synth/FMA_OP.OP/addsub/add/ALIGN_BLK/FRAC_ADDSUB/LOGIC_ADD.FRAC_ADDSUB/STRUCT_ADD1.ADD1/CHAIN_GEN[22].C_MUX.CARRY_MUX_CARRY4_CARRY8/CO[7]
                         net (fo=1, unplaced)         0.005     6.295    u_warp_collective_core/u_reduce_f32_add/u_aec_fp32_fma/inst/i_synth/FMA_OP.OP/addsub/add/ALIGN_BLK/FRAC_ADDSUB/LOGIC_ADD.FRAC_ADDSUB/STRUCT_ADD2.ADD1/CHAIN_GEN[4].C_MUX.CARRY_MUX_n_0
                         CARRY8 (Prop_CARRY8_CI_CO[7])
                                                      0.022     6.317 r  u_warp_collective_core/u_reduce_f32_add/u_aec_fp32_fma/inst/i_synth/FMA_OP.OP/addsub/add/ALIGN_BLK/FRAC_ADDSUB/LOGIC_ADD.FRAC_ADDSUB/STRUCT_ADD2.ADD1/CHAIN_GEN[5].C_MUX.CARRY_MUX_CARRY4_CARRY8/CO[7]
                         net (fo=1, unplaced)         0.005     6.322    u_warp_collective_core/u_reduce_f32_add/u_aec_fp32_fma/inst/i_synth/FMA_OP.OP/addsub/add/ALIGN_BLK/FRAC_ADDSUB/LOGIC_ADD.FRAC_ADDSUB/STRUCT_ADD2.ADD1/CHAIN_GEN[12].C_MUX.CARRY_MUX_n_0
                         CARRY8 (Prop_CARRY8_CI_CO[7])
                                                      0.022     6.344 r  u_warp_collective_core/u_reduce_f32_add/u_aec_fp32_fma/inst/i_synth/FMA_OP.OP/addsub/add/ALIGN_BLK/FRAC_ADDSUB/LOGIC_ADD.FRAC_ADDSUB/STRUCT_ADD2.ADD1/CHAIN_GEN[13].C_MUX.CARRY_MUX_CARRY4_CARRY8/CO[7]
                         net (fo=1, unplaced)         0.005     6.349    u_warp_collective_core/u_reduce_f32_add/u_aec_fp32_fma/inst/i_synth/FMA_OP.OP/addsub/add/ALIGN_BLK/FRAC_ADDSUB/LOGIC_ADD.FRAC_ADDSUB/STRUCT_ADD2.ADD1/CHAIN_GEN[20].C_MUX.CARRY_MUX_n_0
                         CARRY8 (Prop_CARRY8_CI_O[4])
                                                      0.086     6.435 f  u_warp_collective_core/u_reduce_f32_add/u_aec_fp32_fma/inst/i_synth/FMA_OP.OP/addsub/add/ALIGN_BLK/FRAC_ADDSUB/LOGIC_ADD.FRAC_ADDSUB/STRUCT_ADD2.ADD1/CHAIN_GEN[21].C_MUX.CARRY_MUX_CARRY4_CARRY8/O[4]
                         net (fo=4, unplaced)         0.197     6.632    u_warp_collective_core/u_reduce_f32_add/u_aec_fp32_fma/inst/i_synth/FMA_OP.OP/addsub/add/ALIGN_BLK/FRAC_ADDSUB/LOGIC_ADD.FRAC_ADDSUB/STRUCT_ADD2.ADD1/Q[17]
                         LUT4 (Prop_LUT4_I0_O)        0.100     6.732 r  u_warp_collective_core/u_reduce_f32_add/u_aec_fp32_fma/inst/i_synth/FMA_OP.OP/addsub/add/ALIGN_BLK/FRAC_ADDSUB/LOGIC_ADD.FRAC_ADDSUB/STRUCT_ADD2.ADD1/CHAIN_GEN[0].C_MUX.CARRY_MUX_i_1__7/O
                         net (fo=1, unplaced)         0.020     6.752    u_warp_collective_core/u_reduce_f32_add/u_aec_fp32_fma/inst/i_synth/FMA_OP.OP/addsub/add/NORM/LZE/ZERO_DET_CC_1/chunk_is_zero[0]
                         CARRY8 (Prop_CARRY8_S[0]_CO[7])
                                                      0.199     6.951 r  u_warp_collective_core/u_reduce_f32_add/u_aec_fp32_fma/inst/i_synth/FMA_OP.OP/addsub/add/NORM/LZE/ZERO_DET_CC_1/CHAIN_GEN[0].C_MUX.CARRY_MUX_CARRY4_CARRY8/CO[7]
                         net (fo=68, unplaced)        0.290     7.241    u_warp_collective_core/u_reduce_f32_add/u_aec_fp32_fma/inst/i_synth/FMA_OP.OP/addsub/add/NORM/LZE/ZERO_DET_CC_1/CARRYS_OUT[1]
                         LUT6 (Prop_LUT6_I4_O)        0.038     7.279 r  u_warp_collective_core/u_reduce_f32_add/u_aec_fp32_fma/inst/i_synth/FMA_OP.OP/addsub/add/NORM/LZE/ZERO_DET_CC_1/CHAIN_GEN[1].C_MUX.CARRY_MUX_i_2__4/O
                         net (fo=60, unplaced)        0.215     7.494    u_warp_collective_core/u_reduce_f32_add/u_aec_fp32_fma/inst/i_synth/FMA_OP.OP/addsub/add/ALIGN_BLK/FRAC_ADDSUB/LOGIC_ADD.FRAC_ADDSUB/STRUCT_ADD1.ADD1/norm_dist[1]
                         LUT5 (Prop_LUT5_I1_O)        0.100     7.594 r  u_warp_collective_core/u_reduce_f32_add/u_aec_fp32_fma/inst/i_synth/FMA_OP.OP/addsub/add/ALIGN_BLK/FRAC_ADDSUB/LOGIC_ADD.FRAC_ADDSUB/STRUCT_ADD1.ADD1/norm_exp_carry_i_12/O
                         net (fo=1, unplaced)         0.141     7.735    u_warp_collective_core/u_reduce_f32_add/u_aec_fp32_fma/inst/i_synth/FMA_OP.OP/addsub/add/ALIGN_BLK/FRAC_ADDSUB/LOGIC_ADD.FRAC_ADDSUB/STRUCT_ADD2.ADD1/RESULT_REG.NORMAL.mant_op[21]_i_12
                         LUT6 (Prop_LUT6_I1_O)        0.100     7.835 r  u_warp_collective_core/u_reduce_f32_add/u_aec_fp32_fma/inst/i_synth/FMA_OP.OP/addsub/add/ALIGN_BLK/FRAC_ADDSUB/LOGIC_ADD.FRAC_ADDSUB/STRUCT_ADD2.ADD1/norm_exp_carry_i_9/O
                         net (fo=7, unplaced)         0.210     8.045    u_warp_collective_core/u_reduce_f32_add/u_aec_fp32_fma/inst/i_synth/FMA_OP.OP/addsub/add/EXP/EXP_OFF.STRUCT_ADD/norm_dist[1]
                         LUT2 (Prop_LUT2_I1_O)        0.037     8.082 r  u_warp_collective_core/u_reduce_f32_add/u_aec_fp32_fma/inst/i_synth/FMA_OP.OP/addsub/add/EXP/EXP_OFF.STRUCT_ADD/norm_exp_carry_i_7/O
                         net (fo=1, unplaced)         0.023     8.105    u_warp_collective_core/u_reduce_f32_add/u_aec_fp32_fma/inst/i_synth/FMA_OP.OP/addsub/add/EXP/EXP_OFF.STRUCT_ADD_n_5
                         CARRY8 (Prop_CARRY8_S[1]_O[6])
                                                      0.224     8.329 r  u_warp_collective_core/u_reduce_f32_add/u_aec_fp32_fma/inst/i_synth/FMA_OP.OP/addsub/add/EXP/norm_exp_carry/O[6]
                         net (fo=4, unplaced)         0.103     8.432    u_warp_collective_core/u_reduce_f32_add/u_aec_fp32_fma/inst/i_synth/FMA_OP.OP/addsub/add/EXP/exp_op[6]
                         LUT4 (Prop_LUT4_I0_O)        0.139     8.571 r  u_warp_collective_core/u_reduce_f32_add/u_aec_fp32_fma/inst/i_synth/FMA_OP.OP/addsub/add/EXP/RESULT_REG.NORMAL.mant_op[21]_i_22/O
                         net (fo=2, unplaced)         0.185     8.756    u_warp_collective_core/u_reduce_f32_add/u_aec_fp32_fma/inst/i_synth/FMA_OP.OP/addsub/add/EXP/EXP_OFF.STRUCT_ADD/RESULT_REG.NORMAL.mant_op[21]_i_5_0
                         LUT6 (Prop_LUT6_I2_O)        0.038     8.794 r  u_warp_collective_core/u_reduce_f32_add/u_aec_fp32_fma/inst/i_synth/FMA_OP.OP/addsub/add/EXP/EXP_OFF.STRUCT_ADD/RESULT_REG.NORMAL.mant_op[21]_i_17/O
                         net (fo=4, unplaced)         0.152     8.946    u_warp_collective_core/u_reduce_f32_add/u_aec_fp32_fma/inst/i_synth/FMA_OP.OP/addsub/add/EXP/EXP_OFF.STRUCT_ADD/conv_exp.downsize_exp/exp_flt_all_one_rnd
                         LUT3 (Prop_LUT3_I0_O)        0.112     9.058 r  u_warp_collective_core/u_reduce_f32_add/u_aec_fp32_fma/inst/i_synth/FMA_OP.OP/addsub/add/EXP/EXP_OFF.STRUCT_ADD/RESULT_REG.NORMAL.mant_op[22]_i_2/O
                         net (fo=6, unplaced)         0.207     9.265    u_warp_collective_core/u_reduce_f32_add/u_aec_fp32_fma/inst/i_synth/FMA_OP.OP/addsub/add/EXP/EXP_OFF.STRUCT_ADD/conv_exp.downsize_exp/state_rnd__5[0]
                         LUT3 (Prop_LUT3_I2_O)        0.038     9.303 r  u_warp_collective_core/u_reduce_f32_add/u_aec_fp32_fma/inst/i_synth/FMA_OP.OP/addsub/add/EXP/EXP_OFF.STRUCT_ADD/RESULT_REG.NORMAL.exp_op[2]_i_2/O
                         net (fo=5, unplaced)         0.203     9.506    u_warp_collective_core/u_reduce_f32_add/u_aec_fp32_fma/inst/i_synth/FMA_OP.OP/addsub/add/EXP/EXP_OFF.STRUCT_ADD/op_state[0]
                         LUT6 (Prop_LUT6_I4_O)        0.038     9.544 r  u_warp_collective_core/u_reduce_f32_add/u_aec_fp32_fma/inst/i_synth/FMA_OP.OP/addsub/add/EXP/EXP_OFF.STRUCT_ADD/RESULT_REG.NORMAL.mant_op[21]_i_1/O
                         net (fo=22, unplaced)        0.237     9.781    u_warp_collective_core/u_reduce_f32_add/u_aec_fp32_fma/inst/i_synth/FMA_OP.OP/addsub/add/OP/RESULT_REG.NORMAL.mant_op_reg[21]_0
                         FDRE                                         r  u_warp_collective_core/u_reduce_f32_add/u_aec_fp32_fma/inst/i_synth/FMA_OP.OP/addsub/add/OP/RESULT_REG.NORMAL.mant_op_reg[14]/R
  -------------------------------------------------------------------    -------------------

                         (clock clk_i rise edge)      5.556     5.556 r  
                                                      0.000     5.556 r  clk_i (IN)
                         net (fo=37177, unset)        0.020     5.576    u_warp_collective_core/u_reduce_f32_add/u_aec_fp32_fma/inst/i_synth/FMA_OP.OP/addsub/add/OP/aclk
                         FDRE                                         r  u_warp_collective_core/u_reduce_f32_add/u_aec_fp32_fma/inst/i_synth/FMA_OP.OP/addsub/add/OP/RESULT_REG.NORMAL.mant_op_reg[14]/C
                         clock pessimism              0.000     5.576    
                         clock uncertainty           -0.035     5.541    
                         FDRE (Setup_FDRE_C_R)       -0.074     5.467    u_warp_collective_core/u_reduce_f32_add/u_aec_fp32_fma/inst/i_synth/FMA_OP.OP/addsub/add/OP/RESULT_REG.NORMAL.mant_op_reg[14]
  -------------------------------------------------------------------
                         required time                          5.467    
                         arrival time                          -9.781    
  -------------------------------------------------------------------
                         slack                                 -4.314    

Slack (VIOLATED) :        -4.314ns  (required time - arrival time)
  Source:                 u_warp_collective_core/lane_val_q_reg[6][10]/C
                            (rising edge-triggered cell FDCE clocked by clk_i  {rise@0.000ns fall@2.778ns period=5.556ns})
  Destination:            u_warp_collective_core/u_reduce_f32_add/u_aec_fp32_fma/inst/i_synth/FMA_OP.OP/addsub/add/OP/RESULT_REG.NORMAL.mant_op_reg[15]/R
                            (rising edge-triggered cell FDRE clocked by clk_i  {rise@0.000ns fall@2.778ns period=5.556ns})
  Path Group:             clk_i
  Path Type:              Setup (Max at Slow Process Corner)
  Requirement:            5.556ns  (clk_i rise@5.556ns - clk_i rise@0.000ns)
  Data Path Delay:        9.753ns  (logic 5.150ns (52.804%)  route 4.603ns (47.196%))
  Logic Levels:           44  (CARRY8=13 DSP_A_B_DATA=1 DSP_ALU=2 DSP_M_DATA=1 DSP_MULTIPLIER=1 DSP_OUTPUT=2 DSP_PREADD_DATA=1 LUT2=1 LUT3=2 LUT4=5 LUT5=2 LUT6=9 MUXF7=2 MUXF8=2)
  Clock Path Skew:        -0.008ns (DCD - SCD + CPR)
    Destination Clock Delay (DCD):    0.020ns = ( 5.576 - 5.556 ) 
    Source Clock Delay      (SCD):    0.028ns
    Clock Pessimism Removal (CPR):    0.000ns
  Clock Uncertainty:      0.035ns  ((TSJ^2 + TIJ^2)^1/2 + DJ) / 2 + PE
    Total System Jitter     (TSJ):    0.071ns
    Total Input Jitter      (TIJ):    0.000ns
    Discrete Jitter          (DJ):    0.000ns
    Phase Error              (PE):    0.000ns

    Location             Delay type                Incr(ns)  Path(ns)    Netlist Resource(s)
  -------------------------------------------------------------------    -------------------
                         (clock clk_i rise edge)      0.000     0.000 r  
                                                      0.000     0.000 r  clk_i (IN)
                         net (fo=37177, unset)        0.028     0.028    u_warp_collective_core/clk_i
                         FDCE                                         r  u_warp_collective_core/lane_val_q_reg[6][10]/C
  -------------------------------------------------------------------    -------------------
                         FDCE (Prop_FDCE_C_Q)         0.077     0.105 f  u_warp_collective_core/lane_val_q_reg[6][10]/Q
                         net (fo=35, unplaced)        0.216     0.321    u_warp_collective_core/u_reduce_f32_add/u_aec_fp32_fma_i_66_0[10]
                         LUT6 (Prop_LUT6_I0_O)        0.145     0.466 f  u_warp_collective_core/u_reduce_f32_add/u_aec_fp32_fma_i_344/O
                         net (fo=1, unplaced)         0.032     0.498    u_warp_collective_core/u_reduce_f32_add/u_aec_fp32_fma_i_344_n_0
                         MUXF7 (Prop_MUXF7_I0_O)      0.069     0.567 f  u_warp_collective_core/u_reduce_f32_add/u_aec_fp32_fma_i_108/O
                         net (fo=1, unplaced)         0.000     0.567    u_warp_collective_core/u_reduce_f32_add/u_aec_fp32_fma_i_108_n_0
                         MUXF8 (Prop_MUXF8_I0_O)      0.030     0.597 f  u_warp_collective_core/u_reduce_f32_add/u_aec_fp32_fma_i_23/O
                         net (fo=11, unplaced)        0.244     0.841    u_warp_collective_core/u_reduce_f32_add/u_aec_fp32_fma/inst/i_synth/FMA_OP.OP/mul/MULT/gDSP.gDSP_only.iDSP/use_prim.appDSP48[0].bppDSP48[0].use_dsp.use_dsp48e2.iDSP48E2/B[10]
                         DSP_A_B_DATA (Prop_DSP_A_B_DATA_B[10]_B2_DATA[10])
                                                      0.151     0.992 r  u_warp_collective_core/u_reduce_f32_add/u_aec_fp32_fma/inst/i_synth/FMA_OP.OP/mul/MULT/gDSP.gDSP_only.iDSP/use_prim.appDSP48[0].bppDSP48[0].use_dsp.use_dsp48e2.iDSP48E2/DSP_A_B_DATA_INST/B2_DATA[10]
                         net (fo=1, unplaced)         0.000     0.992    u_warp_collective_core/u_reduce_f32_add/u_aec_fp32_fma/inst/i_synth/FMA_OP.OP/mul/MULT/gDSP.gDSP_only.iDSP/use_prim.appDSP48[0].bppDSP48[0].use_dsp.use_dsp48e2.iDSP48E2/DSP_A_B_DATA.B2_DATA<10>
                         DSP_PREADD_DATA (Prop_DSP_PREADD_DATA_B2_DATA[10]_B2B1[10])
                                                      0.073     1.065 r  u_warp_collective_core/u_reduce_f32_add/u_aec_fp32_fma/inst/i_synth/FMA_OP.OP/mul/MULT/gDSP.gDSP_only.iDSP/use_prim.appDSP48[0].bppDSP48[0].use_dsp.use_dsp48e2.iDSP48E2/DSP_PREADD_DATA_INST/B2B1[10]
                         net (fo=1, unplaced)         0.000     1.065    u_warp_collective_core/u_reduce_f32_add/u_aec_fp32_fma/inst/i_synth/FMA_OP.OP/mul/MULT/gDSP.gDSP_only.iDSP/use_prim.appDSP48[0].bppDSP48[0].use_dsp.use_dsp48e2.iDSP48E2/DSP_PREADD_DATA.B2B1<10>
                         DSP_MULTIPLIER (Prop_DSP_MULTIPLIER_B2B1[10]_V[39])
                                                      0.609     1.674 f  u_warp_collective_core/u_reduce_f32_add/u_aec_fp32_fma/inst/i_synth/FMA_OP.OP/mul/MULT/gDSP.gDSP_only.iDSP/use_prim.appDSP48[0].bppDSP48[0].use_dsp.use_dsp48e2.iDSP48E2/DSP_MULTIPLIER_INST/V[39]
                         net (fo=1, unplaced)         0.000     1.674    u_warp_collective_core/u_reduce_f32_add/u_aec_fp32_fma/inst/i_synth/FMA_OP.OP/mul/MULT/gDSP.gDSP_only.iDSP/use_prim.appDSP48[0].bppDSP48[0].use_dsp.use_dsp48e2.iDSP48E2/DSP_MULTIPLIER.V<39>
                         DSP_M_DATA (Prop_DSP_M_DATA_V[39]_V_DATA[39])
                                                      0.046     1.720 r  u_warp_collective_core/u_reduce_f32_add/u_aec_fp32_fma/inst/i_synth/FMA_OP.OP/mul/MULT/gDSP.gDSP_only.iDSP/use_prim.appDSP48[0].bppDSP48[0].use_dsp.use_dsp48e2.iDSP48E2/DSP_M_DATA_INST/V_DATA[39]
                         net (fo=1, unplaced)         0.000     1.720    u_warp_collective_core/u_reduce_f32_add/u_aec_fp32_fma/inst/i_synth/FMA_OP.OP/mul/MULT/gDSP.gDSP_only.iDSP/use_prim.appDSP48[0].bppDSP48[0].use_dsp.use_dsp48e2.iDSP48E2/DSP_M_DATA.V_DATA<39>
                         DSP_ALU (Prop_DSP_ALU_V_DATA[39]_ALU_OUT[47])
                                                      0.571     2.291 f  u_warp_collective_core/u_reduce_f32_add/u_aec_fp32_fma/inst/i_synth/FMA_OP.OP/mul/MULT/gDSP.gDSP_only.iDSP/use_prim.appDSP48[0].bppDSP48[0].use_dsp.use_dsp48e2.iDSP48E2/DSP_ALU_INST/ALU_OUT[47]
                         net (fo=1, unplaced)         0.000     2.291    u_warp_collective_core/u_reduce_f32_add/u_aec_fp32_fma/inst/i_synth/FMA_OP.OP/mul/MULT/gDSP.gDSP_only.iDSP/use_prim.appDSP48[0].bppDSP48[0].use_dsp.use_dsp48e2.iDSP48E2/DSP_ALU.ALU_OUT<47>
                         DSP_OUTPUT (Prop_DSP_OUTPUT_ALU_OUT[47]_PCOUT[47])
                                                      0.122     2.413 r  u_warp_collective_core/u_reduce_f32_add/u_aec_fp32_fma/inst/i_synth/FMA_OP.OP/mul/MULT/gDSP.gDSP_only.iDSP/use_prim.appDSP48[0].bppDSP48[0].use_dsp.use_dsp48e2.iDSP48E2/DSP_OUTPUT_INST/PCOUT[47]
                         net (fo=1, unplaced)         0.014     2.427    u_warp_collective_core/u_reduce_f32_add/u_aec_fp32_fma/inst/i_synth/FMA_OP.OP/mul/MULT/gDSP.gDSP_only.iDSP/use_prim.appDSP48[0].bppDSP48[1].use_dsp.use_dsp48e2.iDSP48E2/PCIN[47]
                         DSP_ALU (Prop_DSP_ALU_PCIN[47]_ALU_OUT[15])
                                                      0.546     2.973 f  u_warp_collective_core/u_reduce_f32_add/u_aec_fp32_fma/inst/i_synth/FMA_OP.OP/mul/MULT/gDSP.gDSP_only.iDSP/use_prim.appDSP48[0].bppDSP48[1].use_dsp.use_dsp48e2.iDSP48E2/DSP_ALU_INST/ALU_OUT[15]
                         net (fo=1, unplaced)         0.000     2.973    u_warp_collective_core/u_reduce_f32_add/u_aec_fp32_fma/inst/i_synth/FMA_OP.OP/mul/MULT/gDSP.gDSP_only.iDSP/use_prim.appDSP48[0].bppDSP48[1].use_dsp.use_dsp48e2.iDSP48E2/DSP_ALU.ALU_OUT<15>
                         DSP_OUTPUT (Prop_DSP_OUTPUT_ALU_OUT[15]_P[15])
                                                      0.109     3.082 r  u_warp_collective_core/u_reduce_f32_add/u_aec_fp32_fma/inst/i_synth/FMA_OP.OP/mul/MULT/gDSP.gDSP_only.iDSP/use_prim.appDSP48[0].bppDSP48[1].use_dsp.use_dsp48e2.iDSP48E2/DSP_OUTPUT_INST/P[15]
                         net (fo=8, unplaced)         0.236     3.318    u_warp_collective_core/u_reduce_f32_add/u_aec_fp32_fma/inst/i_synth/FMA_OP.OP/mul/mul_result_wide[32]
                         LUT4 (Prop_LUT4_I1_O)        0.139     3.457 f  u_warp_collective_core/u_reduce_f32_add/u_aec_fp32_fma/inst/i_synth/FMA_OP.OP/mul/CHAIN_GEN[16].C_MUX.CARRY_MUX_i_2__2/O
                         net (fo=1, unplaced)         0.242     3.699    u_warp_collective_core/u_reduce_f32_add/u_aec_fp32_fma/inst/i_synth/FMA_OP.OP/addsub/add/EXP/NUMB_CMP1/NOT_FAST.CMP/C_CHAIN/CHAIN_GEN[23].C_MUX.CARRY_MUX_1[4]
                         CARRY8 (Prop_CARRY8_DI[0]_CO[7])
                                                      0.140     3.839 f  u_warp_collective_core/u_reduce_f32_add/u_aec_fp32_fma/inst/i_synth/FMA_OP.OP/addsub/add/EXP/NUMB_CMP1/NOT_FAST.CMP/C_CHAIN/CHAIN_GEN[16].C_MUX.CARRY_MUX_CARRY4_CARRY8/CO[7]
                         net (fo=1, unplaced)         0.005     3.844    u_warp_collective_core/u_reduce_f32_add/u_aec_fp32_fma/inst/i_synth/FMA_OP.OP/addsub/add/EXP/NUMB_CMP1/NOT_FAST.CMP/C_CHAIN/CHAIN_GEN[23].C_MUX.CARRY_MUX_n_0
                         CARRY8 (Prop_CARRY8_CI_CO[4])
                                                      0.092     3.936 f  u_warp_collective_core/u_reduce_f32_add/u_aec_fp32_fma/inst/i_synth/FMA_OP.OP/addsub/add/EXP/NUMB_CMP1/NOT_FAST.CMP/C_CHAIN/CHAIN_GEN[24].C_MUX.CARRY_MUX_CARRY4_CARRY8/CO[4]
                         net (fo=2, unplaced)         0.183     4.119    u_warp_collective_core/u_reduce_f32_add/u_aec_fp32_fma/inst/i_synth/FMA_OP.OP/addsub/add/EXP/NUMB_CMP0/NOT_FAST.CMP/C_CHAIN/CHAIN_GEN[0].C_MUX.CARRY_MUX_1[0]
                         LUT5 (Prop_LUT5_I4_O)        0.038     4.157 f  u_warp_collective_core/u_reduce_f32_add/u_aec_fp32_fma/inst/i_synth/FMA_OP.OP/addsub/add/EXP/NUMB_CMP0/NOT_FAST.CMP/C_CHAIN/CHAIN_GEN[0].C_MUX.CARRY_MUX_i_2__7/O
                         net (fo=52, unplaced)        0.256     4.413    u_warp_collective_core/u_reduce_f32_add/u_aec_fp32_fma/inst/i_synth/FMA_OP.OP/mul/b_largest
                         LUT6 (Prop_LUT6_I4_O)        0.038     4.451 f  u_warp_collective_core/u_reduce_f32_add/u_aec_fp32_fma/inst/i_synth/FMA_OP.OP/mul/CHAIN_GEN[1].C_MUX.CARRY_MUX_i_2__0/O
                         net (fo=3, unplaced)         0.147     4.598    u_warp_collective_core/u_reduce_f32_add/u_aec_fp32_fma/inst/i_synth/FMA_OP.OP/mul/sml_shift_mux__95[4]
                         LUT4 (Prop_LUT4_I0_O)        0.100     4.698 r  u_warp_collective_core/u_reduce_f32_add/u_aec_fp32_fma/inst/i_synth/FMA_OP.OP/mul/CHAIN_GEN[1].C_MUX.CARRY_MUX_i_1__2/O
                         net (fo=1, unplaced)         0.023     4.721    u_warp_collective_core/u_reduce_f32_add/u_aec_fp32_fma/inst/i_synth/FMA_OP.OP/addsub/add/ALIGN_BLK/aligner.ALIGN_SHIFT/ALIGN_Z_D/EQ_ZERO/CARRY_ZERO_DET/CHAIN_GEN[11].C_MUX.CARRY_MUX_0[1]
                         CARRY8 (Prop_CARRY8_S[1]_CO[7])
                                                      0.197     4.918 r  u_warp_collective_core/u_reduce_f32_add/u_aec_fp32_fma/inst/i_synth/FMA_OP.OP/addsub/add/ALIGN_BLK/aligner.ALIGN_SHIFT/ALIGN_Z_D/EQ_ZERO/CARRY_ZERO_DET/CHAIN_GEN[0].C_MUX.CARRY_MUX_CARRY4_CARRY8/CO[7]
                         net (fo=2, unplaced)         0.005     4.923    u_warp_collective_core/u_reduce_f32_add/u_aec_fp32_fma/inst/i_synth/FMA_OP.OP/addsub/add/ALIGN_BLK/aligner.ALIGN_SHIFT/ALIGN_Z_D/EQ_ZERO/CARRY_ZERO_DET/CARRYS_OUT[7]
                         CARRY8 (Prop_CARRY8_CI_CO[2])
                                                      0.057     4.980 r  u_warp_collective_core/u_reduce_f32_add/u_aec_fp32_fma/inst/i_synth/FMA_OP.OP/addsub/add/ALIGN_BLK/aligner.ALIGN_SHIFT/ALIGN_Z_D/EQ_ZERO/CARRY_ZERO_DET/CHAIN_GEN[8].C_MUX.CARRY_MUX_CARRY4_CARRY8/CO[2]
                         net (fo=1, unplaced)         0.185     5.165    u_warp_collective_core/u_reduce_f32_add/u_aec_fp32_fma/inst/i_synth/FMA_OP.OP/addsub/add/EXP/bma_exp_cc/CARRYS_OUT[10]
                         LUT6 (Prop_LUT6_I0_O)        0.038     5.203 r  u_warp_collective_core/u_reduce_f32_add/u_aec_fp32_fma/inst/i_synth/FMA_OP.OP/addsub/add/EXP/bma_exp_cc/MUX_LOOP[2].OTHER_LEVELS.DO_CHUNKS[0].LUT6_STRUCT_MUX.MUX1_i_7/O
                         net (fo=1, unplaced)         0.185     5.388    u_warp_collective_core/u_reduce_f32_add/u_aec_fp32_fma/inst/i_synth/FMA_OP.OP/addsub/add/EXP/bma_exp_cc/MUX_LOOP[2].OTHER_LEVELS.DO_CHUNKS[0].LUT6_STRUCT_MUX.MUX1_i_7_n_0
                         LUT6 (Prop_LUT6_I5_O)        0.038     5.426 r  u_warp_collective_core/u_reduce_f32_add/u_aec_fp32_fma/inst/i_synth/FMA_OP.OP/addsub/add/EXP/bma_exp_cc/MUX_LOOP[2].OTHER_LEVELS.DO_CHUNKS[0].LUT6_STRUCT_MUX.MUX1_i_3/O
                         net (fo=1, unplaced)         0.185     5.611    u_warp_collective_core/u_reduce_f32_add/u_aec_fp32_fma/inst/i_synth/FMA_OP.OP/addsub/add/EXP/bma_exp_cc/MUX_LOOP[2].OTHER_LEVELS.DO_CHUNKS[0].LUT6_STRUCT_MUX.MUX1_i_3_n_0
                         LUT6 (Prop_LUT6_I0_O)        0.037     5.648 r  u_warp_collective_core/u_reduce_f32_add/u_aec_fp32_fma/inst/i_synth/FMA_OP.OP/addsub/add/EXP/bma_exp_cc/MUX_LOOP[2].OTHER_LEVELS.DO_CHUNKS[0].LUT6_STRUCT_MUX.MUX1_i_1/O
                         net (fo=1, unplaced)         0.024     5.672    u_warp_collective_core/u_reduce_f32_add/u_aec_fp32_fma/inst/i_synth/FMA_OP.OP/addsub/add/ALIGN_BLK/aligner.ALIGN_SHIFT/ALIGN_Z_D/zero_det_unreg[1]_0[2]
                         MUXF7 (Prop_MUXF7_I0_O)      0.067     5.739 r  u_warp_collective_core/u_reduce_f32_add/u_aec_fp32_fma/inst/i_synth/FMA_OP.OP/addsub/add/ALIGN_BLK/aligner.ALIGN_SHIFT/ALIGN_Z_D/MUX_LOOP[2].OTHER_LEVELS.DO_CHUNKS[0].LUT6_STRUCT_MUX.MUX1/O
                         net (fo=1, unplaced)         0.000     5.739    u_warp_collective_core/u_reduce_f32_add/u_aec_fp32_fma/inst/i_synth/FMA_OP.OP/addsub/add/ALIGN_BLK/aligner.ALIGN_SHIFT/ALIGN_Z_D/MUX_LOOP[2].OTHER_LEVELS.DO_CHUNKS[0].LUT6_STRUCT_MUX.mux0_1
                         MUXF8 (Prop_MUXF8_I1_O)      0.028     5.767 r  u_warp_collective_core/u_reduce_f32_add/u_aec_fp32_fma/inst/i_synth/FMA_OP.OP/addsub/add/ALIGN_BLK/aligner.ALIGN_SHIFT/ALIGN_Z_D/MUX_LOOP[2].OTHER_LEVELS.DO_CHUNKS[0].LUT6_STRUCT_MUX.MUX2/O
                         net (fo=2, unplaced)         0.185     5.952    u_warp_collective_core/u_reduce_f32_add/u_aec_fp32_fma/inst/i_synth/FMA_OP.OP/addsub/add/ALIGN_BLK/aligner.ALIGN_SHIFT/ALIGN_Z_D/zeros_z_det_a
                         LUT4 (Prop_LUT4_I1_O)        0.037     5.989 r  u_warp_collective_core/u_reduce_f32_add/u_aec_fp32_fma/inst/i_synth/FMA_OP.OP/addsub/add/ALIGN_BLK/aligner.ALIGN_SHIFT/ALIGN_Z_D/STRUCT_ADD1.CARRY_MUX2_i_1/O
                         net (fo=1, unplaced)         0.023     6.012    u_warp_collective_core/u_reduce_f32_add/u_aec_fp32_fma/inst/i_synth/FMA_OP.OP/addsub/add/ALIGN_BLK/FRAC_ADDSUB/LOGIC_ADD.FRAC_ADDSUB/STRUCT_ADD1.CARRY_MUX2_0
                         CARRY8 (Prop_CARRY8_S[1]_CO[7])
                                                      0.197     6.209 r  u_warp_collective_core/u_reduce_f32_add/u_aec_fp32_fma/inst/i_synth/FMA_OP.OP/addsub/add/ALIGN_BLK/FRAC_ADDSUB/LOGIC_ADD.FRAC_ADDSUB/STRUCT_ADD1.CARRY_MUX1_CARRY4_CARRY8/CO[7]
                         net (fo=1, unplaced)         0.005     6.214    u_warp_collective_core/u_reduce_f32_add/u_aec_fp32_fma/inst/i_synth/FMA_OP.OP/addsub/add/ALIGN_BLK/FRAC_ADDSUB/LOGIC_ADD.FRAC_ADDSUB/STRUCT_ADD1.ADD1/CHAIN_GEN[5].C_MUX.CARRY_MUX_n_0
                         CARRY8 (Prop_CARRY8_CI_CO[7])
                                                      0.022     6.236 r  u_warp_collective_core/u_reduce_f32_add/u_aec_fp32_fma/inst/i_synth/FMA_OP.OP/addsub/add/ALIGN_BLK/FRAC_ADDSUB/LOGIC_ADD.FRAC_ADDSUB/STRUCT_ADD1.ADD1/CHAIN_GEN[6].C_MUX.CARRY_MUX_CARRY4_CARRY8/CO[7]
                         net (fo=1, unplaced)         0.005     6.241    u_warp_collective_core/u_reduce_f32_add/u_aec_fp32_fma/inst/i_synth/FMA_OP.OP/addsub/add/ALIGN_BLK/FRAC_ADDSUB/LOGIC_ADD.FRAC_ADDSUB/STRUCT_ADD1.ADD1/CHAIN_GEN[13].C_MUX.CARRY_MUX_n_0
                         CARRY8 (Prop_CARRY8_CI_CO[7])
                                                      0.022     6.263 r  u_warp_collective_core/u_reduce_f32_add/u_aec_fp32_fma/inst/i_synth/FMA_OP.OP/addsub/add/ALIGN_BLK/FRAC_ADDSUB/LOGIC_ADD.FRAC_ADDSUB/STRUCT_ADD1.ADD1/CHAIN_GEN[14].C_MUX.CARRY_MUX_CARRY4_CARRY8/CO[7]
                         net (fo=1, unplaced)         0.005     6.268    u_warp_collective_core/u_reduce_f32_add/u_aec_fp32_fma/inst/i_synth/FMA_OP.OP/addsub/add/ALIGN_BLK/FRAC_ADDSUB/LOGIC_ADD.FRAC_ADDSUB/STRUCT_ADD1.ADD1/CHAIN_GEN[21].C_MUX.CARRY_MUX_n_0
                         CARRY8 (Prop_CARRY8_CI_CO[7])
                                                      0.022     6.290 r  u_warp_collective_core/u_reduce_f32_add/u_aec_fp32_fma/inst/i_synth/FMA_OP.OP/addsub/add/ALIGN_BLK/FRAC_ADDSUB/LOGIC_ADD.FRAC_ADDSUB/STRUCT_ADD1.ADD1/CHAIN_GEN[22].C_MUX.CARRY_MUX_CARRY4_CARRY8/CO[7]
                         net (fo=1, unplaced)         0.005     6.295    u_warp_collective_core/u_reduce_f32_add/u_aec_fp32_fma/inst/i_synth/FMA_OP.OP/addsub/add/ALIGN_BLK/FRAC_ADDSUB/LOGIC_ADD.FRAC_ADDSUB/STRUCT_ADD2.ADD1/CHAIN_GEN[4].C_MUX.CARRY_MUX_n_0
                         CARRY8 (Prop_CARRY8_CI_CO[7])
                                                      0.022     6.317 r  u_warp_collective_core/u_reduce_f32_add/u_aec_fp32_fma/inst/i_synth/FMA_OP.OP/addsub/add/ALIGN_BLK/FRAC_ADDSUB/LOGIC_ADD.FRAC_ADDSUB/STRUCT_ADD2.ADD1/CHAIN_GEN[5].C_MUX.CARRY_MUX_CARRY4_CARRY8/CO[7]
                         net (fo=1, unplaced)         0.005     6.322    u_warp_collective_core/u_reduce_f32_add/u_aec_fp32_fma/inst/i_synth/FMA_OP.OP/addsub/add/ALIGN_BLK/FRAC_ADDSUB/LOGIC_ADD.FRAC_ADDSUB/STRUCT_ADD2.ADD1/CHAIN_GEN[12].C_MUX.CARRY_MUX_n_0
                         CARRY8 (Prop_CARRY8_CI_CO[7])
                                                      0.022     6.344 r  u_warp_collective_core/u_reduce_f32_add/u_aec_fp32_fma/inst/i_synth/FMA_OP.OP/addsub/add/ALIGN_BLK/FRAC_ADDSUB/LOGIC_ADD.FRAC_ADDSUB/STRUCT_ADD2.ADD1/CHAIN_GEN[13].C_MUX.CARRY_MUX_CARRY4_CARRY8/CO[7]
                         net (fo=1, unplaced)         0.005     6.349    u_warp_collective_core/u_reduce_f32_add/u_aec_fp32_fma/inst/i_synth/FMA_OP.OP/addsub/add/ALIGN_BLK/FRAC_ADDSUB/LOGIC_ADD.FRAC_ADDSUB/STRUCT_ADD2.ADD1/CHAIN_GEN[20].C_MUX.CARRY_MUX_n_0
                         CARRY8 (Prop_CARRY8_CI_O[4])
                                                      0.086     6.435 f  u_warp_collective_core/u_reduce_f32_add/u_aec_fp32_fma/inst/i_synth/FMA_OP.OP/addsub/add/ALIGN_BLK/FRAC_ADDSUB/LOGIC_ADD.FRAC_ADDSUB/STRUCT_ADD2.ADD1/CHAIN_GEN[21].C_MUX.CARRY_MUX_CARRY4_CARRY8/O[4]
                         net (fo=4, unplaced)         0.197     6.632    u_warp_collective_core/u_reduce_f32_add/u_aec_fp32_fma/inst/i_synth/FMA_OP.OP/addsub/add/ALIGN_BLK/FRAC_ADDSUB/LOGIC_ADD.FRAC_ADDSUB/STRUCT_ADD2.ADD1/Q[17]
                         LUT4 (Prop_LUT4_I0_O)        0.100     6.732 r  u_warp_collective_core/u_reduce_f32_add/u_aec_fp32_fma/inst/i_synth/FMA_OP.OP/addsub/add/ALIGN_BLK/FRAC_ADDSUB/LOGIC_ADD.FRAC_ADDSUB/STRUCT_ADD2.ADD1/CHAIN_GEN[0].C_MUX.CARRY_MUX_i_1__7/O
                         net (fo=1, unplaced)         0.020     6.752    u_warp_collective_core/u_reduce_f32_add/u_aec_fp32_fma/inst/i_synth/FMA_OP.OP/addsub/add/NORM/LZE/ZERO_DET_CC_1/chunk_is_zero[0]
                         CARRY8 (Prop_CARRY8_S[0]_CO[7])
                                                      0.199     6.951 r  u_warp_collective_core/u_reduce_f32_add/u_aec_fp32_fma/inst/i_synth/FMA_OP.OP/addsub/add/NORM/LZE/ZERO_DET_CC_1/CHAIN_GEN[0].C_MUX.CARRY_MUX_CARRY4_CARRY8/CO[7]
                         net (fo=68, unplaced)        0.290     7.241    u_warp_collective_core/u_reduce_f32_add/u_aec_fp32_fma/inst/i_synth/FMA_OP.OP/addsub/add/NORM/LZE/ZERO_DET_CC_1/CARRYS_OUT[1]
                         LUT6 (Prop_LUT6_I4_O)        0.038     7.279 r  u_warp_collective_core/u_reduce_f32_add/u_aec_fp32_fma/inst/i_synth/FMA_OP.OP/addsub/add/NORM/LZE/ZERO_DET_CC_1/CHAIN_GEN[1].C_MUX.CARRY_MUX_i_2__4/O
                         net (fo=60, unplaced)        0.215     7.494    u_warp_collective_core/u_reduce_f32_add/u_aec_fp32_fma/inst/i_synth/FMA_OP.OP/addsub/add/ALIGN_BLK/FRAC_ADDSUB/LOGIC_ADD.FRAC_ADDSUB/STRUCT_ADD1.ADD1/norm_dist[1]
                         LUT5 (Prop_LUT5_I1_O)        0.100     7.594 r  u_warp_collective_core/u_reduce_f32_add/u_aec_fp32_fma/inst/i_synth/FMA_OP.OP/addsub/add/ALIGN_BLK/FRAC_ADDSUB/LOGIC_ADD.FRAC_ADDSUB/STRUCT_ADD1.ADD1/norm_exp_carry_i_12/O
                         net (fo=1, unplaced)         0.141     7.735    u_warp_collective_core/u_reduce_f32_add/u_aec_fp32_fma/inst/i_synth/FMA_OP.OP/addsub/add/ALIGN_BLK/FRAC_ADDSUB/LOGIC_ADD.FRAC_ADDSUB/STRUCT_ADD2.ADD1/RESULT_REG.NORMAL.mant_op[21]_i_12
                         LUT6 (Prop_LUT6_I1_O)        0.100     7.835 r  u_warp_collective_core/u_reduce_f32_add/u_aec_fp32_fma/inst/i_synth/FMA_OP.OP/addsub/add/ALIGN_BLK/FRAC_ADDSUB/LOGIC_ADD.FRAC_ADDSUB/STRUCT_ADD2.ADD1/norm_exp_carry_i_9/O
                         net (fo=7, unplaced)         0.210     8.045    u_warp_collective_core/u_reduce_f32_add/u_aec_fp32_fma/inst/i_synth/FMA_OP.OP/addsub/add/EXP/EXP_OFF.STRUCT_ADD/norm_dist[1]
                         LUT2 (Prop_LUT2_I1_O)        0.037     8.082 r  u_warp_collective_core/u_reduce_f32_add/u_aec_fp32_fma/inst/i_synth/FMA_OP.OP/addsub/add/EXP/EXP_OFF.STRUCT_ADD/norm_exp_carry_i_7/O
                         net (fo=1, unplaced)         0.023     8.105    u_warp_collective_core/u_reduce_f32_add/u_aec_fp32_fma/inst/i_synth/FMA_OP.OP/addsub/add/EXP/EXP_OFF.STRUCT_ADD_n_5
                         CARRY8 (Prop_CARRY8_S[1]_O[6])
                                                      0.224     8.329 r  u_warp_collective_core/u_reduce_f32_add/u_aec_fp32_fma/inst/i_synth/FMA_OP.OP/addsub/add/EXP/norm_exp_carry/O[6]
                         net (fo=4, unplaced)         0.103     8.432    u_warp_collective_core/u_reduce_f32_add/u_aec_fp32_fma/inst/i_synth/FMA_OP.OP/addsub/add/EXP/exp_op[6]
                         LUT4 (Prop_LUT4_I0_O)        0.139     8.571 r  u_warp_collective_core/u_reduce_f32_add/u_aec_fp32_fma/inst/i_synth/FMA_OP.OP/addsub/add/EXP/RESULT_REG.NORMAL.mant_op[21]_i_22/O
                         net (fo=2, unplaced)         0.185     8.756    u_warp_collective_core/u_reduce_f32_add/u_aec_fp32_fma/inst/i_synth/FMA_OP.OP/addsub/add/EXP/EXP_OFF.STRUCT_ADD/RESULT_REG.NORMAL.mant_op[21]_i_5_0
                         LUT6 (Prop_LUT6_I2_O)        0.038     8.794 r  u_warp_collective_core/u_reduce_f32_add/u_aec_fp32_fma/inst/i_synth/FMA_OP.OP/addsub/add/EXP/EXP_OFF.STRUCT_ADD/RESULT_REG.NORMAL.mant_op[21]_i_17/O
                         net (fo=4, unplaced)         0.152     8.946    u_warp_collective_core/u_reduce_f32_add/u_aec_fp32_fma/inst/i_synth/FMA_OP.OP/addsub/add/EXP/EXP_OFF.STRUCT_ADD/conv_exp.downsize_exp/exp_flt_all_one_rnd
                         LUT3 (Prop_LUT3_I0_O)        0.112     9.058 r  u_warp_collective_core/u_reduce_f32_add/u_aec_fp32_fma/inst/i_synth/FMA_OP.OP/addsub/add/EXP/EXP_OFF.STRUCT_ADD/RESULT_REG.NORMAL.mant_op[22]_i_2/O
                         net (fo=6, unplaced)         0.207     9.265    u_warp_collective_core/u_reduce_f32_add/u_aec_fp32_fma/inst/i_synth/FMA_OP.OP/addsub/add/EXP/EXP_OFF.STRUCT_ADD/conv_exp.downsize_exp/state_rnd__5[0]
                         LUT3 (Prop_LUT3_I2_O)        0.038     9.303 r  u_warp_collective_core/u_reduce_f32_add/u_aec_fp32_fma/inst/i_synth/FMA_OP.OP/addsub/add/EXP/EXP_OFF.STRUCT_ADD/RESULT_REG.NORMAL.exp_op[2]_i_2/O
                         net (fo=5, unplaced)         0.203     9.506    u_warp_collective_core/u_reduce_f32_add/u_aec_fp32_fma/inst/i_synth/FMA_OP.OP/addsub/add/EXP/EXP_OFF.STRUCT_ADD/op_state[0]
                         LUT6 (Prop_LUT6_I4_O)        0.038     9.544 r  u_warp_collective_core/u_reduce_f32_add/u_aec_fp32_fma/inst/i_synth/FMA_OP.OP/addsub/add/EXP/EXP_OFF.STRUCT_ADD/RESULT_REG.NORMAL.mant_op[21]_i_1/O
                         net (fo=22, unplaced)        0.237     9.781    u_warp_collective_core/u_reduce_f32_add/u_aec_fp32_fma/inst/i_synth/FMA_OP.OP/addsub/add/OP/RESULT_REG.NORMAL.mant_op_reg[21]_0
                         FDRE                                         r  u_warp_collective_core/u_reduce_f32_add/u_aec_fp32_fma/inst/i_synth/FMA_OP.OP/addsub/add/OP/RESULT_REG.NORMAL.mant_op_reg[15]/R
  -------------------------------------------------------------------    -------------------

                         (clock clk_i rise edge)      5.556     5.556 r  
                                                      0.000     5.556 r  clk_i (IN)
                         net (fo=37177, unset)        0.020     5.576    u_warp_collective_core/u_reduce_f32_add/u_aec_fp32_fma/inst/i_synth/FMA_OP.OP/addsub/add/OP/aclk
                         FDRE                                         r  u_warp_collective_core/u_reduce_f32_add/u_aec_fp32_fma/inst/i_synth/FMA_OP.OP/addsub/add/OP/RESULT_REG.NORMAL.mant_op_reg[15]/C
                         clock pessimism              0.000     5.576    
                         clock uncertainty           -0.035     5.541    
                         FDRE (Setup_FDRE_C_R)       -0.074     5.467    u_warp_collective_core/u_reduce_f32_add/u_aec_fp32_fma/inst/i_synth/FMA_OP.OP/addsub/add/OP/RESULT_REG.NORMAL.mant_op_reg[15]
  -------------------------------------------------------------------
                         required time                          5.467    
                         arrival time                          -9.781    
  -------------------------------------------------------------------
                         slack                                 -4.314    

Slack (VIOLATED) :        -4.314ns  (required time - arrival time)
  Source:                 u_warp_collective_core/lane_val_q_reg[6][10]/C
                            (rising edge-triggered cell FDCE clocked by clk_i  {rise@0.000ns fall@2.778ns period=5.556ns})
  Destination:            u_warp_collective_core/u_reduce_f32_add/u_aec_fp32_fma/inst/i_synth/FMA_OP.OP/addsub/add/OP/RESULT_REG.NORMAL.mant_op_reg[16]/R
                            (rising edge-triggered cell FDRE clocked by clk_i  {rise@0.000ns fall@2.778ns period=5.556ns})
  Path Group:             clk_i
  Path Type:              Setup (Max at Slow Process Corner)
  Requirement:            5.556ns  (clk_i rise@5.556ns - clk_i rise@0.000ns)
  Data Path Delay:        9.753ns  (logic 5.150ns (52.804%)  route 4.603ns (47.196%))
  Logic Levels:           44  (CARRY8=13 DSP_A_B_DATA=1 DSP_ALU=2 DSP_M_DATA=1 DSP_MULTIPLIER=1 DSP_OUTPUT=2 DSP_PREADD_DATA=1 LUT2=1 LUT3=2 LUT4=5 LUT5=2 LUT6=9 MUXF7=2 MUXF8=2)
  Clock Path Skew:        -0.008ns (DCD - SCD + CPR)
    Destination Clock Delay (DCD):    0.020ns = ( 5.576 - 5.556 ) 
    Source Clock Delay      (SCD):    0.028ns
    Clock Pessimism Removal (CPR):    0.000ns
  Clock Uncertainty:      0.035ns  ((TSJ^2 + TIJ^2)^1/2 + DJ) / 2 + PE
    Total System Jitter     (TSJ):    0.071ns
    Total Input Jitter      (TIJ):    0.000ns
    Discrete Jitter          (DJ):    0.000ns
    Phase Error              (PE):    0.000ns

    Location             Delay type                Incr(ns)  Path(ns)    Netlist Resource(s)
  -------------------------------------------------------------------    -------------------
                         (clock clk_i rise edge)      0.000     0.000 r  
                                                      0.000     0.000 r  clk_i (IN)
                         net (fo=37177, unset)        0.028     0.028    u_warp_collective_core/clk_i
                         FDCE                                         r  u_warp_collective_core/lane_val_q_reg[6][10]/C
  -------------------------------------------------------------------    -------------------
                         FDCE (Prop_FDCE_C_Q)         0.077     0.105 f  u_warp_collective_core/lane_val_q_reg[6][10]/Q
                         net (fo=35, unplaced)        0.216     0.321    u_warp_collective_core/u_reduce_f32_add/u_aec_fp32_fma_i_66_0[10]
                         LUT6 (Prop_LUT6_I0_O)        0.145     0.466 f  u_warp_collective_core/u_reduce_f32_add/u_aec_fp32_fma_i_344/O
                         net (fo=1, unplaced)         0.032     0.498    u_warp_collective_core/u_reduce_f32_add/u_aec_fp32_fma_i_344_n_0
                         MUXF7 (Prop_MUXF7_I0_O)      0.069     0.567 f  u_warp_collective_core/u_reduce_f32_add/u_aec_fp32_fma_i_108/O
                         net (fo=1, unplaced)         0.000     0.567    u_warp_collective_core/u_reduce_f32_add/u_aec_fp32_fma_i_108_n_0
                         MUXF8 (Prop_MUXF8_I0_O)      0.030     0.597 f  u_warp_collective_core/u_reduce_f32_add/u_aec_fp32_fma_i_23/O
                         net (fo=11, unplaced)        0.244     0.841    u_warp_collective_core/u_reduce_f32_add/u_aec_fp32_fma/inst/i_synth/FMA_OP.OP/mul/MULT/gDSP.gDSP_only.iDSP/use_prim.appDSP48[0].bppDSP48[0].use_dsp.use_dsp48e2.iDSP48E2/B[10]
                         DSP_A_B_DATA (Prop_DSP_A_B_DATA_B[10]_B2_DATA[10])
                                                      0.151     0.992 r  u_warp_collective_core/u_reduce_f32_add/u_aec_fp32_fma/inst/i_synth/FMA_OP.OP/mul/MULT/gDSP.gDSP_only.iDSP/use_prim.appDSP48[0].bppDSP48[0].use_dsp.use_dsp48e2.iDSP48E2/DSP_A_B_DATA_INST/B2_DATA[10]
                         net (fo=1, unplaced)         0.000     0.992    u_warp_collective_core/u_reduce_f32_add/u_aec_fp32_fma/inst/i_synth/FMA_OP.OP/mul/MULT/gDSP.gDSP_only.iDSP/use_prim.appDSP48[0].bppDSP48[0].use_dsp.use_dsp48e2.iDSP48E2/DSP_A_B_DATA.B2_DATA<10>
                         DSP_PREADD_DATA (Prop_DSP_PREADD_DATA_B2_DATA[10]_B2B1[10])
                                                      0.073     1.065 r  u_warp_collective_core/u_reduce_f32_add/u_aec_fp32_fma/inst/i_synth/FMA_OP.OP/mul/MULT/gDSP.gDSP_only.iDSP/use_prim.appDSP48[0].bppDSP48[0].use_dsp.use_dsp48e2.iDSP48E2/DSP_PREADD_DATA_INST/B2B1[10]
                         net (fo=1, unplaced)         0.000     1.065    u_warp_collective_core/u_reduce_f32_add/u_aec_fp32_fma/inst/i_synth/FMA_OP.OP/mul/MULT/gDSP.gDSP_only.iDSP/use_prim.appDSP48[0].bppDSP48[0].use_dsp.use_dsp48e2.iDSP48E2/DSP_PREADD_DATA.B2B1<10>
                         DSP_MULTIPLIER (Prop_DSP_MULTIPLIER_B2B1[10]_V[39])
                                                      0.609     1.674 f  u_warp_collective_core/u_reduce_f32_add/u_aec_fp32_fma/inst/i_synth/FMA_OP.OP/mul/MULT/gDSP.gDSP_only.iDSP/use_prim.appDSP48[0].bppDSP48[0].use_dsp.use_dsp48e2.iDSP48E2/DSP_MULTIPLIER_INST/V[39]
                         net (fo=1, unplaced)         0.000     1.674    u_warp_collective_core/u_reduce_f32_add/u_aec_fp32_fma/inst/i_synth/FMA_OP.OP/mul/MULT/gDSP.gDSP_only.iDSP/use_prim.appDSP48[0].bppDSP48[0].use_dsp.use_dsp48e2.iDSP48E2/DSP_MULTIPLIER.V<39>
                         DSP_M_DATA (Prop_DSP_M_DATA_V[39]_V_DATA[39])
                                                      0.046     1.720 r  u_warp_collective_core/u_reduce_f32_add/u_aec_fp32_fma/inst/i_synth/FMA_OP.OP/mul/MULT/gDSP.gDSP_only.iDSP/use_prim.appDSP48[0].bppDSP48[0].use_dsp.use_dsp48e2.iDSP48E2/DSP_M_DATA_INST/V_DATA[39]
                         net (fo=1, unplaced)         0.000     1.720    u_warp_collective_core/u_reduce_f32_add/u_aec_fp32_fma/inst/i_synth/FMA_OP.OP/mul/MULT/gDSP.gDSP_only.iDSP/use_prim.appDSP48[0].bppDSP48[0].use_dsp.use_dsp48e2.iDSP48E2/DSP_M_DATA.V_DATA<39>
                         DSP_ALU (Prop_DSP_ALU_V_DATA[39]_ALU_OUT[47])
                                                      0.571     2.291 f  u_warp_collective_core/u_reduce_f32_add/u_aec_fp32_fma/inst/i_synth/FMA_OP.OP/mul/MULT/gDSP.gDSP_only.iDSP/use_prim.appDSP48[0].bppDSP48[0].use_dsp.use_dsp48e2.iDSP48E2/DSP_ALU_INST/ALU_OUT[47]
                         net (fo=1, unplaced)         0.000     2.291    u_warp_collective_core/u_reduce_f32_add/u_aec_fp32_fma/inst/i_synth/FMA_OP.OP/mul/MULT/gDSP.gDSP_only.iDSP/use_prim.appDSP48[0].bppDSP48[0].use_dsp.use_dsp48e2.iDSP48E2/DSP_ALU.ALU_OUT<47>
                         DSP_OUTPUT (Prop_DSP_OUTPUT_ALU_OUT[47]_PCOUT[47])
                                                      0.122     2.413 r  u_warp_collective_core/u_reduce_f32_add/u_aec_fp32_fma/inst/i_synth/FMA_OP.OP/mul/MULT/gDSP.gDSP_only.iDSP/use_prim.appDSP48[0].bppDSP48[0].use_dsp.use_dsp48e2.iDSP48E2/DSP_OUTPUT_INST/PCOUT[47]
                         net (fo=1, unplaced)         0.014     2.427    u_warp_collective_core/u_reduce_f32_add/u_aec_fp32_fma/inst/i_synth/FMA_OP.OP/mul/MULT/gDSP.gDSP_only.iDSP/use_prim.appDSP48[0].bppDSP48[1].use_dsp.use_dsp48e2.iDSP48E2/PCIN[47]
                         DSP_ALU (Prop_DSP_ALU_PCIN[47]_ALU_OUT[15])
                                                      0.546     2.973 f  u_warp_collective_core/u_reduce_f32_add/u_aec_fp32_fma/inst/i_synth/FMA_OP.OP/mul/MULT/gDSP.gDSP_only.iDSP/use_prim.appDSP48[0].bppDSP48[1].use_dsp.use_dsp48e2.iDSP48E2/DSP_ALU_INST/ALU_OUT[15]
                         net (fo=1, unplaced)         0.000     2.973    u_warp_collective_core/u_reduce_f32_add/u_aec_fp32_fma/inst/i_synth/FMA_OP.OP/mul/MULT/gDSP.gDSP_only.iDSP/use_prim.appDSP48[0].bppDSP48[1].use_dsp.use_dsp48e2.iDSP48E2/DSP_ALU.ALU_OUT<15>
                         DSP_OUTPUT (Prop_DSP_OUTPUT_ALU_OUT[15]_P[15])
                                                      0.109     3.082 r  u_warp_collective_core/u_reduce_f32_add/u_aec_fp32_fma/inst/i_synth/FMA_OP.OP/mul/MULT/gDSP.gDSP_only.iDSP/use_prim.appDSP48[0].bppDSP48[1].use_dsp.use_dsp48e2.iDSP48E2/DSP_OUTPUT_INST/P[15]
                         net (fo=8, unplaced)         0.236     3.318    u_warp_collective_core/u_reduce_f32_add/u_aec_fp32_fma/inst/i_synth/FMA_OP.OP/mul/mul_result_wide[32]
                         LUT4 (Prop_LUT4_I1_O)        0.139     3.457 f  u_warp_collective_core/u_reduce_f32_add/u_aec_fp32_fma/inst/i_synth/FMA_OP.OP/mul/CHAIN_GEN[16].C_MUX.CARRY_MUX_i_2__2/O
                         net (fo=1, unplaced)         0.242     3.699    u_warp_collective_core/u_reduce_f32_add/u_aec_fp32_fma/inst/i_synth/FMA_OP.OP/addsub/add/EXP/NUMB_CMP1/NOT_FAST.CMP/C_CHAIN/CHAIN_GEN[23].C_MUX.CARRY_MUX_1[4]
                         CARRY8 (Prop_CARRY8_DI[0]_CO[7])
                                                      0.140     3.839 f  u_warp_collective_core/u_reduce_f32_add/u_aec_fp32_fma/inst/i_synth/FMA_OP.OP/addsub/add/EXP/NUMB_CMP1/NOT_FAST.CMP/C_CHAIN/CHAIN_GEN[16].C_MUX.CARRY_MUX_CARRY4_CARRY8/CO[7]
                         net (fo=1, unplaced)         0.005     3.844    u_warp_collective_core/u_reduce_f32_add/u_aec_fp32_fma/inst/i_synth/FMA_OP.OP/addsub/add/EXP/NUMB_CMP1/NOT_FAST.CMP/C_CHAIN/CHAIN_GEN[23].C_MUX.CARRY_MUX_n_0
                         CARRY8 (Prop_CARRY8_CI_CO[4])
                                                      0.092     3.936 f  u_warp_collective_core/u_reduce_f32_add/u_aec_fp32_fma/inst/i_synth/FMA_OP.OP/addsub/add/EXP/NUMB_CMP1/NOT_FAST.CMP/C_CHAIN/CHAIN_GEN[24].C_MUX.CARRY_MUX_CARRY4_CARRY8/CO[4]
                         net (fo=2, unplaced)         0.183     4.119    u_warp_collective_core/u_reduce_f32_add/u_aec_fp32_fma/inst/i_synth/FMA_OP.OP/addsub/add/EXP/NUMB_CMP0/NOT_FAST.CMP/C_CHAIN/CHAIN_GEN[0].C_MUX.CARRY_MUX_1[0]
                         LUT5 (Prop_LUT5_I4_O)        0.038     4.157 f  u_warp_collective_core/u_reduce_f32_add/u_aec_fp32_fma/inst/i_synth/FMA_OP.OP/addsub/add/EXP/NUMB_CMP0/NOT_FAST.CMP/C_CHAIN/CHAIN_GEN[0].C_MUX.CARRY_MUX_i_2__7/O
                         net (fo=52, unplaced)        0.256     4.413    u_warp_collective_core/u_reduce_f32_add/u_aec_fp32_fma/inst/i_synth/FMA_OP.OP/mul/b_largest
                         LUT6 (Prop_LUT6_I4_O)        0.038     4.451 f  u_warp_collective_core/u_reduce_f32_add/u_aec_fp32_fma/inst/i_synth/FMA_OP.OP/mul/CHAIN_GEN[1].C_MUX.CARRY_MUX_i_2__0/O
                         net (fo=3, unplaced)         0.147     4.598    u_warp_collective_core/u_reduce_f32_add/u_aec_fp32_fma/inst/i_synth/FMA_OP.OP/mul/sml_shift_mux__95[4]
                         LUT4 (Prop_LUT4_I0_O)        0.100     4.698 r  u_warp_collective_core/u_reduce_f32_add/u_aec_fp32_fma/inst/i_synth/FMA_OP.OP/mul/CHAIN_GEN[1].C_MUX.CARRY_MUX_i_1__2/O
                         net (fo=1, unplaced)         0.023     4.721    u_warp_collective_core/u_reduce_f32_add/u_aec_fp32_fma/inst/i_synth/FMA_OP.OP/addsub/add/ALIGN_BLK/aligner.ALIGN_SHIFT/ALIGN_Z_D/EQ_ZERO/CARRY_ZERO_DET/CHAIN_GEN[11].C_MUX.CARRY_MUX_0[1]
                         CARRY8 (Prop_CARRY8_S[1]_CO[7])
                                                      0.197     4.918 r  u_warp_collective_core/u_reduce_f32_add/u_aec_fp32_fma/inst/i_synth/FMA_OP.OP/addsub/add/ALIGN_BLK/aligner.ALIGN_SHIFT/ALIGN_Z_D/EQ_ZERO/CARRY_ZERO_DET/CHAIN_GEN[0].C_MUX.CARRY_MUX_CARRY4_CARRY8/CO[7]
                         net (fo=2, unplaced)         0.005     4.923    u_warp_collective_core/u_reduce_f32_add/u_aec_fp32_fma/inst/i_synth/FMA_OP.OP/addsub/add/ALIGN_BLK/aligner.ALIGN_SHIFT/ALIGN_Z_D/EQ_ZERO/CARRY_ZERO_DET/CARRYS_OUT[7]
                         CARRY8 (Prop_CARRY8_CI_CO[2])
                                                      0.057     4.980 r  u_warp_collective_core/u_reduce_f32_add/u_aec_fp32_fma/inst/i_synth/FMA_OP.OP/addsub/add/ALIGN_BLK/aligner.ALIGN_SHIFT/ALIGN_Z_D/EQ_ZERO/CARRY_ZERO_DET/CHAIN_GEN[8].C_MUX.CARRY_MUX_CARRY4_CARRY8/CO[2]
                         net (fo=1, unplaced)         0.185     5.165    u_warp_collective_core/u_reduce_f32_add/u_aec_fp32_fma/inst/i_synth/FMA_OP.OP/addsub/add/EXP/bma_exp_cc/CARRYS_OUT[10]
                         LUT6 (Prop_LUT6_I0_O)        0.038     5.203 r  u_warp_collective_core/u_reduce_f32_add/u_aec_fp32_fma/inst/i_synth/FMA_OP.OP/addsub/add/EXP/bma_exp_cc/MUX_LOOP[2].OTHER_LEVELS.DO_CHUNKS[0].LUT6_STRUCT_MUX.MUX1_i_7/O
                         net (fo=1, unplaced)         0.185     5.388    u_warp_collective_core/u_reduce_f32_add/u_aec_fp32_fma/inst/i_synth/FMA_OP.OP/addsub/add/EXP/bma_exp_cc/MUX_LOOP[2].OTHER_LEVELS.DO_CHUNKS[0].LUT6_STRUCT_MUX.MUX1_i_7_n_0
                         LUT6 (Prop_LUT6_I5_O)        0.038     5.426 r  u_warp_collective_core/u_reduce_f32_add/u_aec_fp32_fma/inst/i_synth/FMA_OP.OP/addsub/add/EXP/bma_exp_cc/MUX_LOOP[2].OTHER_LEVELS.DO_CHUNKS[0].LUT6_STRUCT_MUX.MUX1_i_3/O
                         net (fo=1, unplaced)         0.185     5.611    u_warp_collective_core/u_reduce_f32_add/u_aec_fp32_fma/inst/i_synth/FMA_OP.OP/addsub/add/EXP/bma_exp_cc/MUX_LOOP[2].OTHER_LEVELS.DO_CHUNKS[0].LUT6_STRUCT_MUX.MUX1_i_3_n_0
                         LUT6 (Prop_LUT6_I0_O)        0.037     5.648 r  u_warp_collective_core/u_reduce_f32_add/u_aec_fp32_fma/inst/i_synth/FMA_OP.OP/addsub/add/EXP/bma_exp_cc/MUX_LOOP[2].OTHER_LEVELS.DO_CHUNKS[0].LUT6_STRUCT_MUX.MUX1_i_1/O
                         net (fo=1, unplaced)         0.024     5.672    u_warp_collective_core/u_reduce_f32_add/u_aec_fp32_fma/inst/i_synth/FMA_OP.OP/addsub/add/ALIGN_BLK/aligner.ALIGN_SHIFT/ALIGN_Z_D/zero_det_unreg[1]_0[2]
                         MUXF7 (Prop_MUXF7_I0_O)      0.067     5.739 r  u_warp_collective_core/u_reduce_f32_add/u_aec_fp32_fma/inst/i_synth/FMA_OP.OP/addsub/add/ALIGN_BLK/aligner.ALIGN_SHIFT/ALIGN_Z_D/MUX_LOOP[2].OTHER_LEVELS.DO_CHUNKS[0].LUT6_STRUCT_MUX.MUX1/O
                         net (fo=1, unplaced)         0.000     5.739    u_warp_collective_core/u_reduce_f32_add/u_aec_fp32_fma/inst/i_synth/FMA_OP.OP/addsub/add/ALIGN_BLK/aligner.ALIGN_SHIFT/ALIGN_Z_D/MUX_LOOP[2].OTHER_LEVELS.DO_CHUNKS[0].LUT6_STRUCT_MUX.mux0_1
                         MUXF8 (Prop_MUXF8_I1_O)      0.028     5.767 r  u_warp_collective_core/u_reduce_f32_add/u_aec_fp32_fma/inst/i_synth/FMA_OP.OP/addsub/add/ALIGN_BLK/aligner.ALIGN_SHIFT/ALIGN_Z_D/MUX_LOOP[2].OTHER_LEVELS.DO_CHUNKS[0].LUT6_STRUCT_MUX.MUX2/O
                         net (fo=2, unplaced)         0.185     5.952    u_warp_collective_core/u_reduce_f32_add/u_aec_fp32_fma/inst/i_synth/FMA_OP.OP/addsub/add/ALIGN_BLK/aligner.ALIGN_SHIFT/ALIGN_Z_D/zeros_z_det_a
                         LUT4 (Prop_LUT4_I1_O)        0.037     5.989 r  u_warp_collective_core/u_reduce_f32_add/u_aec_fp32_fma/inst/i_synth/FMA_OP.OP/addsub/add/ALIGN_BLK/aligner.ALIGN_SHIFT/ALIGN_Z_D/STRUCT_ADD1.CARRY_MUX2_i_1/O
                         net (fo=1, unplaced)         0.023     6.012    u_warp_collective_core/u_reduce_f32_add/u_aec_fp32_fma/inst/i_synth/FMA_OP.OP/addsub/add/ALIGN_BLK/FRAC_ADDSUB/LOGIC_ADD.FRAC_ADDSUB/STRUCT_ADD1.CARRY_MUX2_0
                         CARRY8 (Prop_CARRY8_S[1]_CO[7])
                                                      0.197     6.209 r  u_warp_collective_core/u_reduce_f32_add/u_aec_fp32_fma/inst/i_synth/FMA_OP.OP/addsub/add/ALIGN_BLK/FRAC_ADDSUB/LOGIC_ADD.FRAC_ADDSUB/STRUCT_ADD1.CARRY_MUX1_CARRY4_CARRY8/CO[7]
                         net (fo=1, unplaced)         0.005     6.214    u_warp_collective_core/u_reduce_f32_add/u_aec_fp32_fma/inst/i_synth/FMA_OP.OP/addsub/add/ALIGN_BLK/FRAC_ADDSUB/LOGIC_ADD.FRAC_ADDSUB/STRUCT_ADD1.ADD1/CHAIN_GEN[5].C_MUX.CARRY_MUX_n_0
                         CARRY8 (Prop_CARRY8_CI_CO[7])
                                                      0.022     6.236 r  u_warp_collective_core/u_reduce_f32_add/u_aec_fp32_fma/inst/i_synth/FMA_OP.OP/addsub/add/ALIGN_BLK/FRAC_ADDSUB/LOGIC_ADD.FRAC_ADDSUB/STRUCT_ADD1.ADD1/CHAIN_GEN[6].C_MUX.CARRY_MUX_CARRY4_CARRY8/CO[7]
                         net (fo=1, unplaced)         0.005     6.241    u_warp_collective_core/u_reduce_f32_add/u_aec_fp32_fma/inst/i_synth/FMA_OP.OP/addsub/add/ALIGN_BLK/FRAC_ADDSUB/LOGIC_ADD.FRAC_ADDSUB/STRUCT_ADD1.ADD1/CHAIN_GEN[13].C_MUX.CARRY_MUX_n_0
                         CARRY8 (Prop_CARRY8_CI_CO[7])
                                                      0.022     6.263 r  u_warp_collective_core/u_reduce_f32_add/u_aec_fp32_fma/inst/i_synth/FMA_OP.OP/addsub/add/ALIGN_BLK/FRAC_ADDSUB/LOGIC_ADD.FRAC_ADDSUB/STRUCT_ADD1.ADD1/CHAIN_GEN[14].C_MUX.CARRY_MUX_CARRY4_CARRY8/CO[7]
                         net (fo=1, unplaced)         0.005     6.268    u_warp_collective_core/u_reduce_f32_add/u_aec_fp32_fma/inst/i_synth/FMA_OP.OP/addsub/add/ALIGN_BLK/FRAC_ADDSUB/LOGIC_ADD.FRAC_ADDSUB/STRUCT_ADD1.ADD1/CHAIN_GEN[21].C_MUX.CARRY_MUX_n_0
                         CARRY8 (Prop_CARRY8_CI_CO[7])
                                                      0.022     6.290 r  u_warp_collective_core/u_reduce_f32_add/u_aec_fp32_fma/inst/i_synth/FMA_OP.OP/addsub/add/ALIGN_BLK/FRAC_ADDSUB/LOGIC_ADD.FRAC_ADDSUB/STRUCT_ADD1.ADD1/CHAIN_GEN[22].C_MUX.CARRY_MUX_CARRY4_CARRY8/CO[7]
                         net (fo=1, unplaced)         0.005     6.295    u_warp_collective_core/u_reduce_f32_add/u_aec_fp32_fma/inst/i_synth/FMA_OP.OP/addsub/add/ALIGN_BLK/FRAC_ADDSUB/LOGIC_ADD.FRAC_ADDSUB/STRUCT_ADD2.ADD1/CHAIN_GEN[4].C_MUX.CARRY_MUX_n_0
                         CARRY8 (Prop_CARRY8_CI_CO[7])
                                                      0.022     6.317 r  u_warp_collective_core/u_reduce_f32_add/u_aec_fp32_fma/inst/i_synth/FMA_OP.OP/addsub/add/ALIGN_BLK/FRAC_ADDSUB/LOGIC_ADD.FRAC_ADDSUB/STRUCT_ADD2.ADD1/CHAIN_GEN[5].C_MUX.CARRY_MUX_CARRY4_CARRY8/CO[7]
                         net (fo=1, unplaced)         0.005     6.322    u_warp_collective_core/u_reduce_f32_add/u_aec_fp32_fma/inst/i_synth/FMA_OP.OP/addsub/add/ALIGN_BLK/FRAC_ADDSUB/LOGIC_ADD.FRAC_ADDSUB/STRUCT_ADD2.ADD1/CHAIN_GEN[12].C_MUX.CARRY_MUX_n_0
                         CARRY8 (Prop_CARRY8_CI_CO[7])
                                                      0.022     6.344 r  u_warp_collective_core/u_reduce_f32_add/u_aec_fp32_fma/inst/i_synth/FMA_OP.OP/addsub/add/ALIGN_BLK/FRAC_ADDSUB/LOGIC_ADD.FRAC_ADDSUB/STRUCT_ADD2.ADD1/CHAIN_GEN[13].C_MUX.CARRY_MUX_CARRY4_CARRY8/CO[7]
                         net (fo=1, unplaced)         0.005     6.349    u_warp_collective_core/u_reduce_f32_add/u_aec_fp32_fma/inst/i_synth/FMA_OP.OP/addsub/add/ALIGN_BLK/FRAC_ADDSUB/LOGIC_ADD.FRAC_ADDSUB/STRUCT_ADD2.ADD1/CHAIN_GEN[20].C_MUX.CARRY_MUX_n_0
                         CARRY8 (Prop_CARRY8_CI_O[4])
                                                      0.086     6.435 f  u_warp_collective_core/u_reduce_f32_add/u_aec_fp32_fma/inst/i_synth/FMA_OP.OP/addsub/add/ALIGN_BLK/FRAC_ADDSUB/LOGIC_ADD.FRAC_ADDSUB/STRUCT_ADD2.ADD1/CHAIN_GEN[21].C_MUX.CARRY_MUX_CARRY4_CARRY8/O[4]
                         net (fo=4, unplaced)         0.197     6.632    u_warp_collective_core/u_reduce_f32_add/u_aec_fp32_fma/inst/i_synth/FMA_OP.OP/addsub/add/ALIGN_BLK/FRAC_ADDSUB/LOGIC_ADD.FRAC_ADDSUB/STRUCT_ADD2.ADD1/Q[17]
                         LUT4 (Prop_LUT4_I0_O)        0.100     6.732 r  u_warp_collective_core/u_reduce_f32_add/u_aec_fp32_fma/inst/i_synth/FMA_OP.OP/addsub/add/ALIGN_BLK/FRAC_ADDSUB/LOGIC_ADD.FRAC_ADDSUB/STRUCT_ADD2.ADD1/CHAIN_GEN[0].C_MUX.CARRY_MUX_i_1__7/O
                         net (fo=1, unplaced)         0.020     6.752    u_warp_collective_core/u_reduce_f32_add/u_aec_fp32_fma/inst/i_synth/FMA_OP.OP/addsub/add/NORM/LZE/ZERO_DET_CC_1/chunk_is_zero[0]
                         CARRY8 (Prop_CARRY8_S[0]_CO[7])
                                                      0.199     6.951 r  u_warp_collective_core/u_reduce_f32_add/u_aec_fp32_fma/inst/i_synth/FMA_OP.OP/addsub/add/NORM/LZE/ZERO_DET_CC_1/CHAIN_GEN[0].C_MUX.CARRY_MUX_CARRY4_CARRY8/CO[7]
                         net (fo=68, unplaced)        0.290     7.241    u_warp_collective_core/u_reduce_f32_add/u_aec_fp32_fma/inst/i_synth/FMA_OP.OP/addsub/add/NORM/LZE/ZERO_DET_CC_1/CARRYS_OUT[1]
                         LUT6 (Prop_LUT6_I4_O)        0.038     7.279 r  u_warp_collective_core/u_reduce_f32_add/u_aec_fp32_fma/inst/i_synth/FMA_OP.OP/addsub/add/NORM/LZE/ZERO_DET_CC_1/CHAIN_GEN[1].C_MUX.CARRY_MUX_i_2__4/O
                         net (fo=60, unplaced)        0.215     7.494    u_warp_collective_core/u_reduce_f32_add/u_aec_fp32_fma/inst/i_synth/FMA_OP.OP/addsub/add/ALIGN_BLK/FRAC_ADDSUB/LOGIC_ADD.FRAC_ADDSUB/STRUCT_ADD1.ADD1/norm_dist[1]
                         LUT5 (Prop_LUT5_I1_O)        0.100     7.594 r  u_warp_collective_core/u_reduce_f32_add/u_aec_fp32_fma/inst/i_synth/FMA_OP.OP/addsub/add/ALIGN_BLK/FRAC_ADDSUB/LOGIC_ADD.FRAC_ADDSUB/STRUCT_ADD1.ADD1/norm_exp_carry_i_12/O
                         net (fo=1, unplaced)         0.141     7.735    u_warp_collective_core/u_reduce_f32_add/u_aec_fp32_fma/inst/i_synth/FMA_OP.OP/addsub/add/ALIGN_BLK/FRAC_ADDSUB/LOGIC_ADD.FRAC_ADDSUB/STRUCT_ADD2.ADD1/RESULT_REG.NORMAL.mant_op[21]_i_12
                         LUT6 (Prop_LUT6_I1_O)        0.100     7.835 r  u_warp_collective_core/u_reduce_f32_add/u_aec_fp32_fma/inst/i_synth/FMA_OP.OP/addsub/add/ALIGN_BLK/FRAC_ADDSUB/LOGIC_ADD.FRAC_ADDSUB/STRUCT_ADD2.ADD1/norm_exp_carry_i_9/O
                         net (fo=7, unplaced)         0.210     8.045    u_warp_collective_core/u_reduce_f32_add/u_aec_fp32_fma/inst/i_synth/FMA_OP.OP/addsub/add/EXP/EXP_OFF.STRUCT_ADD/norm_dist[1]
                         LUT2 (Prop_LUT2_I1_O)        0.037     8.082 r  u_warp_collective_core/u_reduce_f32_add/u_aec_fp32_fma/inst/i_synth/FMA_OP.OP/addsub/add/EXP/EXP_OFF.STRUCT_ADD/norm_exp_carry_i_7/O
                         net (fo=1, unplaced)         0.023     8.105    u_warp_collective_core/u_reduce_f32_add/u_aec_fp32_fma/inst/i_synth/FMA_OP.OP/addsub/add/EXP/EXP_OFF.STRUCT_ADD_n_5
                         CARRY8 (Prop_CARRY8_S[1]_O[6])
                                                      0.224     8.329 r  u_warp_collective_core/u_reduce_f32_add/u_aec_fp32_fma/inst/i_synth/FMA_OP.OP/addsub/add/EXP/norm_exp_carry/O[6]
                         net (fo=4, unplaced)         0.103     8.432    u_warp_collective_core/u_reduce_f32_add/u_aec_fp32_fma/inst/i_synth/FMA_OP.OP/addsub/add/EXP/exp_op[6]
                         LUT4 (Prop_LUT4_I0_O)        0.139     8.571 r  u_warp_collective_core/u_reduce_f32_add/u_aec_fp32_fma/inst/i_synth/FMA_OP.OP/addsub/add/EXP/RESULT_REG.NORMAL.mant_op[21]_i_22/O
                         net (fo=2, unplaced)         0.185     8.756    u_warp_collective_core/u_reduce_f32_add/u_aec_fp32_fma/inst/i_synth/FMA_OP.OP/addsub/add/EXP/EXP_OFF.STRUCT_ADD/RESULT_REG.NORMAL.mant_op[21]_i_5_0
                         LUT6 (Prop_LUT6_I2_O)        0.038     8.794 r  u_warp_collective_core/u_reduce_f32_add/u_aec_fp32_fma/inst/i_synth/FMA_OP.OP/addsub/add/EXP/EXP_OFF.STRUCT_ADD/RESULT_REG.NORMAL.mant_op[21]_i_17/O
                         net (fo=4, unplaced)         0.152     8.946    u_warp_collective_core/u_reduce_f32_add/u_aec_fp32_fma/inst/i_synth/FMA_OP.OP/addsub/add/EXP/EXP_OFF.STRUCT_ADD/conv_exp.downsize_exp/exp_flt_all_one_rnd
                         LUT3 (Prop_LUT3_I0_O)        0.112     9.058 r  u_warp_collective_core/u_reduce_f32_add/u_aec_fp32_fma/inst/i_synth/FMA_OP.OP/addsub/add/EXP/EXP_OFF.STRUCT_ADD/RESULT_REG.NORMAL.mant_op[22]_i_2/O
                         net (fo=6, unplaced)         0.207     9.265    u_warp_collective_core/u_reduce_f32_add/u_aec_fp32_fma/inst/i_synth/FMA_OP.OP/addsub/add/EXP/EXP_OFF.STRUCT_ADD/conv_exp.downsize_exp/state_rnd__5[0]
                         LUT3 (Prop_LUT3_I2_O)        0.038     9.303 r  u_warp_collective_core/u_reduce_f32_add/u_aec_fp32_fma/inst/i_synth/FMA_OP.OP/addsub/add/EXP/EXP_OFF.STRUCT_ADD/RESULT_REG.NORMAL.exp_op[2]_i_2/O
                         net (fo=5, unplaced)         0.203     9.506    u_warp_collective_core/u_reduce_f32_add/u_aec_fp32_fma/inst/i_synth/FMA_OP.OP/addsub/add/EXP/EXP_OFF.STRUCT_ADD/op_state[0]
                         LUT6 (Prop_LUT6_I4_O)        0.038     9.544 r  u_warp_collective_core/u_reduce_f32_add/u_aec_fp32_fma/inst/i_synth/FMA_OP.OP/addsub/add/EXP/EXP_OFF.STRUCT_ADD/RESULT_REG.NORMAL.mant_op[21]_i_1/O
                         net (fo=22, unplaced)        0.237     9.781    u_warp_collective_core/u_reduce_f32_add/u_aec_fp32_fma/inst/i_synth/FMA_OP.OP/addsub/add/OP/RESULT_REG.NORMAL.mant_op_reg[21]_0
                         FDRE                                         r  u_warp_collective_core/u_reduce_f32_add/u_aec_fp32_fma/inst/i_synth/FMA_OP.OP/addsub/add/OP/RESULT_REG.NORMAL.mant_op_reg[16]/R
  -------------------------------------------------------------------    -------------------

                         (clock clk_i rise edge)      5.556     5.556 r  
                                                      0.000     5.556 r  clk_i (IN)
                         net (fo=37177, unset)        0.020     5.576    u_warp_collective_core/u_reduce_f32_add/u_aec_fp32_fma/inst/i_synth/FMA_OP.OP/addsub/add/OP/aclk
                         FDRE                                         r  u_warp_collective_core/u_reduce_f32_add/u_aec_fp32_fma/inst/i_synth/FMA_OP.OP/addsub/add/OP/RESULT_REG.NORMAL.mant_op_reg[16]/C
                         clock pessimism              0.000     5.576    
                         clock uncertainty           -0.035     5.541    
                         FDRE (Setup_FDRE_C_R)       -0.074     5.467    u_warp_collective_core/u_reduce_f32_add/u_aec_fp32_fma/inst/i_synth/FMA_OP.OP/addsub/add/OP/RESULT_REG.NORMAL.mant_op_reg[16]
  -------------------------------------------------------------------
                         required time                          5.467    
                         arrival time                          -9.781    
  -------------------------------------------------------------------
                         slack                                 -4.314    

Slack (VIOLATED) :        -4.314ns  (required time - arrival time)
  Source:                 u_warp_collective_core/lane_val_q_reg[6][10]/C
                            (rising edge-triggered cell FDCE clocked by clk_i  {rise@0.000ns fall@2.778ns period=5.556ns})
  Destination:            u_warp_collective_core/u_reduce_f32_add/u_aec_fp32_fma/inst/i_synth/FMA_OP.OP/addsub/add/OP/RESULT_REG.NORMAL.mant_op_reg[17]/R
                            (rising edge-triggered cell FDRE clocked by clk_i  {rise@0.000ns fall@2.778ns period=5.556ns})
  Path Group:             clk_i
  Path Type:              Setup (Max at Slow Process Corner)
  Requirement:            5.556ns  (clk_i rise@5.556ns - clk_i rise@0.000ns)
  Data Path Delay:        9.753ns  (logic 5.150ns (52.804%)  route 4.603ns (47.196%))
  Logic Levels:           44  (CARRY8=13 DSP_A_B_DATA=1 DSP_ALU=2 DSP_M_DATA=1 DSP_MULTIPLIER=1 DSP_OUTPUT=2 DSP_PREADD_DATA=1 LUT2=1 LUT3=2 LUT4=5 LUT5=2 LUT6=9 MUXF7=2 MUXF8=2)
  Clock Path Skew:        -0.008ns (DCD - SCD + CPR)
    Destination Clock Delay (DCD):    0.020ns = ( 5.576 - 5.556 ) 
    Source Clock Delay      (SCD):    0.028ns
    Clock Pessimism Removal (CPR):    0.000ns
  Clock Uncertainty:      0.035ns  ((TSJ^2 + TIJ^2)^1/2 + DJ) / 2 + PE
    Total System Jitter     (TSJ):    0.071ns
    Total Input Jitter      (TIJ):    0.000ns
    Discrete Jitter          (DJ):    0.000ns
    Phase Error              (PE):    0.000ns

    Location             Delay type                Incr(ns)  Path(ns)    Netlist Resource(s)
  -------------------------------------------------------------------    -------------------
                         (clock clk_i rise edge)      0.000     0.000 r  
                                                      0.000     0.000 r  clk_i (IN)
                         net (fo=37177, unset)        0.028     0.028    u_warp_collective_core/clk_i
                         FDCE                                         r  u_warp_collective_core/lane_val_q_reg[6][10]/C
  -------------------------------------------------------------------    -------------------
                         FDCE (Prop_FDCE_C_Q)         0.077     0.105 f  u_warp_collective_core/lane_val_q_reg[6][10]/Q
                         net (fo=35, unplaced)        0.216     0.321    u_warp_collective_core/u_reduce_f32_add/u_aec_fp32_fma_i_66_0[10]
                         LUT6 (Prop_LUT6_I0_O)        0.145     0.466 f  u_warp_collective_core/u_reduce_f32_add/u_aec_fp32_fma_i_344/O
                         net (fo=1, unplaced)         0.032     0.498    u_warp_collective_core/u_reduce_f32_add/u_aec_fp32_fma_i_344_n_0
                         MUXF7 (Prop_MUXF7_I0_O)      0.069     0.567 f  u_warp_collective_core/u_reduce_f32_add/u_aec_fp32_fma_i_108/O
                         net (fo=1, unplaced)         0.000     0.567    u_warp_collective_core/u_reduce_f32_add/u_aec_fp32_fma_i_108_n_0
                         MUXF8 (Prop_MUXF8_I0_O)      0.030     0.597 f  u_warp_collective_core/u_reduce_f32_add/u_aec_fp32_fma_i_23/O
                         net (fo=11, unplaced)        0.244     0.841    u_warp_collective_core/u_reduce_f32_add/u_aec_fp32_fma/inst/i_synth/FMA_OP.OP/mul/MULT/gDSP.gDSP_only.iDSP/use_prim.appDSP48[0].bppDSP48[0].use_dsp.use_dsp48e2.iDSP48E2/B[10]
                         DSP_A_B_DATA (Prop_DSP_A_B_DATA_B[10]_B2_DATA[10])
                                                      0.151     0.992 r  u_warp_collective_core/u_reduce_f32_add/u_aec_fp32_fma/inst/i_synth/FMA_OP.OP/mul/MULT/gDSP.gDSP_only.iDSP/use_prim.appDSP48[0].bppDSP48[0].use_dsp.use_dsp48e2.iDSP48E2/DSP_A_B_DATA_INST/B2_DATA[10]
                         net (fo=1, unplaced)         0.000     0.992    u_warp_collective_core/u_reduce_f32_add/u_aec_fp32_fma/inst/i_synth/FMA_OP.OP/mul/MULT/gDSP.gDSP_only.iDSP/use_prim.appDSP48[0].bppDSP48[0].use_dsp.use_dsp48e2.iDSP48E2/DSP_A_B_DATA.B2_DATA<10>
                         DSP_PREADD_DATA (Prop_DSP_PREADD_DATA_B2_DATA[10]_B2B1[10])
                                                      0.073     1.065 r  u_warp_collective_core/u_reduce_f32_add/u_aec_fp32_fma/inst/i_synth/FMA_OP.OP/mul/MULT/gDSP.gDSP_only.iDSP/use_prim.appDSP48[0].bppDSP48[0].use_dsp.use_dsp48e2.iDSP48E2/DSP_PREADD_DATA_INST/B2B1[10]
                         net (fo=1, unplaced)         0.000     1.065    u_warp_collective_core/u_reduce_f32_add/u_aec_fp32_fma/inst/i_synth/FMA_OP.OP/mul/MULT/gDSP.gDSP_only.iDSP/use_prim.appDSP48[0].bppDSP48[0].use_dsp.use_dsp48e2.iDSP48E2/DSP_PREADD_DATA.B2B1<10>
                         DSP_MULTIPLIER (Prop_DSP_MULTIPLIER_B2B1[10]_V[39])
                                                      0.609     1.674 f  u_warp_collective_core/u_reduce_f32_add/u_aec_fp32_fma/inst/i_synth/FMA_OP.OP/mul/MULT/gDSP.gDSP_only.iDSP/use_prim.appDSP48[0].bppDSP48[0].use_dsp.use_dsp48e2.iDSP48E2/DSP_MULTIPLIER_INST/V[39]
                         net (fo=1, unplaced)         0.000     1.674    u_warp_collective_core/u_reduce_f32_add/u_aec_fp32_fma/inst/i_synth/FMA_OP.OP/mul/MULT/gDSP.gDSP_only.iDSP/use_prim.appDSP48[0].bppDSP48[0].use_dsp.use_dsp48e2.iDSP48E2/DSP_MULTIPLIER.V<39>
                         DSP_M_DATA (Prop_DSP_M_DATA_V[39]_V_DATA[39])
                                                      0.046     1.720 r  u_warp_collective_core/u_reduce_f32_add/u_aec_fp32_fma/inst/i_synth/FMA_OP.OP/mul/MULT/gDSP.gDSP_only.iDSP/use_prim.appDSP48[0].bppDSP48[0].use_dsp.use_dsp48e2.iDSP48E2/DSP_M_DATA_INST/V_DATA[39]
                         net (fo=1, unplaced)         0.000     1.720    u_warp_collective_core/u_reduce_f32_add/u_aec_fp32_fma/inst/i_synth/FMA_OP.OP/mul/MULT/gDSP.gDSP_only.iDSP/use_prim.appDSP48[0].bppDSP48[0].use_dsp.use_dsp48e2.iDSP48E2/DSP_M_DATA.V_DATA<39>
                         DSP_ALU (Prop_DSP_ALU_V_DATA[39]_ALU_OUT[47])
                                                      0.571     2.291 f  u_warp_collective_core/u_reduce_f32_add/u_aec_fp32_fma/inst/i_synth/FMA_OP.OP/mul/MULT/gDSP.gDSP_only.iDSP/use_prim.appDSP48[0].bppDSP48[0].use_dsp.use_dsp48e2.iDSP48E2/DSP_ALU_INST/ALU_OUT[47]
                         net (fo=1, unplaced)         0.000     2.291    u_warp_collective_core/u_reduce_f32_add/u_aec_fp32_fma/inst/i_synth/FMA_OP.OP/mul/MULT/gDSP.gDSP_only.iDSP/use_prim.appDSP48[0].bppDSP48[0].use_dsp.use_dsp48e2.iDSP48E2/DSP_ALU.ALU_OUT<47>
                         DSP_OUTPUT (Prop_DSP_OUTPUT_ALU_OUT[47]_PCOUT[47])
                                                      0.122     2.413 r  u_warp_collective_core/u_reduce_f32_add/u_aec_fp32_fma/inst/i_synth/FMA_OP.OP/mul/MULT/gDSP.gDSP_only.iDSP/use_prim.appDSP48[0].bppDSP48[0].use_dsp.use_dsp48e2.iDSP48E2/DSP_OUTPUT_INST/PCOUT[47]
                         net (fo=1, unplaced)         0.014     2.427    u_warp_collective_core/u_reduce_f32_add/u_aec_fp32_fma/inst/i_synth/FMA_OP.OP/mul/MULT/gDSP.gDSP_only.iDSP/use_prim.appDSP48[0].bppDSP48[1].use_dsp.use_dsp48e2.iDSP48E2/PCIN[47]
                         DSP_ALU (Prop_DSP_ALU_PCIN[47]_ALU_OUT[15])
                                                      0.546     2.973 f  u_warp_collective_core/u_reduce_f32_add/u_aec_fp32_fma/inst/i_synth/FMA_OP.OP/mul/MULT/gDSP.gDSP_only.iDSP/use_prim.appDSP48[0].bppDSP48[1].use_dsp.use_dsp48e2.iDSP48E2/DSP_ALU_INST/ALU_OUT[15]
                         net (fo=1, unplaced)         0.000     2.973    u_warp_collective_core/u_reduce_f32_add/u_aec_fp32_fma/inst/i_synth/FMA_OP.OP/mul/MULT/gDSP.gDSP_only.iDSP/use_prim.appDSP48[0].bppDSP48[1].use_dsp.use_dsp48e2.iDSP48E2/DSP_ALU.ALU_OUT<15>
                         DSP_OUTPUT (Prop_DSP_OUTPUT_ALU_OUT[15]_P[15])
                                                      0.109     3.082 r  u_warp_collective_core/u_reduce_f32_add/u_aec_fp32_fma/inst/i_synth/FMA_OP.OP/mul/MULT/gDSP.gDSP_only.iDSP/use_prim.appDSP48[0].bppDSP48[1].use_dsp.use_dsp48e2.iDSP48E2/DSP_OUTPUT_INST/P[15]
                         net (fo=8, unplaced)         0.236     3.318    u_warp_collective_core/u_reduce_f32_add/u_aec_fp32_fma/inst/i_synth/FMA_OP.OP/mul/mul_result_wide[32]
                         LUT4 (Prop_LUT4_I1_O)        0.139     3.457 f  u_warp_collective_core/u_reduce_f32_add/u_aec_fp32_fma/inst/i_synth/FMA_OP.OP/mul/CHAIN_GEN[16].C_MUX.CARRY_MUX_i_2__2/O
                         net (fo=1, unplaced)         0.242     3.699    u_warp_collective_core/u_reduce_f32_add/u_aec_fp32_fma/inst/i_synth/FMA_OP.OP/addsub/add/EXP/NUMB_CMP1/NOT_FAST.CMP/C_CHAIN/CHAIN_GEN[23].C_MUX.CARRY_MUX_1[4]
                         CARRY8 (Prop_CARRY8_DI[0]_CO[7])
                                                      0.140     3.839 f  u_warp_collective_core/u_reduce_f32_add/u_aec_fp32_fma/inst/i_synth/FMA_OP.OP/addsub/add/EXP/NUMB_CMP1/NOT_FAST.CMP/C_CHAIN/CHAIN_GEN[16].C_MUX.CARRY_MUX_CARRY4_CARRY8/CO[7]
                         net (fo=1, unplaced)         0.005     3.844    u_warp_collective_core/u_reduce_f32_add/u_aec_fp32_fma/inst/i_synth/FMA_OP.OP/addsub/add/EXP/NUMB_CMP1/NOT_FAST.CMP/C_CHAIN/CHAIN_GEN[23].C_MUX.CARRY_MUX_n_0
                         CARRY8 (Prop_CARRY8_CI_CO[4])
                                                      0.092     3.936 f  u_warp_collective_core/u_reduce_f32_add/u_aec_fp32_fma/inst/i_synth/FMA_OP.OP/addsub/add/EXP/NUMB_CMP1/NOT_FAST.CMP/C_CHAIN/CHAIN_GEN[24].C_MUX.CARRY_MUX_CARRY4_CARRY8/CO[4]
                         net (fo=2, unplaced)         0.183     4.119    u_warp_collective_core/u_reduce_f32_add/u_aec_fp32_fma/inst/i_synth/FMA_OP.OP/addsub/add/EXP/NUMB_CMP0/NOT_FAST.CMP/C_CHAIN/CHAIN_GEN[0].C_MUX.CARRY_MUX_1[0]
                         LUT5 (Prop_LUT5_I4_O)        0.038     4.157 f  u_warp_collective_core/u_reduce_f32_add/u_aec_fp32_fma/inst/i_synth/FMA_OP.OP/addsub/add/EXP/NUMB_CMP0/NOT_FAST.CMP/C_CHAIN/CHAIN_GEN[0].C_MUX.CARRY_MUX_i_2__7/O
                         net (fo=52, unplaced)        0.256     4.413    u_warp_collective_core/u_reduce_f32_add/u_aec_fp32_fma/inst/i_synth/FMA_OP.OP/mul/b_largest
                         LUT6 (Prop_LUT6_I4_O)        0.038     4.451 f  u_warp_collective_core/u_reduce_f32_add/u_aec_fp32_fma/inst/i_synth/FMA_OP.OP/mul/CHAIN_GEN[1].C_MUX.CARRY_MUX_i_2__0/O
                         net (fo=3, unplaced)         0.147     4.598    u_warp_collective_core/u_reduce_f32_add/u_aec_fp32_fma/inst/i_synth/FMA_OP.OP/mul/sml_shift_mux__95[4]
                         LUT4 (Prop_LUT4_I0_O)        0.100     4.698 r  u_warp_collective_core/u_reduce_f32_add/u_aec_fp32_fma/inst/i_synth/FMA_OP.OP/mul/CHAIN_GEN[1].C_MUX.CARRY_MUX_i_1__2/O
                         net (fo=1, unplaced)         0.023     4.721    u_warp_collective_core/u_reduce_f32_add/u_aec_fp32_fma/inst/i_synth/FMA_OP.OP/addsub/add/ALIGN_BLK/aligner.ALIGN_SHIFT/ALIGN_Z_D/EQ_ZERO/CARRY_ZERO_DET/CHAIN_GEN[11].C_MUX.CARRY_MUX_0[1]
                         CARRY8 (Prop_CARRY8_S[1]_CO[7])
                                                      0.197     4.918 r  u_warp_collective_core/u_reduce_f32_add/u_aec_fp32_fma/inst/i_synth/FMA_OP.OP/addsub/add/ALIGN_BLK/aligner.ALIGN_SHIFT/ALIGN_Z_D/EQ_ZERO/CARRY_ZERO_DET/CHAIN_GEN[0].C_MUX.CARRY_MUX_CARRY4_CARRY8/CO[7]
                         net (fo=2, unplaced)         0.005     4.923    u_warp_collective_core/u_reduce_f32_add/u_aec_fp32_fma/inst/i_synth/FMA_OP.OP/addsub/add/ALIGN_BLK/aligner.ALIGN_SHIFT/ALIGN_Z_D/EQ_ZERO/CARRY_ZERO_DET/CARRYS_OUT[7]
                         CARRY8 (Prop_CARRY8_CI_CO[2])
                                                      0.057     4.980 r  u_warp_collective_core/u_reduce_f32_add/u_aec_fp32_fma/inst/i_synth/FMA_OP.OP/addsub/add/ALIGN_BLK/aligner.ALIGN_SHIFT/ALIGN_Z_D/EQ_ZERO/CARRY_ZERO_DET/CHAIN_GEN[8].C_MUX.CARRY_MUX_CARRY4_CARRY8/CO[2]
                         net (fo=1, unplaced)         0.185     5.165    u_warp_collective_core/u_reduce_f32_add/u_aec_fp32_fma/inst/i_synth/FMA_OP.OP/addsub/add/EXP/bma_exp_cc/CARRYS_OUT[10]
                         LUT6 (Prop_LUT6_I0_O)        0.038     5.203 r  u_warp_collective_core/u_reduce_f32_add/u_aec_fp32_fma/inst/i_synth/FMA_OP.OP/addsub/add/EXP/bma_exp_cc/MUX_LOOP[2].OTHER_LEVELS.DO_CHUNKS[0].LUT6_STRUCT_MUX.MUX1_i_7/O
                         net (fo=1, unplaced)         0.185     5.388    u_warp_collective_core/u_reduce_f32_add/u_aec_fp32_fma/inst/i_synth/FMA_OP.OP/addsub/add/EXP/bma_exp_cc/MUX_LOOP[2].OTHER_LEVELS.DO_CHUNKS[0].LUT6_STRUCT_MUX.MUX1_i_7_n_0
                         LUT6 (Prop_LUT6_I5_O)        0.038     5.426 r  u_warp_collective_core/u_reduce_f32_add/u_aec_fp32_fma/inst/i_synth/FMA_OP.OP/addsub/add/EXP/bma_exp_cc/MUX_LOOP[2].OTHER_LEVELS.DO_CHUNKS[0].LUT6_STRUCT_MUX.MUX1_i_3/O
                         net (fo=1, unplaced)         0.185     5.611    u_warp_collective_core/u_reduce_f32_add/u_aec_fp32_fma/inst/i_synth/FMA_OP.OP/addsub/add/EXP/bma_exp_cc/MUX_LOOP[2].OTHER_LEVELS.DO_CHUNKS[0].LUT6_STRUCT_MUX.MUX1_i_3_n_0
                         LUT6 (Prop_LUT6_I0_O)        0.037     5.648 r  u_warp_collective_core/u_reduce_f32_add/u_aec_fp32_fma/inst/i_synth/FMA_OP.OP/addsub/add/EXP/bma_exp_cc/MUX_LOOP[2].OTHER_LEVELS.DO_CHUNKS[0].LUT6_STRUCT_MUX.MUX1_i_1/O
                         net (fo=1, unplaced)         0.024     5.672    u_warp_collective_core/u_reduce_f32_add/u_aec_fp32_fma/inst/i_synth/FMA_OP.OP/addsub/add/ALIGN_BLK/aligner.ALIGN_SHIFT/ALIGN_Z_D/zero_det_unreg[1]_0[2]
                         MUXF7 (Prop_MUXF7_I0_O)      0.067     5.739 r  u_warp_collective_core/u_reduce_f32_add/u_aec_fp32_fma/inst/i_synth/FMA_OP.OP/addsub/add/ALIGN_BLK/aligner.ALIGN_SHIFT/ALIGN_Z_D/MUX_LOOP[2].OTHER_LEVELS.DO_CHUNKS[0].LUT6_STRUCT_MUX.MUX1/O
                         net (fo=1, unplaced)         0.000     5.739    u_warp_collective_core/u_reduce_f32_add/u_aec_fp32_fma/inst/i_synth/FMA_OP.OP/addsub/add/ALIGN_BLK/aligner.ALIGN_SHIFT/ALIGN_Z_D/MUX_LOOP[2].OTHER_LEVELS.DO_CHUNKS[0].LUT6_STRUCT_MUX.mux0_1
                         MUXF8 (Prop_MUXF8_I1_O)      0.028     5.767 r  u_warp_collective_core/u_reduce_f32_add/u_aec_fp32_fma/inst/i_synth/FMA_OP.OP/addsub/add/ALIGN_BLK/aligner.ALIGN_SHIFT/ALIGN_Z_D/MUX_LOOP[2].OTHER_LEVELS.DO_CHUNKS[0].LUT6_STRUCT_MUX.MUX2/O
                         net (fo=2, unplaced)         0.185     5.952    u_warp_collective_core/u_reduce_f32_add/u_aec_fp32_fma/inst/i_synth/FMA_OP.OP/addsub/add/ALIGN_BLK/aligner.ALIGN_SHIFT/ALIGN_Z_D/zeros_z_det_a
                         LUT4 (Prop_LUT4_I1_O)        0.037     5.989 r  u_warp_collective_core/u_reduce_f32_add/u_aec_fp32_fma/inst/i_synth/FMA_OP.OP/addsub/add/ALIGN_BLK/aligner.ALIGN_SHIFT/ALIGN_Z_D/STRUCT_ADD1.CARRY_MUX2_i_1/O
                         net (fo=1, unplaced)         0.023     6.012    u_warp_collective_core/u_reduce_f32_add/u_aec_fp32_fma/inst/i_synth/FMA_OP.OP/addsub/add/ALIGN_BLK/FRAC_ADDSUB/LOGIC_ADD.FRAC_ADDSUB/STRUCT_ADD1.CARRY_MUX2_0
                         CARRY8 (Prop_CARRY8_S[1]_CO[7])
                                                      0.197     6.209 r  u_warp_collective_core/u_reduce_f32_add/u_aec_fp32_fma/inst/i_synth/FMA_OP.OP/addsub/add/ALIGN_BLK/FRAC_ADDSUB/LOGIC_ADD.FRAC_ADDSUB/STRUCT_ADD1.CARRY_MUX1_CARRY4_CARRY8/CO[7]
                         net (fo=1, unplaced)         0.005     6.214    u_warp_collective_core/u_reduce_f32_add/u_aec_fp32_fma/inst/i_synth/FMA_OP.OP/addsub/add/ALIGN_BLK/FRAC_ADDSUB/LOGIC_ADD.FRAC_ADDSUB/STRUCT_ADD1.ADD1/CHAIN_GEN[5].C_MUX.CARRY_MUX_n_0
                         CARRY8 (Prop_CARRY8_CI_CO[7])
                                                      0.022     6.236 r  u_warp_collective_core/u_reduce_f32_add/u_aec_fp32_fma/inst/i_synth/FMA_OP.OP/addsub/add/ALIGN_BLK/FRAC_ADDSUB/LOGIC_ADD.FRAC_ADDSUB/STRUCT_ADD1.ADD1/CHAIN_GEN[6].C_MUX.CARRY_MUX_CARRY4_CARRY8/CO[7]
                         net (fo=1, unplaced)         0.005     6.241    u_warp_collective_core/u_reduce_f32_add/u_aec_fp32_fma/inst/i_synth/FMA_OP.OP/addsub/add/ALIGN_BLK/FRAC_ADDSUB/LOGIC_ADD.FRAC_ADDSUB/STRUCT_ADD1.ADD1/CHAIN_GEN[13].C_MUX.CARRY_MUX_n_0
                         CARRY8 (Prop_CARRY8_CI_CO[7])
                                                      0.022     6.263 r  u_warp_collective_core/u_reduce_f32_add/u_aec_fp32_fma/inst/i_synth/FMA_OP.OP/addsub/add/ALIGN_BLK/FRAC_ADDSUB/LOGIC_ADD.FRAC_ADDSUB/STRUCT_ADD1.ADD1/CHAIN_GEN[14].C_MUX.CARRY_MUX_CARRY4_CARRY8/CO[7]
                         net (fo=1, unplaced)         0.005     6.268    u_warp_collective_core/u_reduce_f32_add/u_aec_fp32_fma/inst/i_synth/FMA_OP.OP/addsub/add/ALIGN_BLK/FRAC_ADDSUB/LOGIC_ADD.FRAC_ADDSUB/STRUCT_ADD1.ADD1/CHAIN_GEN[21].C_MUX.CARRY_MUX_n_0
                         CARRY8 (Prop_CARRY8_CI_CO[7])
                                                      0.022     6.290 r  u_warp_collective_core/u_reduce_f32_add/u_aec_fp32_fma/inst/i_synth/FMA_OP.OP/addsub/add/ALIGN_BLK/FRAC_ADDSUB/LOGIC_ADD.FRAC_ADDSUB/STRUCT_ADD1.ADD1/CHAIN_GEN[22].C_MUX.CARRY_MUX_CARRY4_CARRY8/CO[7]
                         net (fo=1, unplaced)         0.005     6.295    u_warp_collective_core/u_reduce_f32_add/u_aec_fp32_fma/inst/i_synth/FMA_OP.OP/addsub/add/ALIGN_BLK/FRAC_ADDSUB/LOGIC_ADD.FRAC_ADDSUB/STRUCT_ADD2.ADD1/CHAIN_GEN[4].C_MUX.CARRY_MUX_n_0
                         CARRY8 (Prop_CARRY8_CI_CO[7])
                                                      0.022     6.317 r  u_warp_collective_core/u_reduce_f32_add/u_aec_fp32_fma/inst/i_synth/FMA_OP.OP/addsub/add/ALIGN_BLK/FRAC_ADDSUB/LOGIC_ADD.FRAC_ADDSUB/STRUCT_ADD2.ADD1/CHAIN_GEN[5].C_MUX.CARRY_MUX_CARRY4_CARRY8/CO[7]
                         net (fo=1, unplaced)         0.005     6.322    u_warp_collective_core/u_reduce_f32_add/u_aec_fp32_fma/inst/i_synth/FMA_OP.OP/addsub/add/ALIGN_BLK/FRAC_ADDSUB/LOGIC_ADD.FRAC_ADDSUB/STRUCT_ADD2.ADD1/CHAIN_GEN[12].C_MUX.CARRY_MUX_n_0
                         CARRY8 (Prop_CARRY8_CI_CO[7])
                                                      0.022     6.344 r  u_warp_collective_core/u_reduce_f32_add/u_aec_fp32_fma/inst/i_synth/FMA_OP.OP/addsub/add/ALIGN_BLK/FRAC_ADDSUB/LOGIC_ADD.FRAC_ADDSUB/STRUCT_ADD2.ADD1/CHAIN_GEN[13].C_MUX.CARRY_MUX_CARRY4_CARRY8/CO[7]
                         net (fo=1, unplaced)         0.005     6.349    u_warp_collective_core/u_reduce_f32_add/u_aec_fp32_fma/inst/i_synth/FMA_OP.OP/addsub/add/ALIGN_BLK/FRAC_ADDSUB/LOGIC_ADD.FRAC_ADDSUB/STRUCT_ADD2.ADD1/CHAIN_GEN[20].C_MUX.CARRY_MUX_n_0
                         CARRY8 (Prop_CARRY8_CI_O[4])
                                                      0.086     6.435 f  u_warp_collective_core/u_reduce_f32_add/u_aec_fp32_fma/inst/i_synth/FMA_OP.OP/addsub/add/ALIGN_BLK/FRAC_ADDSUB/LOGIC_ADD.FRAC_ADDSUB/STRUCT_ADD2.ADD1/CHAIN_GEN[21].C_MUX.CARRY_MUX_CARRY4_CARRY8/O[4]
                         net (fo=4, unplaced)         0.197     6.632    u_warp_collective_core/u_reduce_f32_add/u_aec_fp32_fma/inst/i_synth/FMA_OP.OP/addsub/add/ALIGN_BLK/FRAC_ADDSUB/LOGIC_ADD.FRAC_ADDSUB/STRUCT_ADD2.ADD1/Q[17]
                         LUT4 (Prop_LUT4_I0_O)        0.100     6.732 r  u_warp_collective_core/u_reduce_f32_add/u_aec_fp32_fma/inst/i_synth/FMA_OP.OP/addsub/add/ALIGN_BLK/FRAC_ADDSUB/LOGIC_ADD.FRAC_ADDSUB/STRUCT_ADD2.ADD1/CHAIN_GEN[0].C_MUX.CARRY_MUX_i_1__7/O
                         net (fo=1, unplaced)         0.020     6.752    u_warp_collective_core/u_reduce_f32_add/u_aec_fp32_fma/inst/i_synth/FMA_OP.OP/addsub/add/NORM/LZE/ZERO_DET_CC_1/chunk_is_zero[0]
                         CARRY8 (Prop_CARRY8_S[0]_CO[7])
                                                      0.199     6.951 r  u_warp_collective_core/u_reduce_f32_add/u_aec_fp32_fma/inst/i_synth/FMA_OP.OP/addsub/add/NORM/LZE/ZERO_DET_CC_1/CHAIN_GEN[0].C_MUX.CARRY_MUX_CARRY4_CARRY8/CO[7]
                         net (fo=68, unplaced)        0.290     7.241    u_warp_collective_core/u_reduce_f32_add/u_aec_fp32_fma/inst/i_synth/FMA_OP.OP/addsub/add/NORM/LZE/ZERO_DET_CC_1/CARRYS_OUT[1]
                         LUT6 (Prop_LUT6_I4_O)        0.038     7.279 r  u_warp_collective_core/u_reduce_f32_add/u_aec_fp32_fma/inst/i_synth/FMA_OP.OP/addsub/add/NORM/LZE/ZERO_DET_CC_1/CHAIN_GEN[1].C_MUX.CARRY_MUX_i_2__4/O
                         net (fo=60, unplaced)        0.215     7.494    u_warp_collective_core/u_reduce_f32_add/u_aec_fp32_fma/inst/i_synth/FMA_OP.OP/addsub/add/ALIGN_BLK/FRAC_ADDSUB/LOGIC_ADD.FRAC_ADDSUB/STRUCT_ADD1.ADD1/norm_dist[1]
                         LUT5 (Prop_LUT5_I1_O)        0.100     7.594 r  u_warp_collective_core/u_reduce_f32_add/u_aec_fp32_fma/inst/i_synth/FMA_OP.OP/addsub/add/ALIGN_BLK/FRAC_ADDSUB/LOGIC_ADD.FRAC_ADDSUB/STRUCT_ADD1.ADD1/norm_exp_carry_i_12/O
                         net (fo=1, unplaced)         0.141     7.735    u_warp_collective_core/u_reduce_f32_add/u_aec_fp32_fma/inst/i_synth/FMA_OP.OP/addsub/add/ALIGN_BLK/FRAC_ADDSUB/LOGIC_ADD.FRAC_ADDSUB/STRUCT_ADD2.ADD1/RESULT_REG.NORMAL.mant_op[21]_i_12
                         LUT6 (Prop_LUT6_I1_O)        0.100     7.835 r  u_warp_collective_core/u_reduce_f32_add/u_aec_fp32_fma/inst/i_synth/FMA_OP.OP/addsub/add/ALIGN_BLK/FRAC_ADDSUB/LOGIC_ADD.FRAC_ADDSUB/STRUCT_ADD2.ADD1/norm_exp_carry_i_9/O
                         net (fo=7, unplaced)         0.210     8.045    u_warp_collective_core/u_reduce_f32_add/u_aec_fp32_fma/inst/i_synth/FMA_OP.OP/addsub/add/EXP/EXP_OFF.STRUCT_ADD/norm_dist[1]
                         LUT2 (Prop_LUT2_I1_O)        0.037     8.082 r  u_warp_collective_core/u_reduce_f32_add/u_aec_fp32_fma/inst/i_synth/FMA_OP.OP/addsub/add/EXP/EXP_OFF.STRUCT_ADD/norm_exp_carry_i_7/O
                         net (fo=1, unplaced)         0.023     8.105    u_warp_collective_core/u_reduce_f32_add/u_aec_fp32_fma/inst/i_synth/FMA_OP.OP/addsub/add/EXP/EXP_OFF.STRUCT_ADD_n_5
                         CARRY8 (Prop_CARRY8_S[1]_O[6])
                                                      0.224     8.329 r  u_warp_collective_core/u_reduce_f32_add/u_aec_fp32_fma/inst/i_synth/FMA_OP.OP/addsub/add/EXP/norm_exp_carry/O[6]
                         net (fo=4, unplaced)         0.103     8.432    u_warp_collective_core/u_reduce_f32_add/u_aec_fp32_fma/inst/i_synth/FMA_OP.OP/addsub/add/EXP/exp_op[6]
                         LUT4 (Prop_LUT4_I0_O)        0.139     8.571 r  u_warp_collective_core/u_reduce_f32_add/u_aec_fp32_fma/inst/i_synth/FMA_OP.OP/addsub/add/EXP/RESULT_REG.NORMAL.mant_op[21]_i_22/O
                         net (fo=2, unplaced)         0.185     8.756    u_warp_collective_core/u_reduce_f32_add/u_aec_fp32_fma/inst/i_synth/FMA_OP.OP/addsub/add/EXP/EXP_OFF.STRUCT_ADD/RESULT_REG.NORMAL.mant_op[21]_i_5_0
                         LUT6 (Prop_LUT6_I2_O)        0.038     8.794 r  u_warp_collective_core/u_reduce_f32_add/u_aec_fp32_fma/inst/i_synth/FMA_OP.OP/addsub/add/EXP/EXP_OFF.STRUCT_ADD/RESULT_REG.NORMAL.mant_op[21]_i_17/O
                         net (fo=4, unplaced)         0.152     8.946    u_warp_collective_core/u_reduce_f32_add/u_aec_fp32_fma/inst/i_synth/FMA_OP.OP/addsub/add/EXP/EXP_OFF.STRUCT_ADD/conv_exp.downsize_exp/exp_flt_all_one_rnd
                         LUT3 (Prop_LUT3_I0_O)        0.112     9.058 r  u_warp_collective_core/u_reduce_f32_add/u_aec_fp32_fma/inst/i_synth/FMA_OP.OP/addsub/add/EXP/EXP_OFF.STRUCT_ADD/RESULT_REG.NORMAL.mant_op[22]_i_2/O
                         net (fo=6, unplaced)         0.207     9.265    u_warp_collective_core/u_reduce_f32_add/u_aec_fp32_fma/inst/i_synth/FMA_OP.OP/addsub/add/EXP/EXP_OFF.STRUCT_ADD/conv_exp.downsize_exp/state_rnd__5[0]
                         LUT3 (Prop_LUT3_I2_O)        0.038     9.303 r  u_warp_collective_core/u_reduce_f32_add/u_aec_fp32_fma/inst/i_synth/FMA_OP.OP/addsub/add/EXP/EXP_OFF.STRUCT_ADD/RESULT_REG.NORMAL.exp_op[2]_i_2/O
                         net (fo=5, unplaced)         0.203     9.506    u_warp_collective_core/u_reduce_f32_add/u_aec_fp32_fma/inst/i_synth/FMA_OP.OP/addsub/add/EXP/EXP_OFF.STRUCT_ADD/op_state[0]
                         LUT6 (Prop_LUT6_I4_O)        0.038     9.544 r  u_warp_collective_core/u_reduce_f32_add/u_aec_fp32_fma/inst/i_synth/FMA_OP.OP/addsub/add/EXP/EXP_OFF.STRUCT_ADD/RESULT_REG.NORMAL.mant_op[21]_i_1/O
                         net (fo=22, unplaced)        0.237     9.781    u_warp_collective_core/u_reduce_f32_add/u_aec_fp32_fma/inst/i_synth/FMA_OP.OP/addsub/add/OP/RESULT_REG.NORMAL.mant_op_reg[21]_0
                         FDRE                                         r  u_warp_collective_core/u_reduce_f32_add/u_aec_fp32_fma/inst/i_synth/FMA_OP.OP/addsub/add/OP/RESULT_REG.NORMAL.mant_op_reg[17]/R
  -------------------------------------------------------------------    -------------------

                         (clock clk_i rise edge)      5.556     5.556 r  
                                                      0.000     5.556 r  clk_i (IN)
                         net (fo=37177, unset)        0.020     5.576    u_warp_collective_core/u_reduce_f32_add/u_aec_fp32_fma/inst/i_synth/FMA_OP.OP/addsub/add/OP/aclk
                         FDRE                                         r  u_warp_collective_core/u_reduce_f32_add/u_aec_fp32_fma/inst/i_synth/FMA_OP.OP/addsub/add/OP/RESULT_REG.NORMAL.mant_op_reg[17]/C
                         clock pessimism              0.000     5.576    
                         clock uncertainty           -0.035     5.541    
                         FDRE (Setup_FDRE_C_R)       -0.074     5.467    u_warp_collective_core/u_reduce_f32_add/u_aec_fp32_fma/inst/i_synth/FMA_OP.OP/addsub/add/OP/RESULT_REG.NORMAL.mant_op_reg[17]
  -------------------------------------------------------------------
                         required time                          5.467    
                         arrival time                          -9.781    
  -------------------------------------------------------------------
                         slack                                 -4.314    

Slack (VIOLATED) :        -4.314ns  (required time - arrival time)
  Source:                 u_warp_collective_core/lane_val_q_reg[6][10]/C
                            (rising edge-triggered cell FDCE clocked by clk_i  {rise@0.000ns fall@2.778ns period=5.556ns})
  Destination:            u_warp_collective_core/u_reduce_f32_add/u_aec_fp32_fma/inst/i_synth/FMA_OP.OP/addsub/add/OP/RESULT_REG.NORMAL.mant_op_reg[18]/R
                            (rising edge-triggered cell FDRE clocked by clk_i  {rise@0.000ns fall@2.778ns period=5.556ns})
  Path Group:             clk_i
  Path Type:              Setup (Max at Slow Process Corner)
  Requirement:            5.556ns  (clk_i rise@5.556ns - clk_i rise@0.000ns)
  Data Path Delay:        9.753ns  (logic 5.150ns (52.804%)  route 4.603ns (47.196%))
  Logic Levels:           44  (CARRY8=13 DSP_A_B_DATA=1 DSP_ALU=2 DSP_M_DATA=1 DSP_MULTIPLIER=1 DSP_OUTPUT=2 DSP_PREADD_DATA=1 LUT2=1 LUT3=2 LUT4=5 LUT5=2 LUT6=9 MUXF7=2 MUXF8=2)
  Clock Path Skew:        -0.008ns (DCD - SCD + CPR)
    Destination Clock Delay (DCD):    0.020ns = ( 5.576 - 5.556 ) 
    Source Clock Delay      (SCD):    0.028ns
    Clock Pessimism Removal (CPR):    0.000ns
  Clock Uncertainty:      0.035ns  ((TSJ^2 + TIJ^2)^1/2 + DJ) / 2 + PE
    Total System Jitter     (TSJ):    0.071ns
    Total Input Jitter      (TIJ):    0.000ns
    Discrete Jitter          (DJ):    0.000ns
    Phase Error              (PE):    0.000ns

    Location             Delay type                Incr(ns)  Path(ns)    Netlist Resource(s)
  -------------------------------------------------------------------    -------------------
                         (clock clk_i rise edge)      0.000     0.000 r  
                                                      0.000     0.000 r  clk_i (IN)
                         net (fo=37177, unset)        0.028     0.028    u_warp_collective_core/clk_i
                         FDCE                                         r  u_warp_collective_core/lane_val_q_reg[6][10]/C
  -------------------------------------------------------------------    -------------------
                         FDCE (Prop_FDCE_C_Q)         0.077     0.105 f  u_warp_collective_core/lane_val_q_reg[6][10]/Q
                         net (fo=35, unplaced)        0.216     0.321    u_warp_collective_core/u_reduce_f32_add/u_aec_fp32_fma_i_66_0[10]
                         LUT6 (Prop_LUT6_I0_O)        0.145     0.466 f  u_warp_collective_core/u_reduce_f32_add/u_aec_fp32_fma_i_344/O
                         net (fo=1, unplaced)         0.032     0.498    u_warp_collective_core/u_reduce_f32_add/u_aec_fp32_fma_i_344_n_0
                         MUXF7 (Prop_MUXF7_I0_O)      0.069     0.567 f  u_warp_collective_core/u_reduce_f32_add/u_aec_fp32_fma_i_108/O
                         net (fo=1, unplaced)         0.000     0.567    u_warp_collective_core/u_reduce_f32_add/u_aec_fp32_fma_i_108_n_0
                         MUXF8 (Prop_MUXF8_I0_O)      0.030     0.597 f  u_warp_collective_core/u_reduce_f32_add/u_aec_fp32_fma_i_23/O
                         net (fo=11, unplaced)        0.244     0.841    u_warp_collective_core/u_reduce_f32_add/u_aec_fp32_fma/inst/i_synth/FMA_OP.OP/mul/MULT/gDSP.gDSP_only.iDSP/use_prim.appDSP48[0].bppDSP48[0].use_dsp.use_dsp48e2.iDSP48E2/B[10]
                         DSP_A_B_DATA (Prop_DSP_A_B_DATA_B[10]_B2_DATA[10])
                                                      0.151     0.992 r  u_warp_collective_core/u_reduce_f32_add/u_aec_fp32_fma/inst/i_synth/FMA_OP.OP/mul/MULT/gDSP.gDSP_only.iDSP/use_prim.appDSP48[0].bppDSP48[0].use_dsp.use_dsp48e2.iDSP48E2/DSP_A_B_DATA_INST/B2_DATA[10]
                         net (fo=1, unplaced)         0.000     0.992    u_warp_collective_core/u_reduce_f32_add/u_aec_fp32_fma/inst/i_synth/FMA_OP.OP/mul/MULT/gDSP.gDSP_only.iDSP/use_prim.appDSP48[0].bppDSP48[0].use_dsp.use_dsp48e2.iDSP48E2/DSP_A_B_DATA.B2_DATA<10>
                         DSP_PREADD_DATA (Prop_DSP_PREADD_DATA_B2_DATA[10]_B2B1[10])
                                                      0.073     1.065 r  u_warp_collective_core/u_reduce_f32_add/u_aec_fp32_fma/inst/i_synth/FMA_OP.OP/mul/MULT/gDSP.gDSP_only.iDSP/use_prim.appDSP48[0].bppDSP48[0].use_dsp.use_dsp48e2.iDSP48E2/DSP_PREADD_DATA_INST/B2B1[10]
                         net (fo=1, unplaced)         0.000     1.065    u_warp_collective_core/u_reduce_f32_add/u_aec_fp32_fma/inst/i_synth/FMA_OP.OP/mul/MULT/gDSP.gDSP_only.iDSP/use_prim.appDSP48[0].bppDSP48[0].use_dsp.use_dsp48e2.iDSP48E2/DSP_PREADD_DATA.B2B1<10>
                         DSP_MULTIPLIER (Prop_DSP_MULTIPLIER_B2B1[10]_V[39])
                                                      0.609     1.674 f  u_warp_collective_core/u_reduce_f32_add/u_aec_fp32_fma/inst/i_synth/FMA_OP.OP/mul/MULT/gDSP.gDSP_only.iDSP/use_prim.appDSP48[0].bppDSP48[0].use_dsp.use_dsp48e2.iDSP48E2/DSP_MULTIPLIER_INST/V[39]
                         net (fo=1, unplaced)         0.000     1.674    u_warp_collective_core/u_reduce_f32_add/u_aec_fp32_fma/inst/i_synth/FMA_OP.OP/mul/MULT/gDSP.gDSP_only.iDSP/use_prim.appDSP48[0].bppDSP48[0].use_dsp.use_dsp48e2.iDSP48E2/DSP_MULTIPLIER.V<39>
                         DSP_M_DATA (Prop_DSP_M_DATA_V[39]_V_DATA[39])
                                                      0.046     1.720 r  u_warp_collective_core/u_reduce_f32_add/u_aec_fp32_fma/inst/i_synth/FMA_OP.OP/mul/MULT/gDSP.gDSP_only.iDSP/use_prim.appDSP48[0].bppDSP48[0].use_dsp.use_dsp48e2.iDSP48E2/DSP_M_DATA_INST/V_DATA[39]
                         net (fo=1, unplaced)         0.000     1.720    u_warp_collective_core/u_reduce_f32_add/u_aec_fp32_fma/inst/i_synth/FMA_OP.OP/mul/MULT/gDSP.gDSP_only.iDSP/use_prim.appDSP48[0].bppDSP48[0].use_dsp.use_dsp48e2.iDSP48E2/DSP_M_DATA.V_DATA<39>
                         DSP_ALU (Prop_DSP_ALU_V_DATA[39]_ALU_OUT[47])
                                                      0.571     2.291 f  u_warp_collective_core/u_reduce_f32_add/u_aec_fp32_fma/inst/i_synth/FMA_OP.OP/mul/MULT/gDSP.gDSP_only.iDSP/use_prim.appDSP48[0].bppDSP48[0].use_dsp.use_dsp48e2.iDSP48E2/DSP_ALU_INST/ALU_OUT[47]
                         net (fo=1, unplaced)         0.000     2.291    u_warp_collective_core/u_reduce_f32_add/u_aec_fp32_fma/inst/i_synth/FMA_OP.OP/mul/MULT/gDSP.gDSP_only.iDSP/use_prim.appDSP48[0].bppDSP48[0].use_dsp.use_dsp48e2.iDSP48E2/DSP_ALU.ALU_OUT<47>
                         DSP_OUTPUT (Prop_DSP_OUTPUT_ALU_OUT[47]_PCOUT[47])
                                                      0.122     2.413 r  u_warp_collective_core/u_reduce_f32_add/u_aec_fp32_fma/inst/i_synth/FMA_OP.OP/mul/MULT/gDSP.gDSP_only.iDSP/use_prim.appDSP48[0].bppDSP48[0].use_dsp.use_dsp48e2.iDSP48E2/DSP_OUTPUT_INST/PCOUT[47]
                         net (fo=1, unplaced)         0.014     2.427    u_warp_collective_core/u_reduce_f32_add/u_aec_fp32_fma/inst/i_synth/FMA_OP.OP/mul/MULT/gDSP.gDSP_only.iDSP/use_prim.appDSP48[0].bppDSP48[1].use_dsp.use_dsp48e2.iDSP48E2/PCIN[47]
                         DSP_ALU (Prop_DSP_ALU_PCIN[47]_ALU_OUT[15])
                                                      0.546     2.973 f  u_warp_collective_core/u_reduce_f32_add/u_aec_fp32_fma/inst/i_synth/FMA_OP.OP/mul/MULT/gDSP.gDSP_only.iDSP/use_prim.appDSP48[0].bppDSP48[1].use_dsp.use_dsp48e2.iDSP48E2/DSP_ALU_INST/ALU_OUT[15]
                         net (fo=1, unplaced)         0.000     2.973    u_warp_collective_core/u_reduce_f32_add/u_aec_fp32_fma/inst/i_synth/FMA_OP.OP/mul/MULT/gDSP.gDSP_only.iDSP/use_prim.appDSP48[0].bppDSP48[1].use_dsp.use_dsp48e2.iDSP48E2/DSP_ALU.ALU_OUT<15>
                         DSP_OUTPUT (Prop_DSP_OUTPUT_ALU_OUT[15]_P[15])
                                                      0.109     3.082 r  u_warp_collective_core/u_reduce_f32_add/u_aec_fp32_fma/inst/i_synth/FMA_OP.OP/mul/MULT/gDSP.gDSP_only.iDSP/use_prim.appDSP48[0].bppDSP48[1].use_dsp.use_dsp48e2.iDSP48E2/DSP_OUTPUT_INST/P[15]
                         net (fo=8, unplaced)         0.236     3.318    u_warp_collective_core/u_reduce_f32_add/u_aec_fp32_fma/inst/i_synth/FMA_OP.OP/mul/mul_result_wide[32]
                         LUT4 (Prop_LUT4_I1_O)        0.139     3.457 f  u_warp_collective_core/u_reduce_f32_add/u_aec_fp32_fma/inst/i_synth/FMA_OP.OP/mul/CHAIN_GEN[16].C_MUX.CARRY_MUX_i_2__2/O
                         net (fo=1, unplaced)         0.242     3.699    u_warp_collective_core/u_reduce_f32_add/u_aec_fp32_fma/inst/i_synth/FMA_OP.OP/addsub/add/EXP/NUMB_CMP1/NOT_FAST.CMP/C_CHAIN/CHAIN_GEN[23].C_MUX.CARRY_MUX_1[4]
                         CARRY8 (Prop_CARRY8_DI[0]_CO[7])
                                                      0.140     3.839 f  u_warp_collective_core/u_reduce_f32_add/u_aec_fp32_fma/inst/i_synth/FMA_OP.OP/addsub/add/EXP/NUMB_CMP1/NOT_FAST.CMP/C_CHAIN/CHAIN_GEN[16].C_MUX.CARRY_MUX_CARRY4_CARRY8/CO[7]
                         net (fo=1, unplaced)         0.005     3.844    u_warp_collective_core/u_reduce_f32_add/u_aec_fp32_fma/inst/i_synth/FMA_OP.OP/addsub/add/EXP/NUMB_CMP1/NOT_FAST.CMP/C_CHAIN/CHAIN_GEN[23].C_MUX.CARRY_MUX_n_0
                         CARRY8 (Prop_CARRY8_CI_CO[4])
                                                      0.092     3.936 f  u_warp_collective_core/u_reduce_f32_add/u_aec_fp32_fma/inst/i_synth/FMA_OP.OP/addsub/add/EXP/NUMB_CMP1/NOT_FAST.CMP/C_CHAIN/CHAIN_GEN[24].C_MUX.CARRY_MUX_CARRY4_CARRY8/CO[4]
                         net (fo=2, unplaced)         0.183     4.119    u_warp_collective_core/u_reduce_f32_add/u_aec_fp32_fma/inst/i_synth/FMA_OP.OP/addsub/add/EXP/NUMB_CMP0/NOT_FAST.CMP/C_CHAIN/CHAIN_GEN[0].C_MUX.CARRY_MUX_1[0]
                         LUT5 (Prop_LUT5_I4_O)        0.038     4.157 f  u_warp_collective_core/u_reduce_f32_add/u_aec_fp32_fma/inst/i_synth/FMA_OP.OP/addsub/add/EXP/NUMB_CMP0/NOT_FAST.CMP/C_CHAIN/CHAIN_GEN[0].C_MUX.CARRY_MUX_i_2__7/O
                         net (fo=52, unplaced)        0.256     4.413    u_warp_collective_core/u_reduce_f32_add/u_aec_fp32_fma/inst/i_synth/FMA_OP.OP/mul/b_largest
                         LUT6 (Prop_LUT6_I4_O)        0.038     4.451 f  u_warp_collective_core/u_reduce_f32_add/u_aec_fp32_fma/inst/i_synth/FMA_OP.OP/mul/CHAIN_GEN[1].C_MUX.CARRY_MUX_i_2__0/O
                         net (fo=3, unplaced)         0.147     4.598    u_warp_collective_core/u_reduce_f32_add/u_aec_fp32_fma/inst/i_synth/FMA_OP.OP/mul/sml_shift_mux__95[4]
                         LUT4 (Prop_LUT4_I0_O)        0.100     4.698 r  u_warp_collective_core/u_reduce_f32_add/u_aec_fp32_fma/inst/i_synth/FMA_OP.OP/mul/CHAIN_GEN[1].C_MUX.CARRY_MUX_i_1__2/O
                         net (fo=1, unplaced)         0.023     4.721    u_warp_collective_core/u_reduce_f32_add/u_aec_fp32_fma/inst/i_synth/FMA_OP.OP/addsub/add/ALIGN_BLK/aligner.ALIGN_SHIFT/ALIGN_Z_D/EQ_ZERO/CARRY_ZERO_DET/CHAIN_GEN[11].C_MUX.CARRY_MUX_0[1]
                         CARRY8 (Prop_CARRY8_S[1]_CO[7])
                                                      0.197     4.918 r  u_warp_collective_core/u_reduce_f32_add/u_aec_fp32_fma/inst/i_synth/FMA_OP.OP/addsub/add/ALIGN_BLK/aligner.ALIGN_SHIFT/ALIGN_Z_D/EQ_ZERO/CARRY_ZERO_DET/CHAIN_GEN[0].C_MUX.CARRY_MUX_CARRY4_CARRY8/CO[7]
                         net (fo=2, unplaced)         0.005     4.923    u_warp_collective_core/u_reduce_f32_add/u_aec_fp32_fma/inst/i_synth/FMA_OP.OP/addsub/add/ALIGN_BLK/aligner.ALIGN_SHIFT/ALIGN_Z_D/EQ_ZERO/CARRY_ZERO_DET/CARRYS_OUT[7]
                         CARRY8 (Prop_CARRY8_CI_CO[2])
                                                      0.057     4.980 r  u_warp_collective_core/u_reduce_f32_add/u_aec_fp32_fma/inst/i_synth/FMA_OP.OP/addsub/add/ALIGN_BLK/aligner.ALIGN_SHIFT/ALIGN_Z_D/EQ_ZERO/CARRY_ZERO_DET/CHAIN_GEN[8].C_MUX.CARRY_MUX_CARRY4_CARRY8/CO[2]
                         net (fo=1, unplaced)         0.185     5.165    u_warp_collective_core/u_reduce_f32_add/u_aec_fp32_fma/inst/i_synth/FMA_OP.OP/addsub/add/EXP/bma_exp_cc/CARRYS_OUT[10]
                         LUT6 (Prop_LUT6_I0_O)        0.038     5.203 r  u_warp_collective_core/u_reduce_f32_add/u_aec_fp32_fma/inst/i_synth/FMA_OP.OP/addsub/add/EXP/bma_exp_cc/MUX_LOOP[2].OTHER_LEVELS.DO_CHUNKS[0].LUT6_STRUCT_MUX.MUX1_i_7/O
                         net (fo=1, unplaced)         0.185     5.388    u_warp_collective_core/u_reduce_f32_add/u_aec_fp32_fma/inst/i_synth/FMA_OP.OP/addsub/add/EXP/bma_exp_cc/MUX_LOOP[2].OTHER_LEVELS.DO_CHUNKS[0].LUT6_STRUCT_MUX.MUX1_i_7_n_0
                         LUT6 (Prop_LUT6_I5_O)        0.038     5.426 r  u_warp_collective_core/u_reduce_f32_add/u_aec_fp32_fma/inst/i_synth/FMA_OP.OP/addsub/add/EXP/bma_exp_cc/MUX_LOOP[2].OTHER_LEVELS.DO_CHUNKS[0].LUT6_STRUCT_MUX.MUX1_i_3/O
                         net (fo=1, unplaced)         0.185     5.611    u_warp_collective_core/u_reduce_f32_add/u_aec_fp32_fma/inst/i_synth/FMA_OP.OP/addsub/add/EXP/bma_exp_cc/MUX_LOOP[2].OTHER_LEVELS.DO_CHUNKS[0].LUT6_STRUCT_MUX.MUX1_i_3_n_0
                         LUT6 (Prop_LUT6_I0_O)        0.037     5.648 r  u_warp_collective_core/u_reduce_f32_add/u_aec_fp32_fma/inst/i_synth/FMA_OP.OP/addsub/add/EXP/bma_exp_cc/MUX_LOOP[2].OTHER_LEVELS.DO_CHUNKS[0].LUT6_STRUCT_MUX.MUX1_i_1/O
                         net (fo=1, unplaced)         0.024     5.672    u_warp_collective_core/u_reduce_f32_add/u_aec_fp32_fma/inst/i_synth/FMA_OP.OP/addsub/add/ALIGN_BLK/aligner.ALIGN_SHIFT/ALIGN_Z_D/zero_det_unreg[1]_0[2]
                         MUXF7 (Prop_MUXF7_I0_O)      0.067     5.739 r  u_warp_collective_core/u_reduce_f32_add/u_aec_fp32_fma/inst/i_synth/FMA_OP.OP/addsub/add/ALIGN_BLK/aligner.ALIGN_SHIFT/ALIGN_Z_D/MUX_LOOP[2].OTHER_LEVELS.DO_CHUNKS[0].LUT6_STRUCT_MUX.MUX1/O
                         net (fo=1, unplaced)         0.000     5.739    u_warp_collective_core/u_reduce_f32_add/u_aec_fp32_fma/inst/i_synth/FMA_OP.OP/addsub/add/ALIGN_BLK/aligner.ALIGN_SHIFT/ALIGN_Z_D/MUX_LOOP[2].OTHER_LEVELS.DO_CHUNKS[0].LUT6_STRUCT_MUX.mux0_1
                         MUXF8 (Prop_MUXF8_I1_O)      0.028     5.767 r  u_warp_collective_core/u_reduce_f32_add/u_aec_fp32_fma/inst/i_synth/FMA_OP.OP/addsub/add/ALIGN_BLK/aligner.ALIGN_SHIFT/ALIGN_Z_D/MUX_LOOP[2].OTHER_LEVELS.DO_CHUNKS[0].LUT6_STRUCT_MUX.MUX2/O
                         net (fo=2, unplaced)         0.185     5.952    u_warp_collective_core/u_reduce_f32_add/u_aec_fp32_fma/inst/i_synth/FMA_OP.OP/addsub/add/ALIGN_BLK/aligner.ALIGN_SHIFT/ALIGN_Z_D/zeros_z_det_a
                         LUT4 (Prop_LUT4_I1_O)        0.037     5.989 r  u_warp_collective_core/u_reduce_f32_add/u_aec_fp32_fma/inst/i_synth/FMA_OP.OP/addsub/add/ALIGN_BLK/aligner.ALIGN_SHIFT/ALIGN_Z_D/STRUCT_ADD1.CARRY_MUX2_i_1/O
                         net (fo=1, unplaced)         0.023     6.012    u_warp_collective_core/u_reduce_f32_add/u_aec_fp32_fma/inst/i_synth/FMA_OP.OP/addsub/add/ALIGN_BLK/FRAC_ADDSUB/LOGIC_ADD.FRAC_ADDSUB/STRUCT_ADD1.CARRY_MUX2_0
                         CARRY8 (Prop_CARRY8_S[1]_CO[7])
                                                      0.197     6.209 r  u_warp_collective_core/u_reduce_f32_add/u_aec_fp32_fma/inst/i_synth/FMA_OP.OP/addsub/add/ALIGN_BLK/FRAC_ADDSUB/LOGIC_ADD.FRAC_ADDSUB/STRUCT_ADD1.CARRY_MUX1_CARRY4_CARRY8/CO[7]
                         net (fo=1, unplaced)         0.005     6.214    u_warp_collective_core/u_reduce_f32_add/u_aec_fp32_fma/inst/i_synth/FMA_OP.OP/addsub/add/ALIGN_BLK/FRAC_ADDSUB/LOGIC_ADD.FRAC_ADDSUB/STRUCT_ADD1.ADD1/CHAIN_GEN[5].C_MUX.CARRY_MUX_n_0
                         CARRY8 (Prop_CARRY8_CI_CO[7])
                                                      0.022     6.236 r  u_warp_collective_core/u_reduce_f32_add/u_aec_fp32_fma/inst/i_synth/FMA_OP.OP/addsub/add/ALIGN_BLK/FRAC_ADDSUB/LOGIC_ADD.FRAC_ADDSUB/STRUCT_ADD1.ADD1/CHAIN_GEN[6].C_MUX.CARRY_MUX_CARRY4_CARRY8/CO[7]
                         net (fo=1, unplaced)         0.005     6.241    u_warp_collective_core/u_reduce_f32_add/u_aec_fp32_fma/inst/i_synth/FMA_OP.OP/addsub/add/ALIGN_BLK/FRAC_ADDSUB/LOGIC_ADD.FRAC_ADDSUB/STRUCT_ADD1.ADD1/CHAIN_GEN[13].C_MUX.CARRY_MUX_n_0
                         CARRY8 (Prop_CARRY8_CI_CO[7])
                                                      0.022     6.263 r  u_warp_collective_core/u_reduce_f32_add/u_aec_fp32_fma/inst/i_synth/FMA_OP.OP/addsub/add/ALIGN_BLK/FRAC_ADDSUB/LOGIC_ADD.FRAC_ADDSUB/STRUCT_ADD1.ADD1/CHAIN_GEN[14].C_MUX.CARRY_MUX_CARRY4_CARRY8/CO[7]
                         net (fo=1, unplaced)         0.005     6.268    u_warp_collective_core/u_reduce_f32_add/u_aec_fp32_fma/inst/i_synth/FMA_OP.OP/addsub/add/ALIGN_BLK/FRAC_ADDSUB/LOGIC_ADD.FRAC_ADDSUB/STRUCT_ADD1.ADD1/CHAIN_GEN[21].C_MUX.CARRY_MUX_n_0
                         CARRY8 (Prop_CARRY8_CI_CO[7])
                                                      0.022     6.290 r  u_warp_collective_core/u_reduce_f32_add/u_aec_fp32_fma/inst/i_synth/FMA_OP.OP/addsub/add/ALIGN_BLK/FRAC_ADDSUB/LOGIC_ADD.FRAC_ADDSUB/STRUCT_ADD1.ADD1/CHAIN_GEN[22].C_MUX.CARRY_MUX_CARRY4_CARRY8/CO[7]
                         net (fo=1, unplaced)         0.005     6.295    u_warp_collective_core/u_reduce_f32_add/u_aec_fp32_fma/inst/i_synth/FMA_OP.OP/addsub/add/ALIGN_BLK/FRAC_ADDSUB/LOGIC_ADD.FRAC_ADDSUB/STRUCT_ADD2.ADD1/CHAIN_GEN[4].C_MUX.CARRY_MUX_n_0
                         CARRY8 (Prop_CARRY8_CI_CO[7])
                                                      0.022     6.317 r  u_warp_collective_core/u_reduce_f32_add/u_aec_fp32_fma/inst/i_synth/FMA_OP.OP/addsub/add/ALIGN_BLK/FRAC_ADDSUB/LOGIC_ADD.FRAC_ADDSUB/STRUCT_ADD2.ADD1/CHAIN_GEN[5].C_MUX.CARRY_MUX_CARRY4_CARRY8/CO[7]
                         net (fo=1, unplaced)         0.005     6.322    u_warp_collective_core/u_reduce_f32_add/u_aec_fp32_fma/inst/i_synth/FMA_OP.OP/addsub/add/ALIGN_BLK/FRAC_ADDSUB/LOGIC_ADD.FRAC_ADDSUB/STRUCT_ADD2.ADD1/CHAIN_GEN[12].C_MUX.CARRY_MUX_n_0
                         CARRY8 (Prop_CARRY8_CI_CO[7])
                                                      0.022     6.344 r  u_warp_collective_core/u_reduce_f32_add/u_aec_fp32_fma/inst/i_synth/FMA_OP.OP/addsub/add/ALIGN_BLK/FRAC_ADDSUB/LOGIC_ADD.FRAC_ADDSUB/STRUCT_ADD2.ADD1/CHAIN_GEN[13].C_MUX.CARRY_MUX_CARRY4_CARRY8/CO[7]
                         net (fo=1, unplaced)         0.005     6.349    u_warp_collective_core/u_reduce_f32_add/u_aec_fp32_fma/inst/i_synth/FMA_OP.OP/addsub/add/ALIGN_BLK/FRAC_ADDSUB/LOGIC_ADD.FRAC_ADDSUB/STRUCT_ADD2.ADD1/CHAIN_GEN[20].C_MUX.CARRY_MUX_n_0
                         CARRY8 (Prop_CARRY8_CI_O[4])
                                                      0.086     6.435 f  u_warp_collective_core/u_reduce_f32_add/u_aec_fp32_fma/inst/i_synth/FMA_OP.OP/addsub/add/ALIGN_BLK/FRAC_ADDSUB/LOGIC_ADD.FRAC_ADDSUB/STRUCT_ADD2.ADD1/CHAIN_GEN[21].C_MUX.CARRY_MUX_CARRY4_CARRY8/O[4]
                         net (fo=4, unplaced)         0.197     6.632    u_warp_collective_core/u_reduce_f32_add/u_aec_fp32_fma/inst/i_synth/FMA_OP.OP/addsub/add/ALIGN_BLK/FRAC_ADDSUB/LOGIC_ADD.FRAC_ADDSUB/STRUCT_ADD2.ADD1/Q[17]
                         LUT4 (Prop_LUT4_I0_O)        0.100     6.732 r  u_warp_collective_core/u_reduce_f32_add/u_aec_fp32_fma/inst/i_synth/FMA_OP.OP/addsub/add/ALIGN_BLK/FRAC_ADDSUB/LOGIC_ADD.FRAC_ADDSUB/STRUCT_ADD2.ADD1/CHAIN_GEN[0].C_MUX.CARRY_MUX_i_1__7/O
                         net (fo=1, unplaced)         0.020     6.752    u_warp_collective_core/u_reduce_f32_add/u_aec_fp32_fma/inst/i_synth/FMA_OP.OP/addsub/add/NORM/LZE/ZERO_DET_CC_1/chunk_is_zero[0]
                         CARRY8 (Prop_CARRY8_S[0]_CO[7])
                                                      0.199     6.951 r  u_warp_collective_core/u_reduce_f32_add/u_aec_fp32_fma/inst/i_synth/FMA_OP.OP/addsub/add/NORM/LZE/ZERO_DET_CC_1/CHAIN_GEN[0].C_MUX.CARRY_MUX_CARRY4_CARRY8/CO[7]
                         net (fo=68, unplaced)        0.290     7.241    u_warp_collective_core/u_reduce_f32_add/u_aec_fp32_fma/inst/i_synth/FMA_OP.OP/addsub/add/NORM/LZE/ZERO_DET_CC_1/CARRYS_OUT[1]
                         LUT6 (Prop_LUT6_I4_O)        0.038     7.279 r  u_warp_collective_core/u_reduce_f32_add/u_aec_fp32_fma/inst/i_synth/FMA_OP.OP/addsub/add/NORM/LZE/ZERO_DET_CC_1/CHAIN_GEN[1].C_MUX.CARRY_MUX_i_2__4/O
                         net (fo=60, unplaced)        0.215     7.494    u_warp_collective_core/u_reduce_f32_add/u_aec_fp32_fma/inst/i_synth/FMA_OP.OP/addsub/add/ALIGN_BLK/FRAC_ADDSUB/LOGIC_ADD.FRAC_ADDSUB/STRUCT_ADD1.ADD1/norm_dist[1]
                         LUT5 (Prop_LUT5_I1_O)        0.100     7.594 r  u_warp_collective_core/u_reduce_f32_add/u_aec_fp32_fma/inst/i_synth/FMA_OP.OP/addsub/add/ALIGN_BLK/FRAC_ADDSUB/LOGIC_ADD.FRAC_ADDSUB/STRUCT_ADD1.ADD1/norm_exp_carry_i_12/O
                         net (fo=1, unplaced)         0.141     7.735    u_warp_collective_core/u_reduce_f32_add/u_aec_fp32_fma/inst/i_synth/FMA_OP.OP/addsub/add/ALIGN_BLK/FRAC_ADDSUB/LOGIC_ADD.FRAC_ADDSUB/STRUCT_ADD2.ADD1/RESULT_REG.NORMAL.mant_op[21]_i_12
                         LUT6 (Prop_LUT6_I1_O)        0.100     7.835 r  u_warp_collective_core/u_reduce_f32_add/u_aec_fp32_fma/inst/i_synth/FMA_OP.OP/addsub/add/ALIGN_BLK/FRAC_ADDSUB/LOGIC_ADD.FRAC_ADDSUB/STRUCT_ADD2.ADD1/norm_exp_carry_i_9/O
                         net (fo=7, unplaced)         0.210     8.045    u_warp_collective_core/u_reduce_f32_add/u_aec_fp32_fma/inst/i_synth/FMA_OP.OP/addsub/add/EXP/EXP_OFF.STRUCT_ADD/norm_dist[1]
                         LUT2 (Prop_LUT2_I1_O)        0.037     8.082 r  u_warp_collective_core/u_reduce_f32_add/u_aec_fp32_fma/inst/i_synth/FMA_OP.OP/addsub/add/EXP/EXP_OFF.STRUCT_ADD/norm_exp_carry_i_7/O
                         net (fo=1, unplaced)         0.023     8.105    u_warp_collective_core/u_reduce_f32_add/u_aec_fp32_fma/inst/i_synth/FMA_OP.OP/addsub/add/EXP/EXP_OFF.STRUCT_ADD_n_5
                         CARRY8 (Prop_CARRY8_S[1]_O[6])
                                                      0.224     8.329 r  u_warp_collective_core/u_reduce_f32_add/u_aec_fp32_fma/inst/i_synth/FMA_OP.OP/addsub/add/EXP/norm_exp_carry/O[6]
                         net (fo=4, unplaced)         0.103     8.432    u_warp_collective_core/u_reduce_f32_add/u_aec_fp32_fma/inst/i_synth/FMA_OP.OP/addsub/add/EXP/exp_op[6]
                         LUT4 (Prop_LUT4_I0_O)        0.139     8.571 r  u_warp_collective_core/u_reduce_f32_add/u_aec_fp32_fma/inst/i_synth/FMA_OP.OP/addsub/add/EXP/RESULT_REG.NORMAL.mant_op[21]_i_22/O
                         net (fo=2, unplaced)         0.185     8.756    u_warp_collective_core/u_reduce_f32_add/u_aec_fp32_fma/inst/i_synth/FMA_OP.OP/addsub/add/EXP/EXP_OFF.STRUCT_ADD/RESULT_REG.NORMAL.mant_op[21]_i_5_0
                         LUT6 (Prop_LUT6_I2_O)        0.038     8.794 r  u_warp_collective_core/u_reduce_f32_add/u_aec_fp32_fma/inst/i_synth/FMA_OP.OP/addsub/add/EXP/EXP_OFF.STRUCT_ADD/RESULT_REG.NORMAL.mant_op[21]_i_17/O
                         net (fo=4, unplaced)         0.152     8.946    u_warp_collective_core/u_reduce_f32_add/u_aec_fp32_fma/inst/i_synth/FMA_OP.OP/addsub/add/EXP/EXP_OFF.STRUCT_ADD/conv_exp.downsize_exp/exp_flt_all_one_rnd
                         LUT3 (Prop_LUT3_I0_O)        0.112     9.058 r  u_warp_collective_core/u_reduce_f32_add/u_aec_fp32_fma/inst/i_synth/FMA_OP.OP/addsub/add/EXP/EXP_OFF.STRUCT_ADD/RESULT_REG.NORMAL.mant_op[22]_i_2/O
                         net (fo=6, unplaced)         0.207     9.265    u_warp_collective_core/u_reduce_f32_add/u_aec_fp32_fma/inst/i_synth/FMA_OP.OP/addsub/add/EXP/EXP_OFF.STRUCT_ADD/conv_exp.downsize_exp/state_rnd__5[0]
                         LUT3 (Prop_LUT3_I2_O)        0.038     9.303 r  u_warp_collective_core/u_reduce_f32_add/u_aec_fp32_fma/inst/i_synth/FMA_OP.OP/addsub/add/EXP/EXP_OFF.STRUCT_ADD/RESULT_REG.NORMAL.exp_op[2]_i_2/O
                         net (fo=5, unplaced)         0.203     9.506    u_warp_collective_core/u_reduce_f32_add/u_aec_fp32_fma/inst/i_synth/FMA_OP.OP/addsub/add/EXP/EXP_OFF.STRUCT_ADD/op_state[0]
                         LUT6 (Prop_LUT6_I4_O)        0.038     9.544 r  u_warp_collective_core/u_reduce_f32_add/u_aec_fp32_fma/inst/i_synth/FMA_OP.OP/addsub/add/EXP/EXP_OFF.STRUCT_ADD/RESULT_REG.NORMAL.mant_op[21]_i_1/O
                         net (fo=22, unplaced)        0.237     9.781    u_warp_collective_core/u_reduce_f32_add/u_aec_fp32_fma/inst/i_synth/FMA_OP.OP/addsub/add/OP/RESULT_REG.NORMAL.mant_op_reg[21]_0
                         FDRE                                         r  u_warp_collective_core/u_reduce_f32_add/u_aec_fp32_fma/inst/i_synth/FMA_OP.OP/addsub/add/OP/RESULT_REG.NORMAL.mant_op_reg[18]/R
  -------------------------------------------------------------------    -------------------

                         (clock clk_i rise edge)      5.556     5.556 r  
                                                      0.000     5.556 r  clk_i (IN)
                         net (fo=37177, unset)        0.020     5.576    u_warp_collective_core/u_reduce_f32_add/u_aec_fp32_fma/inst/i_synth/FMA_OP.OP/addsub/add/OP/aclk
                         FDRE                                         r  u_warp_collective_core/u_reduce_f32_add/u_aec_fp32_fma/inst/i_synth/FMA_OP.OP/addsub/add/OP/RESULT_REG.NORMAL.mant_op_reg[18]/C
                         clock pessimism              0.000     5.576    
                         clock uncertainty           -0.035     5.541    
                         FDRE (Setup_FDRE_C_R)       -0.074     5.467    u_warp_collective_core/u_reduce_f32_add/u_aec_fp32_fma/inst/i_synth/FMA_OP.OP/addsub/add/OP/RESULT_REG.NORMAL.mant_op_reg[18]
  -------------------------------------------------------------------
                         required time                          5.467    
                         arrival time                          -9.781    
  -------------------------------------------------------------------
                         slack                                 -4.314    

Slack (VIOLATED) :        -4.314ns  (required time - arrival time)
  Source:                 u_warp_collective_core/lane_val_q_reg[6][10]/C
                            (rising edge-triggered cell FDCE clocked by clk_i  {rise@0.000ns fall@2.778ns period=5.556ns})
  Destination:            u_warp_collective_core/u_reduce_f32_add/u_aec_fp32_fma/inst/i_synth/FMA_OP.OP/addsub/add/OP/RESULT_REG.NORMAL.mant_op_reg[19]/R
                            (rising edge-triggered cell FDRE clocked by clk_i  {rise@0.000ns fall@2.778ns period=5.556ns})
  Path Group:             clk_i
  Path Type:              Setup (Max at Slow Process Corner)
  Requirement:            5.556ns  (clk_i rise@5.556ns - clk_i rise@0.000ns)
  Data Path Delay:        9.753ns  (logic 5.150ns (52.804%)  route 4.603ns (47.196%))
  Logic Levels:           44  (CARRY8=13 DSP_A_B_DATA=1 DSP_ALU=2 DSP_M_DATA=1 DSP_MULTIPLIER=1 DSP_OUTPUT=2 DSP_PREADD_DATA=1 LUT2=1 LUT3=2 LUT4=5 LUT5=2 LUT6=9 MUXF7=2 MUXF8=2)
  Clock Path Skew:        -0.008ns (DCD - SCD + CPR)
    Destination Clock Delay (DCD):    0.020ns = ( 5.576 - 5.556 ) 
    Source Clock Delay      (SCD):    0.028ns
    Clock Pessimism Removal (CPR):    0.000ns
  Clock Uncertainty:      0.035ns  ((TSJ^2 + TIJ^2)^1/2 + DJ) / 2 + PE
    Total System Jitter     (TSJ):    0.071ns
    Total Input Jitter      (TIJ):    0.000ns
    Discrete Jitter          (DJ):    0.000ns
    Phase Error              (PE):    0.000ns

    Location             Delay type                Incr(ns)  Path(ns)    Netlist Resource(s)
  -------------------------------------------------------------------    -------------------
                         (clock clk_i rise edge)      0.000     0.000 r  
                                                      0.000     0.000 r  clk_i (IN)
                         net (fo=37177, unset)        0.028     0.028    u_warp_collective_core/clk_i
                         FDCE                                         r  u_warp_collective_core/lane_val_q_reg[6][10]/C
  -------------------------------------------------------------------    -------------------
                         FDCE (Prop_FDCE_C_Q)         0.077     0.105 f  u_warp_collective_core/lane_val_q_reg[6][10]/Q
                         net (fo=35, unplaced)        0.216     0.321    u_warp_collective_core/u_reduce_f32_add/u_aec_fp32_fma_i_66_0[10]
                         LUT6 (Prop_LUT6_I0_O)        0.145     0.466 f  u_warp_collective_core/u_reduce_f32_add/u_aec_fp32_fma_i_344/O
                         net (fo=1, unplaced)         0.032     0.498    u_warp_collective_core/u_reduce_f32_add/u_aec_fp32_fma_i_344_n_0
                         MUXF7 (Prop_MUXF7_I0_O)      0.069     0.567 f  u_warp_collective_core/u_reduce_f32_add/u_aec_fp32_fma_i_108/O
                         net (fo=1, unplaced)         0.000     0.567    u_warp_collective_core/u_reduce_f32_add/u_aec_fp32_fma_i_108_n_0
                         MUXF8 (Prop_MUXF8_I0_O)      0.030     0.597 f  u_warp_collective_core/u_reduce_f32_add/u_aec_fp32_fma_i_23/O
                         net (fo=11, unplaced)        0.244     0.841    u_warp_collective_core/u_reduce_f32_add/u_aec_fp32_fma/inst/i_synth/FMA_OP.OP/mul/MULT/gDSP.gDSP_only.iDSP/use_prim.appDSP48[0].bppDSP48[0].use_dsp.use_dsp48e2.iDSP48E2/B[10]
                         DSP_A_B_DATA (Prop_DSP_A_B_DATA_B[10]_B2_DATA[10])
                                                      0.151     0.992 r  u_warp_collective_core/u_reduce_f32_add/u_aec_fp32_fma/inst/i_synth/FMA_OP.OP/mul/MULT/gDSP.gDSP_only.iDSP/use_prim.appDSP48[0].bppDSP48[0].use_dsp.use_dsp48e2.iDSP48E2/DSP_A_B_DATA_INST/B2_DATA[10]
                         net (fo=1, unplaced)         0.000     0.992    u_warp_collective_core/u_reduce_f32_add/u_aec_fp32_fma/inst/i_synth/FMA_OP.OP/mul/MULT/gDSP.gDSP_only.iDSP/use_prim.appDSP48[0].bppDSP48[0].use_dsp.use_dsp48e2.iDSP48E2/DSP_A_B_DATA.B2_DATA<10>
                         DSP_PREADD_DATA (Prop_DSP_PREADD_DATA_B2_DATA[10]_B2B1[10])
                                                      0.073     1.065 r  u_warp_collective_core/u_reduce_f32_add/u_aec_fp32_fma/inst/i_synth/FMA_OP.OP/mul/MULT/gDSP.gDSP_only.iDSP/use_prim.appDSP48[0].bppDSP48[0].use_dsp.use_dsp48e2.iDSP48E2/DSP_PREADD_DATA_INST/B2B1[10]
                         net (fo=1, unplaced)         0.000     1.065    u_warp_collective_core/u_reduce_f32_add/u_aec_fp32_fma/inst/i_synth/FMA_OP.OP/mul/MULT/gDSP.gDSP_only.iDSP/use_prim.appDSP48[0].bppDSP48[0].use_dsp.use_dsp48e2.iDSP48E2/DSP_PREADD_DATA.B2B1<10>
                         DSP_MULTIPLIER (Prop_DSP_MULTIPLIER_B2B1[10]_V[39])
                                                      0.609     1.674 f  u_warp_collective_core/u_reduce_f32_add/u_aec_fp32_fma/inst/i_synth/FMA_OP.OP/mul/MULT/gDSP.gDSP_only.iDSP/use_prim.appDSP48[0].bppDSP48[0].use_dsp.use_dsp48e2.iDSP48E2/DSP_MULTIPLIER_INST/V[39]
                         net (fo=1, unplaced)         0.000     1.674    u_warp_collective_core/u_reduce_f32_add/u_aec_fp32_fma/inst/i_synth/FMA_OP.OP/mul/MULT/gDSP.gDSP_only.iDSP/use_prim.appDSP48[0].bppDSP48[0].use_dsp.use_dsp48e2.iDSP48E2/DSP_MULTIPLIER.V<39>
                         DSP_M_DATA (Prop_DSP_M_DATA_V[39]_V_DATA[39])
                                                      0.046     1.720 r  u_warp_collective_core/u_reduce_f32_add/u_aec_fp32_fma/inst/i_synth/FMA_OP.OP/mul/MULT/gDSP.gDSP_only.iDSP/use_prim.appDSP48[0].bppDSP48[0].use_dsp.use_dsp48e2.iDSP48E2/DSP_M_DATA_INST/V_DATA[39]
                         net (fo=1, unplaced)         0.000     1.720    u_warp_collective_core/u_reduce_f32_add/u_aec_fp32_fma/inst/i_synth/FMA_OP.OP/mul/MULT/gDSP.gDSP_only.iDSP/use_prim.appDSP48[0].bppDSP48[0].use_dsp.use_dsp48e2.iDSP48E2/DSP_M_DATA.V_DATA<39>
                         DSP_ALU (Prop_DSP_ALU_V_DATA[39]_ALU_OUT[47])
                                                      0.571     2.291 f  u_warp_collective_core/u_reduce_f32_add/u_aec_fp32_fma/inst/i_synth/FMA_OP.OP/mul/MULT/gDSP.gDSP_only.iDSP/use_prim.appDSP48[0].bppDSP48[0].use_dsp.use_dsp48e2.iDSP48E2/DSP_ALU_INST/ALU_OUT[47]
                         net (fo=1, unplaced)         0.000     2.291    u_warp_collective_core/u_reduce_f32_add/u_aec_fp32_fma/inst/i_synth/FMA_OP.OP/mul/MULT/gDSP.gDSP_only.iDSP/use_prim.appDSP48[0].bppDSP48[0].use_dsp.use_dsp48e2.iDSP48E2/DSP_ALU.ALU_OUT<47>
                         DSP_OUTPUT (Prop_DSP_OUTPUT_ALU_OUT[47]_PCOUT[47])
                                                      0.122     2.413 r  u_warp_collective_core/u_reduce_f32_add/u_aec_fp32_fma/inst/i_synth/FMA_OP.OP/mul/MULT/gDSP.gDSP_only.iDSP/use_prim.appDSP48[0].bppDSP48[0].use_dsp.use_dsp48e2.iDSP48E2/DSP_OUTPUT_INST/PCOUT[47]
                         net (fo=1, unplaced)         0.014     2.427    u_warp_collective_core/u_reduce_f32_add/u_aec_fp32_fma/inst/i_synth/FMA_OP.OP/mul/MULT/gDSP.gDSP_only.iDSP/use_prim.appDSP48[0].bppDSP48[1].use_dsp.use_dsp48e2.iDSP48E2/PCIN[47]
                         DSP_ALU (Prop_DSP_ALU_PCIN[47]_ALU_OUT[15])
                                                      0.546     2.973 f  u_warp_collective_core/u_reduce_f32_add/u_aec_fp32_fma/inst/i_synth/FMA_OP.OP/mul/MULT/gDSP.gDSP_only.iDSP/use_prim.appDSP48[0].bppDSP48[1].use_dsp.use_dsp48e2.iDSP48E2/DSP_ALU_INST/ALU_OUT[15]
                         net (fo=1, unplaced)         0.000     2.973    u_warp_collective_core/u_reduce_f32_add/u_aec_fp32_fma/inst/i_synth/FMA_OP.OP/mul/MULT/gDSP.gDSP_only.iDSP/use_prim.appDSP48[0].bppDSP48[1].use_dsp.use_dsp48e2.iDSP48E2/DSP_ALU.ALU_OUT<15>
                         DSP_OUTPUT (Prop_DSP_OUTPUT_ALU_OUT[15]_P[15])
                                                      0.109     3.082 r  u_warp_collective_core/u_reduce_f32_add/u_aec_fp32_fma/inst/i_synth/FMA_OP.OP/mul/MULT/gDSP.gDSP_only.iDSP/use_prim.appDSP48[0].bppDSP48[1].use_dsp.use_dsp48e2.iDSP48E2/DSP_OUTPUT_INST/P[15]
                         net (fo=8, unplaced)         0.236     3.318    u_warp_collective_core/u_reduce_f32_add/u_aec_fp32_fma/inst/i_synth/FMA_OP.OP/mul/mul_result_wide[32]
                         LUT4 (Prop_LUT4_I1_O)        0.139     3.457 f  u_warp_collective_core/u_reduce_f32_add/u_aec_fp32_fma/inst/i_synth/FMA_OP.OP/mul/CHAIN_GEN[16].C_MUX.CARRY_MUX_i_2__2/O
                         net (fo=1, unplaced)         0.242     3.699    u_warp_collective_core/u_reduce_f32_add/u_aec_fp32_fma/inst/i_synth/FMA_OP.OP/addsub/add/EXP/NUMB_CMP1/NOT_FAST.CMP/C_CHAIN/CHAIN_GEN[23].C_MUX.CARRY_MUX_1[4]
                         CARRY8 (Prop_CARRY8_DI[0]_CO[7])
                                                      0.140     3.839 f  u_warp_collective_core/u_reduce_f32_add/u_aec_fp32_fma/inst/i_synth/FMA_OP.OP/addsub/add/EXP/NUMB_CMP1/NOT_FAST.CMP/C_CHAIN/CHAIN_GEN[16].C_MUX.CARRY_MUX_CARRY4_CARRY8/CO[7]
                         net (fo=1, unplaced)         0.005     3.844    u_warp_collective_core/u_reduce_f32_add/u_aec_fp32_fma/inst/i_synth/FMA_OP.OP/addsub/add/EXP/NUMB_CMP1/NOT_FAST.CMP/C_CHAIN/CHAIN_GEN[23].C_MUX.CARRY_MUX_n_0
                         CARRY8 (Prop_CARRY8_CI_CO[4])
                                                      0.092     3.936 f  u_warp_collective_core/u_reduce_f32_add/u_aec_fp32_fma/inst/i_synth/FMA_OP.OP/addsub/add/EXP/NUMB_CMP1/NOT_FAST.CMP/C_CHAIN/CHAIN_GEN[24].C_MUX.CARRY_MUX_CARRY4_CARRY8/CO[4]
                         net (fo=2, unplaced)         0.183     4.119    u_warp_collective_core/u_reduce_f32_add/u_aec_fp32_fma/inst/i_synth/FMA_OP.OP/addsub/add/EXP/NUMB_CMP0/NOT_FAST.CMP/C_CHAIN/CHAIN_GEN[0].C_MUX.CARRY_MUX_1[0]
                         LUT5 (Prop_LUT5_I4_O)        0.038     4.157 f  u_warp_collective_core/u_reduce_f32_add/u_aec_fp32_fma/inst/i_synth/FMA_OP.OP/addsub/add/EXP/NUMB_CMP0/NOT_FAST.CMP/C_CHAIN/CHAIN_GEN[0].C_MUX.CARRY_MUX_i_2__7/O
                         net (fo=52, unplaced)        0.256     4.413    u_warp_collective_core/u_reduce_f32_add/u_aec_fp32_fma/inst/i_synth/FMA_OP.OP/mul/b_largest
                         LUT6 (Prop_LUT6_I4_O)        0.038     4.451 f  u_warp_collective_core/u_reduce_f32_add/u_aec_fp32_fma/inst/i_synth/FMA_OP.OP/mul/CHAIN_GEN[1].C_MUX.CARRY_MUX_i_2__0/O
                         net (fo=3, unplaced)         0.147     4.598    u_warp_collective_core/u_reduce_f32_add/u_aec_fp32_fma/inst/i_synth/FMA_OP.OP/mul/sml_shift_mux__95[4]
                         LUT4 (Prop_LUT4_I0_O)        0.100     4.698 r  u_warp_collective_core/u_reduce_f32_add/u_aec_fp32_fma/inst/i_synth/FMA_OP.OP/mul/CHAIN_GEN[1].C_MUX.CARRY_MUX_i_1__2/O
                         net (fo=1, unplaced)         0.023     4.721    u_warp_collective_core/u_reduce_f32_add/u_aec_fp32_fma/inst/i_synth/FMA_OP.OP/addsub/add/ALIGN_BLK/aligner.ALIGN_SHIFT/ALIGN_Z_D/EQ_ZERO/CARRY_ZERO_DET/CHAIN_GEN[11].C_MUX.CARRY_MUX_0[1]
                         CARRY8 (Prop_CARRY8_S[1]_CO[7])
                                                      0.197     4.918 r  u_warp_collective_core/u_reduce_f32_add/u_aec_fp32_fma/inst/i_synth/FMA_OP.OP/addsub/add/ALIGN_BLK/aligner.ALIGN_SHIFT/ALIGN_Z_D/EQ_ZERO/CARRY_ZERO_DET/CHAIN_GEN[0].C_MUX.CARRY_MUX_CARRY4_CARRY8/CO[7]
                         net (fo=2, unplaced)         0.005     4.923    u_warp_collective_core/u_reduce_f32_add/u_aec_fp32_fma/inst/i_synth/FMA_OP.OP/addsub/add/ALIGN_BLK/aligner.ALIGN_SHIFT/ALIGN_Z_D/EQ_ZERO/CARRY_ZERO_DET/CARRYS_OUT[7]
                         CARRY8 (Prop_CARRY8_CI_CO[2])
                                                      0.057     4.980 r  u_warp_collective_core/u_reduce_f32_add/u_aec_fp32_fma/inst/i_synth/FMA_OP.OP/addsub/add/ALIGN_BLK/aligner.ALIGN_SHIFT/ALIGN_Z_D/EQ_ZERO/CARRY_ZERO_DET/CHAIN_GEN[8].C_MUX.CARRY_MUX_CARRY4_CARRY8/CO[2]
                         net (fo=1, unplaced)         0.185     5.165    u_warp_collective_core/u_reduce_f32_add/u_aec_fp32_fma/inst/i_synth/FMA_OP.OP/addsub/add/EXP/bma_exp_cc/CARRYS_OUT[10]
                         LUT6 (Prop_LUT6_I0_O)        0.038     5.203 r  u_warp_collective_core/u_reduce_f32_add/u_aec_fp32_fma/inst/i_synth/FMA_OP.OP/addsub/add/EXP/bma_exp_cc/MUX_LOOP[2].OTHER_LEVELS.DO_CHUNKS[0].LUT6_STRUCT_MUX.MUX1_i_7/O
                         net (fo=1, unplaced)         0.185     5.388    u_warp_collective_core/u_reduce_f32_add/u_aec_fp32_fma/inst/i_synth/FMA_OP.OP/addsub/add/EXP/bma_exp_cc/MUX_LOOP[2].OTHER_LEVELS.DO_CHUNKS[0].LUT6_STRUCT_MUX.MUX1_i_7_n_0
                         LUT6 (Prop_LUT6_I5_O)        0.038     5.426 r  u_warp_collective_core/u_reduce_f32_add/u_aec_fp32_fma/inst/i_synth/FMA_OP.OP/addsub/add/EXP/bma_exp_cc/MUX_LOOP[2].OTHER_LEVELS.DO_CHUNKS[0].LUT6_STRUCT_MUX.MUX1_i_3/O
                         net (fo=1, unplaced)         0.185     5.611    u_warp_collective_core/u_reduce_f32_add/u_aec_fp32_fma/inst/i_synth/FMA_OP.OP/addsub/add/EXP/bma_exp_cc/MUX_LOOP[2].OTHER_LEVELS.DO_CHUNKS[0].LUT6_STRUCT_MUX.MUX1_i_3_n_0
                         LUT6 (Prop_LUT6_I0_O)        0.037     5.648 r  u_warp_collective_core/u_reduce_f32_add/u_aec_fp32_fma/inst/i_synth/FMA_OP.OP/addsub/add/EXP/bma_exp_cc/MUX_LOOP[2].OTHER_LEVELS.DO_CHUNKS[0].LUT6_STRUCT_MUX.MUX1_i_1/O
                         net (fo=1, unplaced)         0.024     5.672    u_warp_collective_core/u_reduce_f32_add/u_aec_fp32_fma/inst/i_synth/FMA_OP.OP/addsub/add/ALIGN_BLK/aligner.ALIGN_SHIFT/ALIGN_Z_D/zero_det_unreg[1]_0[2]
                         MUXF7 (Prop_MUXF7_I0_O)      0.067     5.739 r  u_warp_collective_core/u_reduce_f32_add/u_aec_fp32_fma/inst/i_synth/FMA_OP.OP/addsub/add/ALIGN_BLK/aligner.ALIGN_SHIFT/ALIGN_Z_D/MUX_LOOP[2].OTHER_LEVELS.DO_CHUNKS[0].LUT6_STRUCT_MUX.MUX1/O
                         net (fo=1, unplaced)         0.000     5.739    u_warp_collective_core/u_reduce_f32_add/u_aec_fp32_fma/inst/i_synth/FMA_OP.OP/addsub/add/ALIGN_BLK/aligner.ALIGN_SHIFT/ALIGN_Z_D/MUX_LOOP[2].OTHER_LEVELS.DO_CHUNKS[0].LUT6_STRUCT_MUX.mux0_1
                         MUXF8 (Prop_MUXF8_I1_O)      0.028     5.767 r  u_warp_collective_core/u_reduce_f32_add/u_aec_fp32_fma/inst/i_synth/FMA_OP.OP/addsub/add/ALIGN_BLK/aligner.ALIGN_SHIFT/ALIGN_Z_D/MUX_LOOP[2].OTHER_LEVELS.DO_CHUNKS[0].LUT6_STRUCT_MUX.MUX2/O
                         net (fo=2, unplaced)         0.185     5.952    u_warp_collective_core/u_reduce_f32_add/u_aec_fp32_fma/inst/i_synth/FMA_OP.OP/addsub/add/ALIGN_BLK/aligner.ALIGN_SHIFT/ALIGN_Z_D/zeros_z_det_a
                         LUT4 (Prop_LUT4_I1_O)        0.037     5.989 r  u_warp_collective_core/u_reduce_f32_add/u_aec_fp32_fma/inst/i_synth/FMA_OP.OP/addsub/add/ALIGN_BLK/aligner.ALIGN_SHIFT/ALIGN_Z_D/STRUCT_ADD1.CARRY_MUX2_i_1/O
                         net (fo=1, unplaced)         0.023     6.012    u_warp_collective_core/u_reduce_f32_add/u_aec_fp32_fma/inst/i_synth/FMA_OP.OP/addsub/add/ALIGN_BLK/FRAC_ADDSUB/LOGIC_ADD.FRAC_ADDSUB/STRUCT_ADD1.CARRY_MUX2_0
                         CARRY8 (Prop_CARRY8_S[1]_CO[7])
                                                      0.197     6.209 r  u_warp_collective_core/u_reduce_f32_add/u_aec_fp32_fma/inst/i_synth/FMA_OP.OP/addsub/add/ALIGN_BLK/FRAC_ADDSUB/LOGIC_ADD.FRAC_ADDSUB/STRUCT_ADD1.CARRY_MUX1_CARRY4_CARRY8/CO[7]
                         net (fo=1, unplaced)         0.005     6.214    u_warp_collective_core/u_reduce_f32_add/u_aec_fp32_fma/inst/i_synth/FMA_OP.OP/addsub/add/ALIGN_BLK/FRAC_ADDSUB/LOGIC_ADD.FRAC_ADDSUB/STRUCT_ADD1.ADD1/CHAIN_GEN[5].C_MUX.CARRY_MUX_n_0
                         CARRY8 (Prop_CARRY8_CI_CO[7])
                                                      0.022     6.236 r  u_warp_collective_core/u_reduce_f32_add/u_aec_fp32_fma/inst/i_synth/FMA_OP.OP/addsub/add/ALIGN_BLK/FRAC_ADDSUB/LOGIC_ADD.FRAC_ADDSUB/STRUCT_ADD1.ADD1/CHAIN_GEN[6].C_MUX.CARRY_MUX_CARRY4_CARRY8/CO[7]
                         net (fo=1, unplaced)         0.005     6.241    u_warp_collective_core/u_reduce_f32_add/u_aec_fp32_fma/inst/i_synth/FMA_OP.OP/addsub/add/ALIGN_BLK/FRAC_ADDSUB/LOGIC_ADD.FRAC_ADDSUB/STRUCT_ADD1.ADD1/CHAIN_GEN[13].C_MUX.CARRY_MUX_n_0
                         CARRY8 (Prop_CARRY8_CI_CO[7])
                                                      0.022     6.263 r  u_warp_collective_core/u_reduce_f32_add/u_aec_fp32_fma/inst/i_synth/FMA_OP.OP/addsub/add/ALIGN_BLK/FRAC_ADDSUB/LOGIC_ADD.FRAC_ADDSUB/STRUCT_ADD1.ADD1/CHAIN_GEN[14].C_MUX.CARRY_MUX_CARRY4_CARRY8/CO[7]
                         net (fo=1, unplaced)         0.005     6.268    u_warp_collective_core/u_reduce_f32_add/u_aec_fp32_fma/inst/i_synth/FMA_OP.OP/addsub/add/ALIGN_BLK/FRAC_ADDSUB/LOGIC_ADD.FRAC_ADDSUB/STRUCT_ADD1.ADD1/CHAIN_GEN[21].C_MUX.CARRY_MUX_n_0
                         CARRY8 (Prop_CARRY8_CI_CO[7])
                                                      0.022     6.290 r  u_warp_collective_core/u_reduce_f32_add/u_aec_fp32_fma/inst/i_synth/FMA_OP.OP/addsub/add/ALIGN_BLK/FRAC_ADDSUB/LOGIC_ADD.FRAC_ADDSUB/STRUCT_ADD1.ADD1/CHAIN_GEN[22].C_MUX.CARRY_MUX_CARRY4_CARRY8/CO[7]
                         net (fo=1, unplaced)         0.005     6.295    u_warp_collective_core/u_reduce_f32_add/u_aec_fp32_fma/inst/i_synth/FMA_OP.OP/addsub/add/ALIGN_BLK/FRAC_ADDSUB/LOGIC_ADD.FRAC_ADDSUB/STRUCT_ADD2.ADD1/CHAIN_GEN[4].C_MUX.CARRY_MUX_n_0
                         CARRY8 (Prop_CARRY8_CI_CO[7])
                                                      0.022     6.317 r  u_warp_collective_core/u_reduce_f32_add/u_aec_fp32_fma/inst/i_synth/FMA_OP.OP/addsub/add/ALIGN_BLK/FRAC_ADDSUB/LOGIC_ADD.FRAC_ADDSUB/STRUCT_ADD2.ADD1/CHAIN_GEN[5].C_MUX.CARRY_MUX_CARRY4_CARRY8/CO[7]
                         net (fo=1, unplaced)         0.005     6.322    u_warp_collective_core/u_reduce_f32_add/u_aec_fp32_fma/inst/i_synth/FMA_OP.OP/addsub/add/ALIGN_BLK/FRAC_ADDSUB/LOGIC_ADD.FRAC_ADDSUB/STRUCT_ADD2.ADD1/CHAIN_GEN[12].C_MUX.CARRY_MUX_n_0
                         CARRY8 (Prop_CARRY8_CI_CO[7])
                                                      0.022     6.344 r  u_warp_collective_core/u_reduce_f32_add/u_aec_fp32_fma/inst/i_synth/FMA_OP.OP/addsub/add/ALIGN_BLK/FRAC_ADDSUB/LOGIC_ADD.FRAC_ADDSUB/STRUCT_ADD2.ADD1/CHAIN_GEN[13].C_MUX.CARRY_MUX_CARRY4_CARRY8/CO[7]
                         net (fo=1, unplaced)         0.005     6.349    u_warp_collective_core/u_reduce_f32_add/u_aec_fp32_fma/inst/i_synth/FMA_OP.OP/addsub/add/ALIGN_BLK/FRAC_ADDSUB/LOGIC_ADD.FRAC_ADDSUB/STRUCT_ADD2.ADD1/CHAIN_GEN[20].C_MUX.CARRY_MUX_n_0
                         CARRY8 (Prop_CARRY8_CI_O[4])
                                                      0.086     6.435 f  u_warp_collective_core/u_reduce_f32_add/u_aec_fp32_fma/inst/i_synth/FMA_OP.OP/addsub/add/ALIGN_BLK/FRAC_ADDSUB/LOGIC_ADD.FRAC_ADDSUB/STRUCT_ADD2.ADD1/CHAIN_GEN[21].C_MUX.CARRY_MUX_CARRY4_CARRY8/O[4]
                         net (fo=4, unplaced)         0.197     6.632    u_warp_collective_core/u_reduce_f32_add/u_aec_fp32_fma/inst/i_synth/FMA_OP.OP/addsub/add/ALIGN_BLK/FRAC_ADDSUB/LOGIC_ADD.FRAC_ADDSUB/STRUCT_ADD2.ADD1/Q[17]
                         LUT4 (Prop_LUT4_I0_O)        0.100     6.732 r  u_warp_collective_core/u_reduce_f32_add/u_aec_fp32_fma/inst/i_synth/FMA_OP.OP/addsub/add/ALIGN_BLK/FRAC_ADDSUB/LOGIC_ADD.FRAC_ADDSUB/STRUCT_ADD2.ADD1/CHAIN_GEN[0].C_MUX.CARRY_MUX_i_1__7/O
                         net (fo=1, unplaced)         0.020     6.752    u_warp_collective_core/u_reduce_f32_add/u_aec_fp32_fma/inst/i_synth/FMA_OP.OP/addsub/add/NORM/LZE/ZERO_DET_CC_1/chunk_is_zero[0]
                         CARRY8 (Prop_CARRY8_S[0]_CO[7])
                                                      0.199     6.951 r  u_warp_collective_core/u_reduce_f32_add/u_aec_fp32_fma/inst/i_synth/FMA_OP.OP/addsub/add/NORM/LZE/ZERO_DET_CC_1/CHAIN_GEN[0].C_MUX.CARRY_MUX_CARRY4_CARRY8/CO[7]
                         net (fo=68, unplaced)        0.290     7.241    u_warp_collective_core/u_reduce_f32_add/u_aec_fp32_fma/inst/i_synth/FMA_OP.OP/addsub/add/NORM/LZE/ZERO_DET_CC_1/CARRYS_OUT[1]
                         LUT6 (Prop_LUT6_I4_O)        0.038     7.279 r  u_warp_collective_core/u_reduce_f32_add/u_aec_fp32_fma/inst/i_synth/FMA_OP.OP/addsub/add/NORM/LZE/ZERO_DET_CC_1/CHAIN_GEN[1].C_MUX.CARRY_MUX_i_2__4/O
                         net (fo=60, unplaced)        0.215     7.494    u_warp_collective_core/u_reduce_f32_add/u_aec_fp32_fma/inst/i_synth/FMA_OP.OP/addsub/add/ALIGN_BLK/FRAC_ADDSUB/LOGIC_ADD.FRAC_ADDSUB/STRUCT_ADD1.ADD1/norm_dist[1]
                         LUT5 (Prop_LUT5_I1_O)        0.100     7.594 r  u_warp_collective_core/u_reduce_f32_add/u_aec_fp32_fma/inst/i_synth/FMA_OP.OP/addsub/add/ALIGN_BLK/FRAC_ADDSUB/LOGIC_ADD.FRAC_ADDSUB/STRUCT_ADD1.ADD1/norm_exp_carry_i_12/O
                         net (fo=1, unplaced)         0.141     7.735    u_warp_collective_core/u_reduce_f32_add/u_aec_fp32_fma/inst/i_synth/FMA_OP.OP/addsub/add/ALIGN_BLK/FRAC_ADDSUB/LOGIC_ADD.FRAC_ADDSUB/STRUCT_ADD2.ADD1/RESULT_REG.NORMAL.mant_op[21]_i_12
                         LUT6 (Prop_LUT6_I1_O)        0.100     7.835 r  u_warp_collective_core/u_reduce_f32_add/u_aec_fp32_fma/inst/i_synth/FMA_OP.OP/addsub/add/ALIGN_BLK/FRAC_ADDSUB/LOGIC_ADD.FRAC_ADDSUB/STRUCT_ADD2.ADD1/norm_exp_carry_i_9/O
                         net (fo=7, unplaced)         0.210     8.045    u_warp_collective_core/u_reduce_f32_add/u_aec_fp32_fma/inst/i_synth/FMA_OP.OP/addsub/add/EXP/EXP_OFF.STRUCT_ADD/norm_dist[1]
                         LUT2 (Prop_LUT2_I1_O)        0.037     8.082 r  u_warp_collective_core/u_reduce_f32_add/u_aec_fp32_fma/inst/i_synth/FMA_OP.OP/addsub/add/EXP/EXP_OFF.STRUCT_ADD/norm_exp_carry_i_7/O
                         net (fo=1, unplaced)         0.023     8.105    u_warp_collective_core/u_reduce_f32_add/u_aec_fp32_fma/inst/i_synth/FMA_OP.OP/addsub/add/EXP/EXP_OFF.STRUCT_ADD_n_5
                         CARRY8 (Prop_CARRY8_S[1]_O[6])
                                                      0.224     8.329 r  u_warp_collective_core/u_reduce_f32_add/u_aec_fp32_fma/inst/i_synth/FMA_OP.OP/addsub/add/EXP/norm_exp_carry/O[6]
                         net (fo=4, unplaced)         0.103     8.432    u_warp_collective_core/u_reduce_f32_add/u_aec_fp32_fma/inst/i_synth/FMA_OP.OP/addsub/add/EXP/exp_op[6]
                         LUT4 (Prop_LUT4_I0_O)        0.139     8.571 r  u_warp_collective_core/u_reduce_f32_add/u_aec_fp32_fma/inst/i_synth/FMA_OP.OP/addsub/add/EXP/RESULT_REG.NORMAL.mant_op[21]_i_22/O
                         net (fo=2, unplaced)         0.185     8.756    u_warp_collective_core/u_reduce_f32_add/u_aec_fp32_fma/inst/i_synth/FMA_OP.OP/addsub/add/EXP/EXP_OFF.STRUCT_ADD/RESULT_REG.NORMAL.mant_op[21]_i_5_0
                         LUT6 (Prop_LUT6_I2_O)        0.038     8.794 r  u_warp_collective_core/u_reduce_f32_add/u_aec_fp32_fma/inst/i_synth/FMA_OP.OP/addsub/add/EXP/EXP_OFF.STRUCT_ADD/RESULT_REG.NORMAL.mant_op[21]_i_17/O
                         net (fo=4, unplaced)         0.152     8.946    u_warp_collective_core/u_reduce_f32_add/u_aec_fp32_fma/inst/i_synth/FMA_OP.OP/addsub/add/EXP/EXP_OFF.STRUCT_ADD/conv_exp.downsize_exp/exp_flt_all_one_rnd
                         LUT3 (Prop_LUT3_I0_O)        0.112     9.058 r  u_warp_collective_core/u_reduce_f32_add/u_aec_fp32_fma/inst/i_synth/FMA_OP.OP/addsub/add/EXP/EXP_OFF.STRUCT_ADD/RESULT_REG.NORMAL.mant_op[22]_i_2/O
                         net (fo=6, unplaced)         0.207     9.265    u_warp_collective_core/u_reduce_f32_add/u_aec_fp32_fma/inst/i_synth/FMA_OP.OP/addsub/add/EXP/EXP_OFF.STRUCT_ADD/conv_exp.downsize_exp/state_rnd__5[0]
                         LUT3 (Prop_LUT3_I2_O)        0.038     9.303 r  u_warp_collective_core/u_reduce_f32_add/u_aec_fp32_fma/inst/i_synth/FMA_OP.OP/addsub/add/EXP/EXP_OFF.STRUCT_ADD/RESULT_REG.NORMAL.exp_op[2]_i_2/O
                         net (fo=5, unplaced)         0.203     9.506    u_warp_collective_core/u_reduce_f32_add/u_aec_fp32_fma/inst/i_synth/FMA_OP.OP/addsub/add/EXP/EXP_OFF.STRUCT_ADD/op_state[0]
                         LUT6 (Prop_LUT6_I4_O)        0.038     9.544 r  u_warp_collective_core/u_reduce_f32_add/u_aec_fp32_fma/inst/i_synth/FMA_OP.OP/addsub/add/EXP/EXP_OFF.STRUCT_ADD/RESULT_REG.NORMAL.mant_op[21]_i_1/O
                         net (fo=22, unplaced)        0.237     9.781    u_warp_collective_core/u_reduce_f32_add/u_aec_fp32_fma/inst/i_synth/FMA_OP.OP/addsub/add/OP/RESULT_REG.NORMAL.mant_op_reg[21]_0
                         FDRE                                         r  u_warp_collective_core/u_reduce_f32_add/u_aec_fp32_fma/inst/i_synth/FMA_OP.OP/addsub/add/OP/RESULT_REG.NORMAL.mant_op_reg[19]/R
  -------------------------------------------------------------------    -------------------

                         (clock clk_i rise edge)      5.556     5.556 r  
                                                      0.000     5.556 r  clk_i (IN)
                         net (fo=37177, unset)        0.020     5.576    u_warp_collective_core/u_reduce_f32_add/u_aec_fp32_fma/inst/i_synth/FMA_OP.OP/addsub/add/OP/aclk
                         FDRE                                         r  u_warp_collective_core/u_reduce_f32_add/u_aec_fp32_fma/inst/i_synth/FMA_OP.OP/addsub/add/OP/RESULT_REG.NORMAL.mant_op_reg[19]/C
                         clock pessimism              0.000     5.576    
                         clock uncertainty           -0.035     5.541    
                         FDRE (Setup_FDRE_C_R)       -0.074     5.467    u_warp_collective_core/u_reduce_f32_add/u_aec_fp32_fma/inst/i_synth/FMA_OP.OP/addsub/add/OP/RESULT_REG.NORMAL.mant_op_reg[19]
  -------------------------------------------------------------------
                         required time                          5.467    
                         arrival time                          -9.781    
  -------------------------------------------------------------------
                         slack                                 -4.314    

Slack (VIOLATED) :        -4.314ns  (required time - arrival time)
  Source:                 u_warp_collective_core/lane_val_q_reg[6][10]/C
                            (rising edge-triggered cell FDCE clocked by clk_i  {rise@0.000ns fall@2.778ns period=5.556ns})
  Destination:            u_warp_collective_core/u_reduce_f32_add/u_aec_fp32_fma/inst/i_synth/FMA_OP.OP/addsub/add/OP/RESULT_REG.NORMAL.mant_op_reg[1]/R
                            (rising edge-triggered cell FDRE clocked by clk_i  {rise@0.000ns fall@2.778ns period=5.556ns})
  Path Group:             clk_i
  Path Type:              Setup (Max at Slow Process Corner)
  Requirement:            5.556ns  (clk_i rise@5.556ns - clk_i rise@0.000ns)
  Data Path Delay:        9.753ns  (logic 5.150ns (52.804%)  route 4.603ns (47.196%))
  Logic Levels:           44  (CARRY8=13 DSP_A_B_DATA=1 DSP_ALU=2 DSP_M_DATA=1 DSP_MULTIPLIER=1 DSP_OUTPUT=2 DSP_PREADD_DATA=1 LUT2=1 LUT3=2 LUT4=5 LUT5=2 LUT6=9 MUXF7=2 MUXF8=2)
  Clock Path Skew:        -0.008ns (DCD - SCD + CPR)
    Destination Clock Delay (DCD):    0.020ns = ( 5.576 - 5.556 ) 
    Source Clock Delay      (SCD):    0.028ns
    Clock Pessimism Removal (CPR):    0.000ns
  Clock Uncertainty:      0.035ns  ((TSJ^2 + TIJ^2)^1/2 + DJ) / 2 + PE
    Total System Jitter     (TSJ):    0.071ns
    Total Input Jitter      (TIJ):    0.000ns
    Discrete Jitter          (DJ):    0.000ns
    Phase Error              (PE):    0.000ns

    Location             Delay type                Incr(ns)  Path(ns)    Netlist Resource(s)
  -------------------------------------------------------------------    -------------------
                         (clock clk_i rise edge)      0.000     0.000 r  
                                                      0.000     0.000 r  clk_i (IN)
                         net (fo=37177, unset)        0.028     0.028    u_warp_collective_core/clk_i
                         FDCE                                         r  u_warp_collective_core/lane_val_q_reg[6][10]/C
  -------------------------------------------------------------------    -------------------
                         FDCE (Prop_FDCE_C_Q)         0.077     0.105 f  u_warp_collective_core/lane_val_q_reg[6][10]/Q
                         net (fo=35, unplaced)        0.216     0.321    u_warp_collective_core/u_reduce_f32_add/u_aec_fp32_fma_i_66_0[10]
                         LUT6 (Prop_LUT6_I0_O)        0.145     0.466 f  u_warp_collective_core/u_reduce_f32_add/u_aec_fp32_fma_i_344/O
                         net (fo=1, unplaced)         0.032     0.498    u_warp_collective_core/u_reduce_f32_add/u_aec_fp32_fma_i_344_n_0
                         MUXF7 (Prop_MUXF7_I0_O)      0.069     0.567 f  u_warp_collective_core/u_reduce_f32_add/u_aec_fp32_fma_i_108/O
                         net (fo=1, unplaced)         0.000     0.567    u_warp_collective_core/u_reduce_f32_add/u_aec_fp32_fma_i_108_n_0
                         MUXF8 (Prop_MUXF8_I0_O)      0.030     0.597 f  u_warp_collective_core/u_reduce_f32_add/u_aec_fp32_fma_i_23/O
                         net (fo=11, unplaced)        0.244     0.841    u_warp_collective_core/u_reduce_f32_add/u_aec_fp32_fma/inst/i_synth/FMA_OP.OP/mul/MULT/gDSP.gDSP_only.iDSP/use_prim.appDSP48[0].bppDSP48[0].use_dsp.use_dsp48e2.iDSP48E2/B[10]
                         DSP_A_B_DATA (Prop_DSP_A_B_DATA_B[10]_B2_DATA[10])
                                                      0.151     0.992 r  u_warp_collective_core/u_reduce_f32_add/u_aec_fp32_fma/inst/i_synth/FMA_OP.OP/mul/MULT/gDSP.gDSP_only.iDSP/use_prim.appDSP48[0].bppDSP48[0].use_dsp.use_dsp48e2.iDSP48E2/DSP_A_B_DATA_INST/B2_DATA[10]
                         net (fo=1, unplaced)         0.000     0.992    u_warp_collective_core/u_reduce_f32_add/u_aec_fp32_fma/inst/i_synth/FMA_OP.OP/mul/MULT/gDSP.gDSP_only.iDSP/use_prim.appDSP48[0].bppDSP48[0].use_dsp.use_dsp48e2.iDSP48E2/DSP_A_B_DATA.B2_DATA<10>
                         DSP_PREADD_DATA (Prop_DSP_PREADD_DATA_B2_DATA[10]_B2B1[10])
                                                      0.073     1.065 r  u_warp_collective_core/u_reduce_f32_add/u_aec_fp32_fma/inst/i_synth/FMA_OP.OP/mul/MULT/gDSP.gDSP_only.iDSP/use_prim.appDSP48[0].bppDSP48[0].use_dsp.use_dsp48e2.iDSP48E2/DSP_PREADD_DATA_INST/B2B1[10]
                         net (fo=1, unplaced)         0.000     1.065    u_warp_collective_core/u_reduce_f32_add/u_aec_fp32_fma/inst/i_synth/FMA_OP.OP/mul/MULT/gDSP.gDSP_only.iDSP/use_prim.appDSP48[0].bppDSP48[0].use_dsp.use_dsp48e2.iDSP48E2/DSP_PREADD_DATA.B2B1<10>
                         DSP_MULTIPLIER (Prop_DSP_MULTIPLIER_B2B1[10]_V[39])
                                                      0.609     1.674 f  u_warp_collective_core/u_reduce_f32_add/u_aec_fp32_fma/inst/i_synth/FMA_OP.OP/mul/MULT/gDSP.gDSP_only.iDSP/use_prim.appDSP48[0].bppDSP48[0].use_dsp.use_dsp48e2.iDSP48E2/DSP_MULTIPLIER_INST/V[39]
                         net (fo=1, unplaced)         0.000     1.674    u_warp_collective_core/u_reduce_f32_add/u_aec_fp32_fma/inst/i_synth/FMA_OP.OP/mul/MULT/gDSP.gDSP_only.iDSP/use_prim.appDSP48[0].bppDSP48[0].use_dsp.use_dsp48e2.iDSP48E2/DSP_MULTIPLIER.V<39>
                         DSP_M_DATA (Prop_DSP_M_DATA_V[39]_V_DATA[39])
                                                      0.046     1.720 r  u_warp_collective_core/u_reduce_f32_add/u_aec_fp32_fma/inst/i_synth/FMA_OP.OP/mul/MULT/gDSP.gDSP_only.iDSP/use_prim.appDSP48[0].bppDSP48[0].use_dsp.use_dsp48e2.iDSP48E2/DSP_M_DATA_INST/V_DATA[39]
                         net (fo=1, unplaced)         0.000     1.720    u_warp_collective_core/u_reduce_f32_add/u_aec_fp32_fma/inst/i_synth/FMA_OP.OP/mul/MULT/gDSP.gDSP_only.iDSP/use_prim.appDSP48[0].bppDSP48[0].use_dsp.use_dsp48e2.iDSP48E2/DSP_M_DATA.V_DATA<39>
                         DSP_ALU (Prop_DSP_ALU_V_DATA[39]_ALU_OUT[47])
                                                      0.571     2.291 f  u_warp_collective_core/u_reduce_f32_add/u_aec_fp32_fma/inst/i_synth/FMA_OP.OP/mul/MULT/gDSP.gDSP_only.iDSP/use_prim.appDSP48[0].bppDSP48[0].use_dsp.use_dsp48e2.iDSP48E2/DSP_ALU_INST/ALU_OUT[47]
                         net (fo=1, unplaced)         0.000     2.291    u_warp_collective_core/u_reduce_f32_add/u_aec_fp32_fma/inst/i_synth/FMA_OP.OP/mul/MULT/gDSP.gDSP_only.iDSP/use_prim.appDSP48[0].bppDSP48[0].use_dsp.use_dsp48e2.iDSP48E2/DSP_ALU.ALU_OUT<47>
                         DSP_OUTPUT (Prop_DSP_OUTPUT_ALU_OUT[47]_PCOUT[47])
                                                      0.122     2.413 r  u_warp_collective_core/u_reduce_f32_add/u_aec_fp32_fma/inst/i_synth/FMA_OP.OP/mul/MULT/gDSP.gDSP_only.iDSP/use_prim.appDSP48[0].bppDSP48[0].use_dsp.use_dsp48e2.iDSP48E2/DSP_OUTPUT_INST/PCOUT[47]
                         net (fo=1, unplaced)         0.014     2.427    u_warp_collective_core/u_reduce_f32_add/u_aec_fp32_fma/inst/i_synth/FMA_OP.OP/mul/MULT/gDSP.gDSP_only.iDSP/use_prim.appDSP48[0].bppDSP48[1].use_dsp.use_dsp48e2.iDSP48E2/PCIN[47]
                         DSP_ALU (Prop_DSP_ALU_PCIN[47]_ALU_OUT[15])
                                                      0.546     2.973 f  u_warp_collective_core/u_reduce_f32_add/u_aec_fp32_fma/inst/i_synth/FMA_OP.OP/mul/MULT/gDSP.gDSP_only.iDSP/use_prim.appDSP48[0].bppDSP48[1].use_dsp.use_dsp48e2.iDSP48E2/DSP_ALU_INST/ALU_OUT[15]
                         net (fo=1, unplaced)         0.000     2.973    u_warp_collective_core/u_reduce_f32_add/u_aec_fp32_fma/inst/i_synth/FMA_OP.OP/mul/MULT/gDSP.gDSP_only.iDSP/use_prim.appDSP48[0].bppDSP48[1].use_dsp.use_dsp48e2.iDSP48E2/DSP_ALU.ALU_OUT<15>
                         DSP_OUTPUT (Prop_DSP_OUTPUT_ALU_OUT[15]_P[15])
                                                      0.109     3.082 r  u_warp_collective_core/u_reduce_f32_add/u_aec_fp32_fma/inst/i_synth/FMA_OP.OP/mul/MULT/gDSP.gDSP_only.iDSP/use_prim.appDSP48[0].bppDSP48[1].use_dsp.use_dsp48e2.iDSP48E2/DSP_OUTPUT_INST/P[15]
                         net (fo=8, unplaced)         0.236     3.318    u_warp_collective_core/u_reduce_f32_add/u_aec_fp32_fma/inst/i_synth/FMA_OP.OP/mul/mul_result_wide[32]
                         LUT4 (Prop_LUT4_I1_O)        0.139     3.457 f  u_warp_collective_core/u_reduce_f32_add/u_aec_fp32_fma/inst/i_synth/FMA_OP.OP/mul/CHAIN_GEN[16].C_MUX.CARRY_MUX_i_2__2/O
                         net (fo=1, unplaced)         0.242     3.699    u_warp_collective_core/u_reduce_f32_add/u_aec_fp32_fma/inst/i_synth/FMA_OP.OP/addsub/add/EXP/NUMB_CMP1/NOT_FAST.CMP/C_CHAIN/CHAIN_GEN[23].C_MUX.CARRY_MUX_1[4]
                         CARRY8 (Prop_CARRY8_DI[0]_CO[7])
                                                      0.140     3.839 f  u_warp_collective_core/u_reduce_f32_add/u_aec_fp32_fma/inst/i_synth/FMA_OP.OP/addsub/add/EXP/NUMB_CMP1/NOT_FAST.CMP/C_CHAIN/CHAIN_GEN[16].C_MUX.CARRY_MUX_CARRY4_CARRY8/CO[7]
                         net (fo=1, unplaced)         0.005     3.844    u_warp_collective_core/u_reduce_f32_add/u_aec_fp32_fma/inst/i_synth/FMA_OP.OP/addsub/add/EXP/NUMB_CMP1/NOT_FAST.CMP/C_CHAIN/CHAIN_GEN[23].C_MUX.CARRY_MUX_n_0
                         CARRY8 (Prop_CARRY8_CI_CO[4])
                                                      0.092     3.936 f  u_warp_collective_core/u_reduce_f32_add/u_aec_fp32_fma/inst/i_synth/FMA_OP.OP/addsub/add/EXP/NUMB_CMP1/NOT_FAST.CMP/C_CHAIN/CHAIN_GEN[24].C_MUX.CARRY_MUX_CARRY4_CARRY8/CO[4]
                         net (fo=2, unplaced)         0.183     4.119    u_warp_collective_core/u_reduce_f32_add/u_aec_fp32_fma/inst/i_synth/FMA_OP.OP/addsub/add/EXP/NUMB_CMP0/NOT_FAST.CMP/C_CHAIN/CHAIN_GEN[0].C_MUX.CARRY_MUX_1[0]
                         LUT5 (Prop_LUT5_I4_O)        0.038     4.157 f  u_warp_collective_core/u_reduce_f32_add/u_aec_fp32_fma/inst/i_synth/FMA_OP.OP/addsub/add/EXP/NUMB_CMP0/NOT_FAST.CMP/C_CHAIN/CHAIN_GEN[0].C_MUX.CARRY_MUX_i_2__7/O
                         net (fo=52, unplaced)        0.256     4.413    u_warp_collective_core/u_reduce_f32_add/u_aec_fp32_fma/inst/i_synth/FMA_OP.OP/mul/b_largest
                         LUT6 (Prop_LUT6_I4_O)        0.038     4.451 f  u_warp_collective_core/u_reduce_f32_add/u_aec_fp32_fma/inst/i_synth/FMA_OP.OP/mul/CHAIN_GEN[1].C_MUX.CARRY_MUX_i_2__0/O
                         net (fo=3, unplaced)         0.147     4.598    u_warp_collective_core/u_reduce_f32_add/u_aec_fp32_fma/inst/i_synth/FMA_OP.OP/mul/sml_shift_mux__95[4]
                         LUT4 (Prop_LUT4_I0_O)        0.100     4.698 r  u_warp_collective_core/u_reduce_f32_add/u_aec_fp32_fma/inst/i_synth/FMA_OP.OP/mul/CHAIN_GEN[1].C_MUX.CARRY_MUX_i_1__2/O
                         net (fo=1, unplaced)         0.023     4.721    u_warp_collective_core/u_reduce_f32_add/u_aec_fp32_fma/inst/i_synth/FMA_OP.OP/addsub/add/ALIGN_BLK/aligner.ALIGN_SHIFT/ALIGN_Z_D/EQ_ZERO/CARRY_ZERO_DET/CHAIN_GEN[11].C_MUX.CARRY_MUX_0[1]
                         CARRY8 (Prop_CARRY8_S[1]_CO[7])
                                                      0.197     4.918 r  u_warp_collective_core/u_reduce_f32_add/u_aec_fp32_fma/inst/i_synth/FMA_OP.OP/addsub/add/ALIGN_BLK/aligner.ALIGN_SHIFT/ALIGN_Z_D/EQ_ZERO/CARRY_ZERO_DET/CHAIN_GEN[0].C_MUX.CARRY_MUX_CARRY4_CARRY8/CO[7]
                         net (fo=2, unplaced)         0.005     4.923    u_warp_collective_core/u_reduce_f32_add/u_aec_fp32_fma/inst/i_synth/FMA_OP.OP/addsub/add/ALIGN_BLK/aligner.ALIGN_SHIFT/ALIGN_Z_D/EQ_ZERO/CARRY_ZERO_DET/CARRYS_OUT[7]
                         CARRY8 (Prop_CARRY8_CI_CO[2])
                                                      0.057     4.980 r  u_warp_collective_core/u_reduce_f32_add/u_aec_fp32_fma/inst/i_synth/FMA_OP.OP/addsub/add/ALIGN_BLK/aligner.ALIGN_SHIFT/ALIGN_Z_D/EQ_ZERO/CARRY_ZERO_DET/CHAIN_GEN[8].C_MUX.CARRY_MUX_CARRY4_CARRY8/CO[2]
                         net (fo=1, unplaced)         0.185     5.165    u_warp_collective_core/u_reduce_f32_add/u_aec_fp32_fma/inst/i_synth/FMA_OP.OP/addsub/add/EXP/bma_exp_cc/CARRYS_OUT[10]
                         LUT6 (Prop_LUT6_I0_O)        0.038     5.203 r  u_warp_collective_core/u_reduce_f32_add/u_aec_fp32_fma/inst/i_synth/FMA_OP.OP/addsub/add/EXP/bma_exp_cc/MUX_LOOP[2].OTHER_LEVELS.DO_CHUNKS[0].LUT6_STRUCT_MUX.MUX1_i_7/O
                         net (fo=1, unplaced)         0.185     5.388    u_warp_collective_core/u_reduce_f32_add/u_aec_fp32_fma/inst/i_synth/FMA_OP.OP/addsub/add/EXP/bma_exp_cc/MUX_LOOP[2].OTHER_LEVELS.DO_CHUNKS[0].LUT6_STRUCT_MUX.MUX1_i_7_n_0
                         LUT6 (Prop_LUT6_I5_O)        0.038     5.426 r  u_warp_collective_core/u_reduce_f32_add/u_aec_fp32_fma/inst/i_synth/FMA_OP.OP/addsub/add/EXP/bma_exp_cc/MUX_LOOP[2].OTHER_LEVELS.DO_CHUNKS[0].LUT6_STRUCT_MUX.MUX1_i_3/O
                         net (fo=1, unplaced)         0.185     5.611    u_warp_collective_core/u_reduce_f32_add/u_aec_fp32_fma/inst/i_synth/FMA_OP.OP/addsub/add/EXP/bma_exp_cc/MUX_LOOP[2].OTHER_LEVELS.DO_CHUNKS[0].LUT6_STRUCT_MUX.MUX1_i_3_n_0
                         LUT6 (Prop_LUT6_I0_O)        0.037     5.648 r  u_warp_collective_core/u_reduce_f32_add/u_aec_fp32_fma/inst/i_synth/FMA_OP.OP/addsub/add/EXP/bma_exp_cc/MUX_LOOP[2].OTHER_LEVELS.DO_CHUNKS[0].LUT6_STRUCT_MUX.MUX1_i_1/O
                         net (fo=1, unplaced)         0.024     5.672    u_warp_collective_core/u_reduce_f32_add/u_aec_fp32_fma/inst/i_synth/FMA_OP.OP/addsub/add/ALIGN_BLK/aligner.ALIGN_SHIFT/ALIGN_Z_D/zero_det_unreg[1]_0[2]
                         MUXF7 (Prop_MUXF7_I0_O)      0.067     5.739 r  u_warp_collective_core/u_reduce_f32_add/u_aec_fp32_fma/inst/i_synth/FMA_OP.OP/addsub/add/ALIGN_BLK/aligner.ALIGN_SHIFT/ALIGN_Z_D/MUX_LOOP[2].OTHER_LEVELS.DO_CHUNKS[0].LUT6_STRUCT_MUX.MUX1/O
                         net (fo=1, unplaced)         0.000     5.739    u_warp_collective_core/u_reduce_f32_add/u_aec_fp32_fma/inst/i_synth/FMA_OP.OP/addsub/add/ALIGN_BLK/aligner.ALIGN_SHIFT/ALIGN_Z_D/MUX_LOOP[2].OTHER_LEVELS.DO_CHUNKS[0].LUT6_STRUCT_MUX.mux0_1
                         MUXF8 (Prop_MUXF8_I1_O)      0.028     5.767 r  u_warp_collective_core/u_reduce_f32_add/u_aec_fp32_fma/inst/i_synth/FMA_OP.OP/addsub/add/ALIGN_BLK/aligner.ALIGN_SHIFT/ALIGN_Z_D/MUX_LOOP[2].OTHER_LEVELS.DO_CHUNKS[0].LUT6_STRUCT_MUX.MUX2/O
                         net (fo=2, unplaced)         0.185     5.952    u_warp_collective_core/u_reduce_f32_add/u_aec_fp32_fma/inst/i_synth/FMA_OP.OP/addsub/add/ALIGN_BLK/aligner.ALIGN_SHIFT/ALIGN_Z_D/zeros_z_det_a
                         LUT4 (Prop_LUT4_I1_O)        0.037     5.989 r  u_warp_collective_core/u_reduce_f32_add/u_aec_fp32_fma/inst/i_synth/FMA_OP.OP/addsub/add/ALIGN_BLK/aligner.ALIGN_SHIFT/ALIGN_Z_D/STRUCT_ADD1.CARRY_MUX2_i_1/O
                         net (fo=1, unplaced)         0.023     6.012    u_warp_collective_core/u_reduce_f32_add/u_aec_fp32_fma/inst/i_synth/FMA_OP.OP/addsub/add/ALIGN_BLK/FRAC_ADDSUB/LOGIC_ADD.FRAC_ADDSUB/STRUCT_ADD1.CARRY_MUX2_0
                         CARRY8 (Prop_CARRY8_S[1]_CO[7])
                                                      0.197     6.209 r  u_warp_collective_core/u_reduce_f32_add/u_aec_fp32_fma/inst/i_synth/FMA_OP.OP/addsub/add/ALIGN_BLK/FRAC_ADDSUB/LOGIC_ADD.FRAC_ADDSUB/STRUCT_ADD1.CARRY_MUX1_CARRY4_CARRY8/CO[7]
                         net (fo=1, unplaced)         0.005     6.214    u_warp_collective_core/u_reduce_f32_add/u_aec_fp32_fma/inst/i_synth/FMA_OP.OP/addsub/add/ALIGN_BLK/FRAC_ADDSUB/LOGIC_ADD.FRAC_ADDSUB/STRUCT_ADD1.ADD1/CHAIN_GEN[5].C_MUX.CARRY_MUX_n_0
                         CARRY8 (Prop_CARRY8_CI_CO[7])
                                                      0.022     6.236 r  u_warp_collective_core/u_reduce_f32_add/u_aec_fp32_fma/inst/i_synth/FMA_OP.OP/addsub/add/ALIGN_BLK/FRAC_ADDSUB/LOGIC_ADD.FRAC_ADDSUB/STRUCT_ADD1.ADD1/CHAIN_GEN[6].C_MUX.CARRY_MUX_CARRY4_CARRY8/CO[7]
                         net (fo=1, unplaced)         0.005     6.241    u_warp_collective_core/u_reduce_f32_add/u_aec_fp32_fma/inst/i_synth/FMA_OP.OP/addsub/add/ALIGN_BLK/FRAC_ADDSUB/LOGIC_ADD.FRAC_ADDSUB/STRUCT_ADD1.ADD1/CHAIN_GEN[13].C_MUX.CARRY_MUX_n_0
                         CARRY8 (Prop_CARRY8_CI_CO[7])
                                                      0.022     6.263 r  u_warp_collective_core/u_reduce_f32_add/u_aec_fp32_fma/inst/i_synth/FMA_OP.OP/addsub/add/ALIGN_BLK/FRAC_ADDSUB/LOGIC_ADD.FRAC_ADDSUB/STRUCT_ADD1.ADD1/CHAIN_GEN[14].C_MUX.CARRY_MUX_CARRY4_CARRY8/CO[7]
                         net (fo=1, unplaced)         0.005     6.268    u_warp_collective_core/u_reduce_f32_add/u_aec_fp32_fma/inst/i_synth/FMA_OP.OP/addsub/add/ALIGN_BLK/FRAC_ADDSUB/LOGIC_ADD.FRAC_ADDSUB/STRUCT_ADD1.ADD1/CHAIN_GEN[21].C_MUX.CARRY_MUX_n_0
                         CARRY8 (Prop_CARRY8_CI_CO[7])
                                                      0.022     6.290 r  u_warp_collective_core/u_reduce_f32_add/u_aec_fp32_fma/inst/i_synth/FMA_OP.OP/addsub/add/ALIGN_BLK/FRAC_ADDSUB/LOGIC_ADD.FRAC_ADDSUB/STRUCT_ADD1.ADD1/CHAIN_GEN[22].C_MUX.CARRY_MUX_CARRY4_CARRY8/CO[7]
                         net (fo=1, unplaced)         0.005     6.295    u_warp_collective_core/u_reduce_f32_add/u_aec_fp32_fma/inst/i_synth/FMA_OP.OP/addsub/add/ALIGN_BLK/FRAC_ADDSUB/LOGIC_ADD.FRAC_ADDSUB/STRUCT_ADD2.ADD1/CHAIN_GEN[4].C_MUX.CARRY_MUX_n_0
                         CARRY8 (Prop_CARRY8_CI_CO[7])
                                                      0.022     6.317 r  u_warp_collective_core/u_reduce_f32_add/u_aec_fp32_fma/inst/i_synth/FMA_OP.OP/addsub/add/ALIGN_BLK/FRAC_ADDSUB/LOGIC_ADD.FRAC_ADDSUB/STRUCT_ADD2.ADD1/CHAIN_GEN[5].C_MUX.CARRY_MUX_CARRY4_CARRY8/CO[7]
                         net (fo=1, unplaced)         0.005     6.322    u_warp_collective_core/u_reduce_f32_add/u_aec_fp32_fma/inst/i_synth/FMA_OP.OP/addsub/add/ALIGN_BLK/FRAC_ADDSUB/LOGIC_ADD.FRAC_ADDSUB/STRUCT_ADD2.ADD1/CHAIN_GEN[12].C_MUX.CARRY_MUX_n_0
                         CARRY8 (Prop_CARRY8_CI_CO[7])
                                                      0.022     6.344 r  u_warp_collective_core/u_reduce_f32_add/u_aec_fp32_fma/inst/i_synth/FMA_OP.OP/addsub/add/ALIGN_BLK/FRAC_ADDSUB/LOGIC_ADD.FRAC_ADDSUB/STRUCT_ADD2.ADD1/CHAIN_GEN[13].C_MUX.CARRY_MUX_CARRY4_CARRY8/CO[7]
                         net (fo=1, unplaced)         0.005     6.349    u_warp_collective_core/u_reduce_f32_add/u_aec_fp32_fma/inst/i_synth/FMA_OP.OP/addsub/add/ALIGN_BLK/FRAC_ADDSUB/LOGIC_ADD.FRAC_ADDSUB/STRUCT_ADD2.ADD1/CHAIN_GEN[20].C_MUX.CARRY_MUX_n_0
                         CARRY8 (Prop_CARRY8_CI_O[4])
                                                      0.086     6.435 f  u_warp_collective_core/u_reduce_f32_add/u_aec_fp32_fma/inst/i_synth/FMA_OP.OP/addsub/add/ALIGN_BLK/FRAC_ADDSUB/LOGIC_ADD.FRAC_ADDSUB/STRUCT_ADD2.ADD1/CHAIN_GEN[21].C_MUX.CARRY_MUX_CARRY4_CARRY8/O[4]
                         net (fo=4, unplaced)         0.197     6.632    u_warp_collective_core/u_reduce_f32_add/u_aec_fp32_fma/inst/i_synth/FMA_OP.OP/addsub/add/ALIGN_BLK/FRAC_ADDSUB/LOGIC_ADD.FRAC_ADDSUB/STRUCT_ADD2.ADD1/Q[17]
                         LUT4 (Prop_LUT4_I0_O)        0.100     6.732 r  u_warp_collective_core/u_reduce_f32_add/u_aec_fp32_fma/inst/i_synth/FMA_OP.OP/addsub/add/ALIGN_BLK/FRAC_ADDSUB/LOGIC_ADD.FRAC_ADDSUB/STRUCT_ADD2.ADD1/CHAIN_GEN[0].C_MUX.CARRY_MUX_i_1__7/O
                         net (fo=1, unplaced)         0.020     6.752    u_warp_collective_core/u_reduce_f32_add/u_aec_fp32_fma/inst/i_synth/FMA_OP.OP/addsub/add/NORM/LZE/ZERO_DET_CC_1/chunk_is_zero[0]
                         CARRY8 (Prop_CARRY8_S[0]_CO[7])
                                                      0.199     6.951 r  u_warp_collective_core/u_reduce_f32_add/u_aec_fp32_fma/inst/i_synth/FMA_OP.OP/addsub/add/NORM/LZE/ZERO_DET_CC_1/CHAIN_GEN[0].C_MUX.CARRY_MUX_CARRY4_CARRY8/CO[7]
                         net (fo=68, unplaced)        0.290     7.241    u_warp_collective_core/u_reduce_f32_add/u_aec_fp32_fma/inst/i_synth/FMA_OP.OP/addsub/add/NORM/LZE/ZERO_DET_CC_1/CARRYS_OUT[1]
                         LUT6 (Prop_LUT6_I4_O)        0.038     7.279 r  u_warp_collective_core/u_reduce_f32_add/u_aec_fp32_fma/inst/i_synth/FMA_OP.OP/addsub/add/NORM/LZE/ZERO_DET_CC_1/CHAIN_GEN[1].C_MUX.CARRY_MUX_i_2__4/O
                         net (fo=60, unplaced)        0.215     7.494    u_warp_collective_core/u_reduce_f32_add/u_aec_fp32_fma/inst/i_synth/FMA_OP.OP/addsub/add/ALIGN_BLK/FRAC_ADDSUB/LOGIC_ADD.FRAC_ADDSUB/STRUCT_ADD1.ADD1/norm_dist[1]
                         LUT5 (Prop_LUT5_I1_O)        0.100     7.594 r  u_warp_collective_core/u_reduce_f32_add/u_aec_fp32_fma/inst/i_synth/FMA_OP.OP/addsub/add/ALIGN_BLK/FRAC_ADDSUB/LOGIC_ADD.FRAC_ADDSUB/STRUCT_ADD1.ADD1/norm_exp_carry_i_12/O
                         net (fo=1, unplaced)         0.141     7.735    u_warp_collective_core/u_reduce_f32_add/u_aec_fp32_fma/inst/i_synth/FMA_OP.OP/addsub/add/ALIGN_BLK/FRAC_ADDSUB/LOGIC_ADD.FRAC_ADDSUB/STRUCT_ADD2.ADD1/RESULT_REG.NORMAL.mant_op[21]_i_12
                         LUT6 (Prop_LUT6_I1_O)        0.100     7.835 r  u_warp_collective_core/u_reduce_f32_add/u_aec_fp32_fma/inst/i_synth/FMA_OP.OP/addsub/add/ALIGN_BLK/FRAC_ADDSUB/LOGIC_ADD.FRAC_ADDSUB/STRUCT_ADD2.ADD1/norm_exp_carry_i_9/O
                         net (fo=7, unplaced)         0.210     8.045    u_warp_collective_core/u_reduce_f32_add/u_aec_fp32_fma/inst/i_synth/FMA_OP.OP/addsub/add/EXP/EXP_OFF.STRUCT_ADD/norm_dist[1]
                         LUT2 (Prop_LUT2_I1_O)        0.037     8.082 r  u_warp_collective_core/u_reduce_f32_add/u_aec_fp32_fma/inst/i_synth/FMA_OP.OP/addsub/add/EXP/EXP_OFF.STRUCT_ADD/norm_exp_carry_i_7/O
                         net (fo=1, unplaced)         0.023     8.105    u_warp_collective_core/u_reduce_f32_add/u_aec_fp32_fma/inst/i_synth/FMA_OP.OP/addsub/add/EXP/EXP_OFF.STRUCT_ADD_n_5
                         CARRY8 (Prop_CARRY8_S[1]_O[6])
                                                      0.224     8.329 r  u_warp_collective_core/u_reduce_f32_add/u_aec_fp32_fma/inst/i_synth/FMA_OP.OP/addsub/add/EXP/norm_exp_carry/O[6]
                         net (fo=4, unplaced)         0.103     8.432    u_warp_collective_core/u_reduce_f32_add/u_aec_fp32_fma/inst/i_synth/FMA_OP.OP/addsub/add/EXP/exp_op[6]
                         LUT4 (Prop_LUT4_I0_O)        0.139     8.571 r  u_warp_collective_core/u_reduce_f32_add/u_aec_fp32_fma/inst/i_synth/FMA_OP.OP/addsub/add/EXP/RESULT_REG.NORMAL.mant_op[21]_i_22/O
                         net (fo=2, unplaced)         0.185     8.756    u_warp_collective_core/u_reduce_f32_add/u_aec_fp32_fma/inst/i_synth/FMA_OP.OP/addsub/add/EXP/EXP_OFF.STRUCT_ADD/RESULT_REG.NORMAL.mant_op[21]_i_5_0
                         LUT6 (Prop_LUT6_I2_O)        0.038     8.794 r  u_warp_collective_core/u_reduce_f32_add/u_aec_fp32_fma/inst/i_synth/FMA_OP.OP/addsub/add/EXP/EXP_OFF.STRUCT_ADD/RESULT_REG.NORMAL.mant_op[21]_i_17/O
                         net (fo=4, unplaced)         0.152     8.946    u_warp_collective_core/u_reduce_f32_add/u_aec_fp32_fma/inst/i_synth/FMA_OP.OP/addsub/add/EXP/EXP_OFF.STRUCT_ADD/conv_exp.downsize_exp/exp_flt_all_one_rnd
                         LUT3 (Prop_LUT3_I0_O)        0.112     9.058 r  u_warp_collective_core/u_reduce_f32_add/u_aec_fp32_fma/inst/i_synth/FMA_OP.OP/addsub/add/EXP/EXP_OFF.STRUCT_ADD/RESULT_REG.NORMAL.mant_op[22]_i_2/O
                         net (fo=6, unplaced)         0.207     9.265    u_warp_collective_core/u_reduce_f32_add/u_aec_fp32_fma/inst/i_synth/FMA_OP.OP/addsub/add/EXP/EXP_OFF.STRUCT_ADD/conv_exp.downsize_exp/state_rnd__5[0]
                         LUT3 (Prop_LUT3_I2_O)        0.038     9.303 r  u_warp_collective_core/u_reduce_f32_add/u_aec_fp32_fma/inst/i_synth/FMA_OP.OP/addsub/add/EXP/EXP_OFF.STRUCT_ADD/RESULT_REG.NORMAL.exp_op[2]_i_2/O
                         net (fo=5, unplaced)         0.203     9.506    u_warp_collective_core/u_reduce_f32_add/u_aec_fp32_fma/inst/i_synth/FMA_OP.OP/addsub/add/EXP/EXP_OFF.STRUCT_ADD/op_state[0]
                         LUT6 (Prop_LUT6_I4_O)        0.038     9.544 r  u_warp_collective_core/u_reduce_f32_add/u_aec_fp32_fma/inst/i_synth/FMA_OP.OP/addsub/add/EXP/EXP_OFF.STRUCT_ADD/RESULT_REG.NORMAL.mant_op[21]_i_1/O
                         net (fo=22, unplaced)        0.237     9.781    u_warp_collective_core/u_reduce_f32_add/u_aec_fp32_fma/inst/i_synth/FMA_OP.OP/addsub/add/OP/RESULT_REG.NORMAL.mant_op_reg[21]_0
                         FDRE                                         r  u_warp_collective_core/u_reduce_f32_add/u_aec_fp32_fma/inst/i_synth/FMA_OP.OP/addsub/add/OP/RESULT_REG.NORMAL.mant_op_reg[1]/R
  -------------------------------------------------------------------    -------------------

                         (clock clk_i rise edge)      5.556     5.556 r  
                                                      0.000     5.556 r  clk_i (IN)
                         net (fo=37177, unset)        0.020     5.576    u_warp_collective_core/u_reduce_f32_add/u_aec_fp32_fma/inst/i_synth/FMA_OP.OP/addsub/add/OP/aclk
                         FDRE                                         r  u_warp_collective_core/u_reduce_f32_add/u_aec_fp32_fma/inst/i_synth/FMA_OP.OP/addsub/add/OP/RESULT_REG.NORMAL.mant_op_reg[1]/C
                         clock pessimism              0.000     5.576    
                         clock uncertainty           -0.035     5.541    
                         FDRE (Setup_FDRE_C_R)       -0.074     5.467    u_warp_collective_core/u_reduce_f32_add/u_aec_fp32_fma/inst/i_synth/FMA_OP.OP/addsub/add/OP/RESULT_REG.NORMAL.mant_op_reg[1]
  -------------------------------------------------------------------
                         required time                          5.467    
                         arrival time                          -9.781    
  -------------------------------------------------------------------
                         slack                                 -4.314    

Slack (VIOLATED) :        -4.314ns  (required time - arrival time)
  Source:                 u_warp_collective_core/lane_val_q_reg[6][10]/C
                            (rising edge-triggered cell FDCE clocked by clk_i  {rise@0.000ns fall@2.778ns period=5.556ns})
  Destination:            u_warp_collective_core/u_reduce_f32_add/u_aec_fp32_fma/inst/i_synth/FMA_OP.OP/addsub/add/OP/RESULT_REG.NORMAL.mant_op_reg[20]/R
                            (rising edge-triggered cell FDRE clocked by clk_i  {rise@0.000ns fall@2.778ns period=5.556ns})
  Path Group:             clk_i
  Path Type:              Setup (Max at Slow Process Corner)
  Requirement:            5.556ns  (clk_i rise@5.556ns - clk_i rise@0.000ns)
  Data Path Delay:        9.753ns  (logic 5.150ns (52.804%)  route 4.603ns (47.196%))
  Logic Levels:           44  (CARRY8=13 DSP_A_B_DATA=1 DSP_ALU=2 DSP_M_DATA=1 DSP_MULTIPLIER=1 DSP_OUTPUT=2 DSP_PREADD_DATA=1 LUT2=1 LUT3=2 LUT4=5 LUT5=2 LUT6=9 MUXF7=2 MUXF8=2)
  Clock Path Skew:        -0.008ns (DCD - SCD + CPR)
    Destination Clock Delay (DCD):    0.020ns = ( 5.576 - 5.556 ) 
    Source Clock Delay      (SCD):    0.028ns
    Clock Pessimism Removal (CPR):    0.000ns
  Clock Uncertainty:      0.035ns  ((TSJ^2 + TIJ^2)^1/2 + DJ) / 2 + PE
    Total System Jitter     (TSJ):    0.071ns
    Total Input Jitter      (TIJ):    0.000ns
    Discrete Jitter          (DJ):    0.000ns
    Phase Error              (PE):    0.000ns

    Location             Delay type                Incr(ns)  Path(ns)    Netlist Resource(s)
  -------------------------------------------------------------------    -------------------
                         (clock clk_i rise edge)      0.000     0.000 r  
                                                      0.000     0.000 r  clk_i (IN)
                         net (fo=37177, unset)        0.028     0.028    u_warp_collective_core/clk_i
                         FDCE                                         r  u_warp_collective_core/lane_val_q_reg[6][10]/C
  -------------------------------------------------------------------    -------------------
                         FDCE (Prop_FDCE_C_Q)         0.077     0.105 f  u_warp_collective_core/lane_val_q_reg[6][10]/Q
                         net (fo=35, unplaced)        0.216     0.321    u_warp_collective_core/u_reduce_f32_add/u_aec_fp32_fma_i_66_0[10]
                         LUT6 (Prop_LUT6_I0_O)        0.145     0.466 f  u_warp_collective_core/u_reduce_f32_add/u_aec_fp32_fma_i_344/O
                         net (fo=1, unplaced)         0.032     0.498    u_warp_collective_core/u_reduce_f32_add/u_aec_fp32_fma_i_344_n_0
                         MUXF7 (Prop_MUXF7_I0_O)      0.069     0.567 f  u_warp_collective_core/u_reduce_f32_add/u_aec_fp32_fma_i_108/O
                         net (fo=1, unplaced)         0.000     0.567    u_warp_collective_core/u_reduce_f32_add/u_aec_fp32_fma_i_108_n_0
                         MUXF8 (Prop_MUXF8_I0_O)      0.030     0.597 f  u_warp_collective_core/u_reduce_f32_add/u_aec_fp32_fma_i_23/O
                         net (fo=11, unplaced)        0.244     0.841    u_warp_collective_core/u_reduce_f32_add/u_aec_fp32_fma/inst/i_synth/FMA_OP.OP/mul/MULT/gDSP.gDSP_only.iDSP/use_prim.appDSP48[0].bppDSP48[0].use_dsp.use_dsp48e2.iDSP48E2/B[10]
                         DSP_A_B_DATA (Prop_DSP_A_B_DATA_B[10]_B2_DATA[10])
                                                      0.151     0.992 r  u_warp_collective_core/u_reduce_f32_add/u_aec_fp32_fma/inst/i_synth/FMA_OP.OP/mul/MULT/gDSP.gDSP_only.iDSP/use_prim.appDSP48[0].bppDSP48[0].use_dsp.use_dsp48e2.iDSP48E2/DSP_A_B_DATA_INST/B2_DATA[10]
                         net (fo=1, unplaced)         0.000     0.992    u_warp_collective_core/u_reduce_f32_add/u_aec_fp32_fma/inst/i_synth/FMA_OP.OP/mul/MULT/gDSP.gDSP_only.iDSP/use_prim.appDSP48[0].bppDSP48[0].use_dsp.use_dsp48e2.iDSP48E2/DSP_A_B_DATA.B2_DATA<10>
                         DSP_PREADD_DATA (Prop_DSP_PREADD_DATA_B2_DATA[10]_B2B1[10])
                                                      0.073     1.065 r  u_warp_collective_core/u_reduce_f32_add/u_aec_fp32_fma/inst/i_synth/FMA_OP.OP/mul/MULT/gDSP.gDSP_only.iDSP/use_prim.appDSP48[0].bppDSP48[0].use_dsp.use_dsp48e2.iDSP48E2/DSP_PREADD_DATA_INST/B2B1[10]
                         net (fo=1, unplaced)         0.000     1.065    u_warp_collective_core/u_reduce_f32_add/u_aec_fp32_fma/inst/i_synth/FMA_OP.OP/mul/MULT/gDSP.gDSP_only.iDSP/use_prim.appDSP48[0].bppDSP48[0].use_dsp.use_dsp48e2.iDSP48E2/DSP_PREADD_DATA.B2B1<10>
                         DSP_MULTIPLIER (Prop_DSP_MULTIPLIER_B2B1[10]_V[39])
                                                      0.609     1.674 f  u_warp_collective_core/u_reduce_f32_add/u_aec_fp32_fma/inst/i_synth/FMA_OP.OP/mul/MULT/gDSP.gDSP_only.iDSP/use_prim.appDSP48[0].bppDSP48[0].use_dsp.use_dsp48e2.iDSP48E2/DSP_MULTIPLIER_INST/V[39]
                         net (fo=1, unplaced)         0.000     1.674    u_warp_collective_core/u_reduce_f32_add/u_aec_fp32_fma/inst/i_synth/FMA_OP.OP/mul/MULT/gDSP.gDSP_only.iDSP/use_prim.appDSP48[0].bppDSP48[0].use_dsp.use_dsp48e2.iDSP48E2/DSP_MULTIPLIER.V<39>
                         DSP_M_DATA (Prop_DSP_M_DATA_V[39]_V_DATA[39])
                                                      0.046     1.720 r  u_warp_collective_core/u_reduce_f32_add/u_aec_fp32_fma/inst/i_synth/FMA_OP.OP/mul/MULT/gDSP.gDSP_only.iDSP/use_prim.appDSP48[0].bppDSP48[0].use_dsp.use_dsp48e2.iDSP48E2/DSP_M_DATA_INST/V_DATA[39]
                         net (fo=1, unplaced)         0.000     1.720    u_warp_collective_core/u_reduce_f32_add/u_aec_fp32_fma/inst/i_synth/FMA_OP.OP/mul/MULT/gDSP.gDSP_only.iDSP/use_prim.appDSP48[0].bppDSP48[0].use_dsp.use_dsp48e2.iDSP48E2/DSP_M_DATA.V_DATA<39>
                         DSP_ALU (Prop_DSP_ALU_V_DATA[39]_ALU_OUT[47])
                                                      0.571     2.291 f  u_warp_collective_core/u_reduce_f32_add/u_aec_fp32_fma/inst/i_synth/FMA_OP.OP/mul/MULT/gDSP.gDSP_only.iDSP/use_prim.appDSP48[0].bppDSP48[0].use_dsp.use_dsp48e2.iDSP48E2/DSP_ALU_INST/ALU_OUT[47]
                         net (fo=1, unplaced)         0.000     2.291    u_warp_collective_core/u_reduce_f32_add/u_aec_fp32_fma/inst/i_synth/FMA_OP.OP/mul/MULT/gDSP.gDSP_only.iDSP/use_prim.appDSP48[0].bppDSP48[0].use_dsp.use_dsp48e2.iDSP48E2/DSP_ALU.ALU_OUT<47>
                         DSP_OUTPUT (Prop_DSP_OUTPUT_ALU_OUT[47]_PCOUT[47])
                                                      0.122     2.413 r  u_warp_collective_core/u_reduce_f32_add/u_aec_fp32_fma/inst/i_synth/FMA_OP.OP/mul/MULT/gDSP.gDSP_only.iDSP/use_prim.appDSP48[0].bppDSP48[0].use_dsp.use_dsp48e2.iDSP48E2/DSP_OUTPUT_INST/PCOUT[47]
                         net (fo=1, unplaced)         0.014     2.427    u_warp_collective_core/u_reduce_f32_add/u_aec_fp32_fma/inst/i_synth/FMA_OP.OP/mul/MULT/gDSP.gDSP_only.iDSP/use_prim.appDSP48[0].bppDSP48[1].use_dsp.use_dsp48e2.iDSP48E2/PCIN[47]
                         DSP_ALU (Prop_DSP_ALU_PCIN[47]_ALU_OUT[15])
                                                      0.546     2.973 f  u_warp_collective_core/u_reduce_f32_add/u_aec_fp32_fma/inst/i_synth/FMA_OP.OP/mul/MULT/gDSP.gDSP_only.iDSP/use_prim.appDSP48[0].bppDSP48[1].use_dsp.use_dsp48e2.iDSP48E2/DSP_ALU_INST/ALU_OUT[15]
                         net (fo=1, unplaced)         0.000     2.973    u_warp_collective_core/u_reduce_f32_add/u_aec_fp32_fma/inst/i_synth/FMA_OP.OP/mul/MULT/gDSP.gDSP_only.iDSP/use_prim.appDSP48[0].bppDSP48[1].use_dsp.use_dsp48e2.iDSP48E2/DSP_ALU.ALU_OUT<15>
                         DSP_OUTPUT (Prop_DSP_OUTPUT_ALU_OUT[15]_P[15])
                                                      0.109     3.082 r  u_warp_collective_core/u_reduce_f32_add/u_aec_fp32_fma/inst/i_synth/FMA_OP.OP/mul/MULT/gDSP.gDSP_only.iDSP/use_prim.appDSP48[0].bppDSP48[1].use_dsp.use_dsp48e2.iDSP48E2/DSP_OUTPUT_INST/P[15]
                         net (fo=8, unplaced)         0.236     3.318    u_warp_collective_core/u_reduce_f32_add/u_aec_fp32_fma/inst/i_synth/FMA_OP.OP/mul/mul_result_wide[32]
                         LUT4 (Prop_LUT4_I1_O)        0.139     3.457 f  u_warp_collective_core/u_reduce_f32_add/u_aec_fp32_fma/inst/i_synth/FMA_OP.OP/mul/CHAIN_GEN[16].C_MUX.CARRY_MUX_i_2__2/O
                         net (fo=1, unplaced)         0.242     3.699    u_warp_collective_core/u_reduce_f32_add/u_aec_fp32_fma/inst/i_synth/FMA_OP.OP/addsub/add/EXP/NUMB_CMP1/NOT_FAST.CMP/C_CHAIN/CHAIN_GEN[23].C_MUX.CARRY_MUX_1[4]
                         CARRY8 (Prop_CARRY8_DI[0]_CO[7])
                                                      0.140     3.839 f  u_warp_collective_core/u_reduce_f32_add/u_aec_fp32_fma/inst/i_synth/FMA_OP.OP/addsub/add/EXP/NUMB_CMP1/NOT_FAST.CMP/C_CHAIN/CHAIN_GEN[16].C_MUX.CARRY_MUX_CARRY4_CARRY8/CO[7]
                         net (fo=1, unplaced)         0.005     3.844    u_warp_collective_core/u_reduce_f32_add/u_aec_fp32_fma/inst/i_synth/FMA_OP.OP/addsub/add/EXP/NUMB_CMP1/NOT_FAST.CMP/C_CHAIN/CHAIN_GEN[23].C_MUX.CARRY_MUX_n_0
                         CARRY8 (Prop_CARRY8_CI_CO[4])
                                                      0.092     3.936 f  u_warp_collective_core/u_reduce_f32_add/u_aec_fp32_fma/inst/i_synth/FMA_OP.OP/addsub/add/EXP/NUMB_CMP1/NOT_FAST.CMP/C_CHAIN/CHAIN_GEN[24].C_MUX.CARRY_MUX_CARRY4_CARRY8/CO[4]
                         net (fo=2, unplaced)         0.183     4.119    u_warp_collective_core/u_reduce_f32_add/u_aec_fp32_fma/inst/i_synth/FMA_OP.OP/addsub/add/EXP/NUMB_CMP0/NOT_FAST.CMP/C_CHAIN/CHAIN_GEN[0].C_MUX.CARRY_MUX_1[0]
                         LUT5 (Prop_LUT5_I4_O)        0.038     4.157 f  u_warp_collective_core/u_reduce_f32_add/u_aec_fp32_fma/inst/i_synth/FMA_OP.OP/addsub/add/EXP/NUMB_CMP0/NOT_FAST.CMP/C_CHAIN/CHAIN_GEN[0].C_MUX.CARRY_MUX_i_2__7/O
                         net (fo=52, unplaced)        0.256     4.413    u_warp_collective_core/u_reduce_f32_add/u_aec_fp32_fma/inst/i_synth/FMA_OP.OP/mul/b_largest
                         LUT6 (Prop_LUT6_I4_O)        0.038     4.451 f  u_warp_collective_core/u_reduce_f32_add/u_aec_fp32_fma/inst/i_synth/FMA_OP.OP/mul/CHAIN_GEN[1].C_MUX.CARRY_MUX_i_2__0/O
                         net (fo=3, unplaced)         0.147     4.598    u_warp_collective_core/u_reduce_f32_add/u_aec_fp32_fma/inst/i_synth/FMA_OP.OP/mul/sml_shift_mux__95[4]
                         LUT4 (Prop_LUT4_I0_O)        0.100     4.698 r  u_warp_collective_core/u_reduce_f32_add/u_aec_fp32_fma/inst/i_synth/FMA_OP.OP/mul/CHAIN_GEN[1].C_MUX.CARRY_MUX_i_1__2/O
                         net (fo=1, unplaced)         0.023     4.721    u_warp_collective_core/u_reduce_f32_add/u_aec_fp32_fma/inst/i_synth/FMA_OP.OP/addsub/add/ALIGN_BLK/aligner.ALIGN_SHIFT/ALIGN_Z_D/EQ_ZERO/CARRY_ZERO_DET/CHAIN_GEN[11].C_MUX.CARRY_MUX_0[1]
                         CARRY8 (Prop_CARRY8_S[1]_CO[7])
                                                      0.197     4.918 r  u_warp_collective_core/u_reduce_f32_add/u_aec_fp32_fma/inst/i_synth/FMA_OP.OP/addsub/add/ALIGN_BLK/aligner.ALIGN_SHIFT/ALIGN_Z_D/EQ_ZERO/CARRY_ZERO_DET/CHAIN_GEN[0].C_MUX.CARRY_MUX_CARRY4_CARRY8/CO[7]
                         net (fo=2, unplaced)         0.005     4.923    u_warp_collective_core/u_reduce_f32_add/u_aec_fp32_fma/inst/i_synth/FMA_OP.OP/addsub/add/ALIGN_BLK/aligner.ALIGN_SHIFT/ALIGN_Z_D/EQ_ZERO/CARRY_ZERO_DET/CARRYS_OUT[7]
                         CARRY8 (Prop_CARRY8_CI_CO[2])
                                                      0.057     4.980 r  u_warp_collective_core/u_reduce_f32_add/u_aec_fp32_fma/inst/i_synth/FMA_OP.OP/addsub/add/ALIGN_BLK/aligner.ALIGN_SHIFT/ALIGN_Z_D/EQ_ZERO/CARRY_ZERO_DET/CHAIN_GEN[8].C_MUX.CARRY_MUX_CARRY4_CARRY8/CO[2]
                         net (fo=1, unplaced)         0.185     5.165    u_warp_collective_core/u_reduce_f32_add/u_aec_fp32_fma/inst/i_synth/FMA_OP.OP/addsub/add/EXP/bma_exp_cc/CARRYS_OUT[10]
                         LUT6 (Prop_LUT6_I0_O)        0.038     5.203 r  u_warp_collective_core/u_reduce_f32_add/u_aec_fp32_fma/inst/i_synth/FMA_OP.OP/addsub/add/EXP/bma_exp_cc/MUX_LOOP[2].OTHER_LEVELS.DO_CHUNKS[0].LUT6_STRUCT_MUX.MUX1_i_7/O
                         net (fo=1, unplaced)         0.185     5.388    u_warp_collective_core/u_reduce_f32_add/u_aec_fp32_fma/inst/i_synth/FMA_OP.OP/addsub/add/EXP/bma_exp_cc/MUX_LOOP[2].OTHER_LEVELS.DO_CHUNKS[0].LUT6_STRUCT_MUX.MUX1_i_7_n_0
                         LUT6 (Prop_LUT6_I5_O)        0.038     5.426 r  u_warp_collective_core/u_reduce_f32_add/u_aec_fp32_fma/inst/i_synth/FMA_OP.OP/addsub/add/EXP/bma_exp_cc/MUX_LOOP[2].OTHER_LEVELS.DO_CHUNKS[0].LUT6_STRUCT_MUX.MUX1_i_3/O
                         net (fo=1, unplaced)         0.185     5.611    u_warp_collective_core/u_reduce_f32_add/u_aec_fp32_fma/inst/i_synth/FMA_OP.OP/addsub/add/EXP/bma_exp_cc/MUX_LOOP[2].OTHER_LEVELS.DO_CHUNKS[0].LUT6_STRUCT_MUX.MUX1_i_3_n_0
                         LUT6 (Prop_LUT6_I0_O)        0.037     5.648 r  u_warp_collective_core/u_reduce_f32_add/u_aec_fp32_fma/inst/i_synth/FMA_OP.OP/addsub/add/EXP/bma_exp_cc/MUX_LOOP[2].OTHER_LEVELS.DO_CHUNKS[0].LUT6_STRUCT_MUX.MUX1_i_1/O
                         net (fo=1, unplaced)         0.024     5.672    u_warp_collective_core/u_reduce_f32_add/u_aec_fp32_fma/inst/i_synth/FMA_OP.OP/addsub/add/ALIGN_BLK/aligner.ALIGN_SHIFT/ALIGN_Z_D/zero_det_unreg[1]_0[2]
                         MUXF7 (Prop_MUXF7_I0_O)      0.067     5.739 r  u_warp_collective_core/u_reduce_f32_add/u_aec_fp32_fma/inst/i_synth/FMA_OP.OP/addsub/add/ALIGN_BLK/aligner.ALIGN_SHIFT/ALIGN_Z_D/MUX_LOOP[2].OTHER_LEVELS.DO_CHUNKS[0].LUT6_STRUCT_MUX.MUX1/O
                         net (fo=1, unplaced)         0.000     5.739    u_warp_collective_core/u_reduce_f32_add/u_aec_fp32_fma/inst/i_synth/FMA_OP.OP/addsub/add/ALIGN_BLK/aligner.ALIGN_SHIFT/ALIGN_Z_D/MUX_LOOP[2].OTHER_LEVELS.DO_CHUNKS[0].LUT6_STRUCT_MUX.mux0_1
                         MUXF8 (Prop_MUXF8_I1_O)      0.028     5.767 r  u_warp_collective_core/u_reduce_f32_add/u_aec_fp32_fma/inst/i_synth/FMA_OP.OP/addsub/add/ALIGN_BLK/aligner.ALIGN_SHIFT/ALIGN_Z_D/MUX_LOOP[2].OTHER_LEVELS.DO_CHUNKS[0].LUT6_STRUCT_MUX.MUX2/O
                         net (fo=2, unplaced)         0.185     5.952    u_warp_collective_core/u_reduce_f32_add/u_aec_fp32_fma/inst/i_synth/FMA_OP.OP/addsub/add/ALIGN_BLK/aligner.ALIGN_SHIFT/ALIGN_Z_D/zeros_z_det_a
                         LUT4 (Prop_LUT4_I1_O)        0.037     5.989 r  u_warp_collective_core/u_reduce_f32_add/u_aec_fp32_fma/inst/i_synth/FMA_OP.OP/addsub/add/ALIGN_BLK/aligner.ALIGN_SHIFT/ALIGN_Z_D/STRUCT_ADD1.CARRY_MUX2_i_1/O
                         net (fo=1, unplaced)         0.023     6.012    u_warp_collective_core/u_reduce_f32_add/u_aec_fp32_fma/inst/i_synth/FMA_OP.OP/addsub/add/ALIGN_BLK/FRAC_ADDSUB/LOGIC_ADD.FRAC_ADDSUB/STRUCT_ADD1.CARRY_MUX2_0
                         CARRY8 (Prop_CARRY8_S[1]_CO[7])
                                                      0.197     6.209 r  u_warp_collective_core/u_reduce_f32_add/u_aec_fp32_fma/inst/i_synth/FMA_OP.OP/addsub/add/ALIGN_BLK/FRAC_ADDSUB/LOGIC_ADD.FRAC_ADDSUB/STRUCT_ADD1.CARRY_MUX1_CARRY4_CARRY8/CO[7]
                         net (fo=1, unplaced)         0.005     6.214    u_warp_collective_core/u_reduce_f32_add/u_aec_fp32_fma/inst/i_synth/FMA_OP.OP/addsub/add/ALIGN_BLK/FRAC_ADDSUB/LOGIC_ADD.FRAC_ADDSUB/STRUCT_ADD1.ADD1/CHAIN_GEN[5].C_MUX.CARRY_MUX_n_0
                         CARRY8 (Prop_CARRY8_CI_CO[7])
                                                      0.022     6.236 r  u_warp_collective_core/u_reduce_f32_add/u_aec_fp32_fma/inst/i_synth/FMA_OP.OP/addsub/add/ALIGN_BLK/FRAC_ADDSUB/LOGIC_ADD.FRAC_ADDSUB/STRUCT_ADD1.ADD1/CHAIN_GEN[6].C_MUX.CARRY_MUX_CARRY4_CARRY8/CO[7]
                         net (fo=1, unplaced)         0.005     6.241    u_warp_collective_core/u_reduce_f32_add/u_aec_fp32_fma/inst/i_synth/FMA_OP.OP/addsub/add/ALIGN_BLK/FRAC_ADDSUB/LOGIC_ADD.FRAC_ADDSUB/STRUCT_ADD1.ADD1/CHAIN_GEN[13].C_MUX.CARRY_MUX_n_0
                         CARRY8 (Prop_CARRY8_CI_CO[7])
                                                      0.022     6.263 r  u_warp_collective_core/u_reduce_f32_add/u_aec_fp32_fma/inst/i_synth/FMA_OP.OP/addsub/add/ALIGN_BLK/FRAC_ADDSUB/LOGIC_ADD.FRAC_ADDSUB/STRUCT_ADD1.ADD1/CHAIN_GEN[14].C_MUX.CARRY_MUX_CARRY4_CARRY8/CO[7]
                         net (fo=1, unplaced)         0.005     6.268    u_warp_collective_core/u_reduce_f32_add/u_aec_fp32_fma/inst/i_synth/FMA_OP.OP/addsub/add/ALIGN_BLK/FRAC_ADDSUB/LOGIC_ADD.FRAC_ADDSUB/STRUCT_ADD1.ADD1/CHAIN_GEN[21].C_MUX.CARRY_MUX_n_0
                         CARRY8 (Prop_CARRY8_CI_CO[7])
                                                      0.022     6.290 r  u_warp_collective_core/u_reduce_f32_add/u_aec_fp32_fma/inst/i_synth/FMA_OP.OP/addsub/add/ALIGN_BLK/FRAC_ADDSUB/LOGIC_ADD.FRAC_ADDSUB/STRUCT_ADD1.ADD1/CHAIN_GEN[22].C_MUX.CARRY_MUX_CARRY4_CARRY8/CO[7]
                         net (fo=1, unplaced)         0.005     6.295    u_warp_collective_core/u_reduce_f32_add/u_aec_fp32_fma/inst/i_synth/FMA_OP.OP/addsub/add/ALIGN_BLK/FRAC_ADDSUB/LOGIC_ADD.FRAC_ADDSUB/STRUCT_ADD2.ADD1/CHAIN_GEN[4].C_MUX.CARRY_MUX_n_0
                         CARRY8 (Prop_CARRY8_CI_CO[7])
                                                      0.022     6.317 r  u_warp_collective_core/u_reduce_f32_add/u_aec_fp32_fma/inst/i_synth/FMA_OP.OP/addsub/add/ALIGN_BLK/FRAC_ADDSUB/LOGIC_ADD.FRAC_ADDSUB/STRUCT_ADD2.ADD1/CHAIN_GEN[5].C_MUX.CARRY_MUX_CARRY4_CARRY8/CO[7]
                         net (fo=1, unplaced)         0.005     6.322    u_warp_collective_core/u_reduce_f32_add/u_aec_fp32_fma/inst/i_synth/FMA_OP.OP/addsub/add/ALIGN_BLK/FRAC_ADDSUB/LOGIC_ADD.FRAC_ADDSUB/STRUCT_ADD2.ADD1/CHAIN_GEN[12].C_MUX.CARRY_MUX_n_0
                         CARRY8 (Prop_CARRY8_CI_CO[7])
                                                      0.022     6.344 r  u_warp_collective_core/u_reduce_f32_add/u_aec_fp32_fma/inst/i_synth/FMA_OP.OP/addsub/add/ALIGN_BLK/FRAC_ADDSUB/LOGIC_ADD.FRAC_ADDSUB/STRUCT_ADD2.ADD1/CHAIN_GEN[13].C_MUX.CARRY_MUX_CARRY4_CARRY8/CO[7]
                         net (fo=1, unplaced)         0.005     6.349    u_warp_collective_core/u_reduce_f32_add/u_aec_fp32_fma/inst/i_synth/FMA_OP.OP/addsub/add/ALIGN_BLK/FRAC_ADDSUB/LOGIC_ADD.FRAC_ADDSUB/STRUCT_ADD2.ADD1/CHAIN_GEN[20].C_MUX.CARRY_MUX_n_0
                         CARRY8 (Prop_CARRY8_CI_O[4])
                                                      0.086     6.435 f  u_warp_collective_core/u_reduce_f32_add/u_aec_fp32_fma/inst/i_synth/FMA_OP.OP/addsub/add/ALIGN_BLK/FRAC_ADDSUB/LOGIC_ADD.FRAC_ADDSUB/STRUCT_ADD2.ADD1/CHAIN_GEN[21].C_MUX.CARRY_MUX_CARRY4_CARRY8/O[4]
                         net (fo=4, unplaced)         0.197     6.632    u_warp_collective_core/u_reduce_f32_add/u_aec_fp32_fma/inst/i_synth/FMA_OP.OP/addsub/add/ALIGN_BLK/FRAC_ADDSUB/LOGIC_ADD.FRAC_ADDSUB/STRUCT_ADD2.ADD1/Q[17]
                         LUT4 (Prop_LUT4_I0_O)        0.100     6.732 r  u_warp_collective_core/u_reduce_f32_add/u_aec_fp32_fma/inst/i_synth/FMA_OP.OP/addsub/add/ALIGN_BLK/FRAC_ADDSUB/LOGIC_ADD.FRAC_ADDSUB/STRUCT_ADD2.ADD1/CHAIN_GEN[0].C_MUX.CARRY_MUX_i_1__7/O
                         net (fo=1, unplaced)         0.020     6.752    u_warp_collective_core/u_reduce_f32_add/u_aec_fp32_fma/inst/i_synth/FMA_OP.OP/addsub/add/NORM/LZE/ZERO_DET_CC_1/chunk_is_zero[0]
                         CARRY8 (Prop_CARRY8_S[0]_CO[7])
                                                      0.199     6.951 r  u_warp_collective_core/u_reduce_f32_add/u_aec_fp32_fma/inst/i_synth/FMA_OP.OP/addsub/add/NORM/LZE/ZERO_DET_CC_1/CHAIN_GEN[0].C_MUX.CARRY_MUX_CARRY4_CARRY8/CO[7]
                         net (fo=68, unplaced)        0.290     7.241    u_warp_collective_core/u_reduce_f32_add/u_aec_fp32_fma/inst/i_synth/FMA_OP.OP/addsub/add/NORM/LZE/ZERO_DET_CC_1/CARRYS_OUT[1]
                         LUT6 (Prop_LUT6_I4_O)        0.038     7.279 r  u_warp_collective_core/u_reduce_f32_add/u_aec_fp32_fma/inst/i_synth/FMA_OP.OP/addsub/add/NORM/LZE/ZERO_DET_CC_1/CHAIN_GEN[1].C_MUX.CARRY_MUX_i_2__4/O
                         net (fo=60, unplaced)        0.215     7.494    u_warp_collective_core/u_reduce_f32_add/u_aec_fp32_fma/inst/i_synth/FMA_OP.OP/addsub/add/ALIGN_BLK/FRAC_ADDSUB/LOGIC_ADD.FRAC_ADDSUB/STRUCT_ADD1.ADD1/norm_dist[1]
                         LUT5 (Prop_LUT5_I1_O)        0.100     7.594 r  u_warp_collective_core/u_reduce_f32_add/u_aec_fp32_fma/inst/i_synth/FMA_OP.OP/addsub/add/ALIGN_BLK/FRAC_ADDSUB/LOGIC_ADD.FRAC_ADDSUB/STRUCT_ADD1.ADD1/norm_exp_carry_i_12/O
                         net (fo=1, unplaced)         0.141     7.735    u_warp_collective_core/u_reduce_f32_add/u_aec_fp32_fma/inst/i_synth/FMA_OP.OP/addsub/add/ALIGN_BLK/FRAC_ADDSUB/LOGIC_ADD.FRAC_ADDSUB/STRUCT_ADD2.ADD1/RESULT_REG.NORMAL.mant_op[21]_i_12
                         LUT6 (Prop_LUT6_I1_O)        0.100     7.835 r  u_warp_collective_core/u_reduce_f32_add/u_aec_fp32_fma/inst/i_synth/FMA_OP.OP/addsub/add/ALIGN_BLK/FRAC_ADDSUB/LOGIC_ADD.FRAC_ADDSUB/STRUCT_ADD2.ADD1/norm_exp_carry_i_9/O
                         net (fo=7, unplaced)         0.210     8.045    u_warp_collective_core/u_reduce_f32_add/u_aec_fp32_fma/inst/i_synth/FMA_OP.OP/addsub/add/EXP/EXP_OFF.STRUCT_ADD/norm_dist[1]
                         LUT2 (Prop_LUT2_I1_O)        0.037     8.082 r  u_warp_collective_core/u_reduce_f32_add/u_aec_fp32_fma/inst/i_synth/FMA_OP.OP/addsub/add/EXP/EXP_OFF.STRUCT_ADD/norm_exp_carry_i_7/O
                         net (fo=1, unplaced)         0.023     8.105    u_warp_collective_core/u_reduce_f32_add/u_aec_fp32_fma/inst/i_synth/FMA_OP.OP/addsub/add/EXP/EXP_OFF.STRUCT_ADD_n_5
                         CARRY8 (Prop_CARRY8_S[1]_O[6])
                                                      0.224     8.329 r  u_warp_collective_core/u_reduce_f32_add/u_aec_fp32_fma/inst/i_synth/FMA_OP.OP/addsub/add/EXP/norm_exp_carry/O[6]
                         net (fo=4, unplaced)         0.103     8.432    u_warp_collective_core/u_reduce_f32_add/u_aec_fp32_fma/inst/i_synth/FMA_OP.OP/addsub/add/EXP/exp_op[6]
                         LUT4 (Prop_LUT4_I0_O)        0.139     8.571 r  u_warp_collective_core/u_reduce_f32_add/u_aec_fp32_fma/inst/i_synth/FMA_OP.OP/addsub/add/EXP/RESULT_REG.NORMAL.mant_op[21]_i_22/O
                         net (fo=2, unplaced)         0.185     8.756    u_warp_collective_core/u_reduce_f32_add/u_aec_fp32_fma/inst/i_synth/FMA_OP.OP/addsub/add/EXP/EXP_OFF.STRUCT_ADD/RESULT_REG.NORMAL.mant_op[21]_i_5_0
                         LUT6 (Prop_LUT6_I2_O)        0.038     8.794 r  u_warp_collective_core/u_reduce_f32_add/u_aec_fp32_fma/inst/i_synth/FMA_OP.OP/addsub/add/EXP/EXP_OFF.STRUCT_ADD/RESULT_REG.NORMAL.mant_op[21]_i_17/O
                         net (fo=4, unplaced)         0.152     8.946    u_warp_collective_core/u_reduce_f32_add/u_aec_fp32_fma/inst/i_synth/FMA_OP.OP/addsub/add/EXP/EXP_OFF.STRUCT_ADD/conv_exp.downsize_exp/exp_flt_all_one_rnd
                         LUT3 (Prop_LUT3_I0_O)        0.112     9.058 r  u_warp_collective_core/u_reduce_f32_add/u_aec_fp32_fma/inst/i_synth/FMA_OP.OP/addsub/add/EXP/EXP_OFF.STRUCT_ADD/RESULT_REG.NORMAL.mant_op[22]_i_2/O
                         net (fo=6, unplaced)         0.207     9.265    u_warp_collective_core/u_reduce_f32_add/u_aec_fp32_fma/inst/i_synth/FMA_OP.OP/addsub/add/EXP/EXP_OFF.STRUCT_ADD/conv_exp.downsize_exp/state_rnd__5[0]
                         LUT3 (Prop_LUT3_I2_O)        0.038     9.303 r  u_warp_collective_core/u_reduce_f32_add/u_aec_fp32_fma/inst/i_synth/FMA_OP.OP/addsub/add/EXP/EXP_OFF.STRUCT_ADD/RESULT_REG.NORMAL.exp_op[2]_i_2/O
                         net (fo=5, unplaced)         0.203     9.506    u_warp_collective_core/u_reduce_f32_add/u_aec_fp32_fma/inst/i_synth/FMA_OP.OP/addsub/add/EXP/EXP_OFF.STRUCT_ADD/op_state[0]
                         LUT6 (Prop_LUT6_I4_O)        0.038     9.544 r  u_warp_collective_core/u_reduce_f32_add/u_aec_fp32_fma/inst/i_synth/FMA_OP.OP/addsub/add/EXP/EXP_OFF.STRUCT_ADD/RESULT_REG.NORMAL.mant_op[21]_i_1/O
                         net (fo=22, unplaced)        0.237     9.781    u_warp_collective_core/u_reduce_f32_add/u_aec_fp32_fma/inst/i_synth/FMA_OP.OP/addsub/add/OP/RESULT_REG.NORMAL.mant_op_reg[21]_0
                         FDRE                                         r  u_warp_collective_core/u_reduce_f32_add/u_aec_fp32_fma/inst/i_synth/FMA_OP.OP/addsub/add/OP/RESULT_REG.NORMAL.mant_op_reg[20]/R
  -------------------------------------------------------------------    -------------------

                         (clock clk_i rise edge)      5.556     5.556 r  
                                                      0.000     5.556 r  clk_i (IN)
                         net (fo=37177, unset)        0.020     5.576    u_warp_collective_core/u_reduce_f32_add/u_aec_fp32_fma/inst/i_synth/FMA_OP.OP/addsub/add/OP/aclk
                         FDRE                                         r  u_warp_collective_core/u_reduce_f32_add/u_aec_fp32_fma/inst/i_synth/FMA_OP.OP/addsub/add/OP/RESULT_REG.NORMAL.mant_op_reg[20]/C
                         clock pessimism              0.000     5.576    
                         clock uncertainty           -0.035     5.541    
                         FDRE (Setup_FDRE_C_R)       -0.074     5.467    u_warp_collective_core/u_reduce_f32_add/u_aec_fp32_fma/inst/i_synth/FMA_OP.OP/addsub/add/OP/RESULT_REG.NORMAL.mant_op_reg[20]
  -------------------------------------------------------------------
                         required time                          5.467    
                         arrival time                          -9.781    
  -------------------------------------------------------------------
                         slack                                 -4.314    

Slack (VIOLATED) :        -4.314ns  (required time - arrival time)
  Source:                 u_warp_collective_core/lane_val_q_reg[6][10]/C
                            (rising edge-triggered cell FDCE clocked by clk_i  {rise@0.000ns fall@2.778ns period=5.556ns})
  Destination:            u_warp_collective_core/u_reduce_f32_add/u_aec_fp32_fma/inst/i_synth/FMA_OP.OP/addsub/add/OP/RESULT_REG.NORMAL.mant_op_reg[21]/R
                            (rising edge-triggered cell FDRE clocked by clk_i  {rise@0.000ns fall@2.778ns period=5.556ns})
  Path Group:             clk_i
  Path Type:              Setup (Max at Slow Process Corner)
  Requirement:            5.556ns  (clk_i rise@5.556ns - clk_i rise@0.000ns)
  Data Path Delay:        9.753ns  (logic 5.150ns (52.804%)  route 4.603ns (47.196%))
  Logic Levels:           44  (CARRY8=13 DSP_A_B_DATA=1 DSP_ALU=2 DSP_M_DATA=1 DSP_MULTIPLIER=1 DSP_OUTPUT=2 DSP_PREADD_DATA=1 LUT2=1 LUT3=2 LUT4=5 LUT5=2 LUT6=9 MUXF7=2 MUXF8=2)
  Clock Path Skew:        -0.008ns (DCD - SCD + CPR)
    Destination Clock Delay (DCD):    0.020ns = ( 5.576 - 5.556 ) 
    Source Clock Delay      (SCD):    0.028ns
    Clock Pessimism Removal (CPR):    0.000ns
  Clock Uncertainty:      0.035ns  ((TSJ^2 + TIJ^2)^1/2 + DJ) / 2 + PE
    Total System Jitter     (TSJ):    0.071ns
    Total Input Jitter      (TIJ):    0.000ns
    Discrete Jitter          (DJ):    0.000ns
    Phase Error              (PE):    0.000ns

    Location             Delay type                Incr(ns)  Path(ns)    Netlist Resource(s)
  -------------------------------------------------------------------    -------------------
                         (clock clk_i rise edge)      0.000     0.000 r  
                                                      0.000     0.000 r  clk_i (IN)
                         net (fo=37177, unset)        0.028     0.028    u_warp_collective_core/clk_i
                         FDCE                                         r  u_warp_collective_core/lane_val_q_reg[6][10]/C
  -------------------------------------------------------------------    -------------------
                         FDCE (Prop_FDCE_C_Q)         0.077     0.105 f  u_warp_collective_core/lane_val_q_reg[6][10]/Q
                         net (fo=35, unplaced)        0.216     0.321    u_warp_collective_core/u_reduce_f32_add/u_aec_fp32_fma_i_66_0[10]
                         LUT6 (Prop_LUT6_I0_O)        0.145     0.466 f  u_warp_collective_core/u_reduce_f32_add/u_aec_fp32_fma_i_344/O
                         net (fo=1, unplaced)         0.032     0.498    u_warp_collective_core/u_reduce_f32_add/u_aec_fp32_fma_i_344_n_0
                         MUXF7 (Prop_MUXF7_I0_O)      0.069     0.567 f  u_warp_collective_core/u_reduce_f32_add/u_aec_fp32_fma_i_108/O
                         net (fo=1, unplaced)         0.000     0.567    u_warp_collective_core/u_reduce_f32_add/u_aec_fp32_fma_i_108_n_0
                         MUXF8 (Prop_MUXF8_I0_O)      0.030     0.597 f  u_warp_collective_core/u_reduce_f32_add/u_aec_fp32_fma_i_23/O
                         net (fo=11, unplaced)        0.244     0.841    u_warp_collective_core/u_reduce_f32_add/u_aec_fp32_fma/inst/i_synth/FMA_OP.OP/mul/MULT/gDSP.gDSP_only.iDSP/use_prim.appDSP48[0].bppDSP48[0].use_dsp.use_dsp48e2.iDSP48E2/B[10]
                         DSP_A_B_DATA (Prop_DSP_A_B_DATA_B[10]_B2_DATA[10])
                                                      0.151     0.992 r  u_warp_collective_core/u_reduce_f32_add/u_aec_fp32_fma/inst/i_synth/FMA_OP.OP/mul/MULT/gDSP.gDSP_only.iDSP/use_prim.appDSP48[0].bppDSP48[0].use_dsp.use_dsp48e2.iDSP48E2/DSP_A_B_DATA_INST/B2_DATA[10]
                         net (fo=1, unplaced)         0.000     0.992    u_warp_collective_core/u_reduce_f32_add/u_aec_fp32_fma/inst/i_synth/FMA_OP.OP/mul/MULT/gDSP.gDSP_only.iDSP/use_prim.appDSP48[0].bppDSP48[0].use_dsp.use_dsp48e2.iDSP48E2/DSP_A_B_DATA.B2_DATA<10>
                         DSP_PREADD_DATA (Prop_DSP_PREADD_DATA_B2_DATA[10]_B2B1[10])
                                                      0.073     1.065 r  u_warp_collective_core/u_reduce_f32_add/u_aec_fp32_fma/inst/i_synth/FMA_OP.OP/mul/MULT/gDSP.gDSP_only.iDSP/use_prim.appDSP48[0].bppDSP48[0].use_dsp.use_dsp48e2.iDSP48E2/DSP_PREADD_DATA_INST/B2B1[10]
                         net (fo=1, unplaced)         0.000     1.065    u_warp_collective_core/u_reduce_f32_add/u_aec_fp32_fma/inst/i_synth/FMA_OP.OP/mul/MULT/gDSP.gDSP_only.iDSP/use_prim.appDSP48[0].bppDSP48[0].use_dsp.use_dsp48e2.iDSP48E2/DSP_PREADD_DATA.B2B1<10>
                         DSP_MULTIPLIER (Prop_DSP_MULTIPLIER_B2B1[10]_V[39])
                                                      0.609     1.674 f  u_warp_collective_core/u_reduce_f32_add/u_aec_fp32_fma/inst/i_synth/FMA_OP.OP/mul/MULT/gDSP.gDSP_only.iDSP/use_prim.appDSP48[0].bppDSP48[0].use_dsp.use_dsp48e2.iDSP48E2/DSP_MULTIPLIER_INST/V[39]
                         net (fo=1, unplaced)         0.000     1.674    u_warp_collective_core/u_reduce_f32_add/u_aec_fp32_fma/inst/i_synth/FMA_OP.OP/mul/MULT/gDSP.gDSP_only.iDSP/use_prim.appDSP48[0].bppDSP48[0].use_dsp.use_dsp48e2.iDSP48E2/DSP_MULTIPLIER.V<39>
                         DSP_M_DATA (Prop_DSP_M_DATA_V[39]_V_DATA[39])
                                                      0.046     1.720 r  u_warp_collective_core/u_reduce_f32_add/u_aec_fp32_fma/inst/i_synth/FMA_OP.OP/mul/MULT/gDSP.gDSP_only.iDSP/use_prim.appDSP48[0].bppDSP48[0].use_dsp.use_dsp48e2.iDSP48E2/DSP_M_DATA_INST/V_DATA[39]
                         net (fo=1, unplaced)         0.000     1.720    u_warp_collective_core/u_reduce_f32_add/u_aec_fp32_fma/inst/i_synth/FMA_OP.OP/mul/MULT/gDSP.gDSP_only.iDSP/use_prim.appDSP48[0].bppDSP48[0].use_dsp.use_dsp48e2.iDSP48E2/DSP_M_DATA.V_DATA<39>
                         DSP_ALU (Prop_DSP_ALU_V_DATA[39]_ALU_OUT[47])
                                                      0.571     2.291 f  u_warp_collective_core/u_reduce_f32_add/u_aec_fp32_fma/inst/i_synth/FMA_OP.OP/mul/MULT/gDSP.gDSP_only.iDSP/use_prim.appDSP48[0].bppDSP48[0].use_dsp.use_dsp48e2.iDSP48E2/DSP_ALU_INST/ALU_OUT[47]
                         net (fo=1, unplaced)         0.000     2.291    u_warp_collective_core/u_reduce_f32_add/u_aec_fp32_fma/inst/i_synth/FMA_OP.OP/mul/MULT/gDSP.gDSP_only.iDSP/use_prim.appDSP48[0].bppDSP48[0].use_dsp.use_dsp48e2.iDSP48E2/DSP_ALU.ALU_OUT<47>
                         DSP_OUTPUT (Prop_DSP_OUTPUT_ALU_OUT[47]_PCOUT[47])
                                                      0.122     2.413 r  u_warp_collective_core/u_reduce_f32_add/u_aec_fp32_fma/inst/i_synth/FMA_OP.OP/mul/MULT/gDSP.gDSP_only.iDSP/use_prim.appDSP48[0].bppDSP48[0].use_dsp.use_dsp48e2.iDSP48E2/DSP_OUTPUT_INST/PCOUT[47]
                         net (fo=1, unplaced)         0.014     2.427    u_warp_collective_core/u_reduce_f32_add/u_aec_fp32_fma/inst/i_synth/FMA_OP.OP/mul/MULT/gDSP.gDSP_only.iDSP/use_prim.appDSP48[0].bppDSP48[1].use_dsp.use_dsp48e2.iDSP48E2/PCIN[47]
                         DSP_ALU (Prop_DSP_ALU_PCIN[47]_ALU_OUT[15])
                                                      0.546     2.973 f  u_warp_collective_core/u_reduce_f32_add/u_aec_fp32_fma/inst/i_synth/FMA_OP.OP/mul/MULT/gDSP.gDSP_only.iDSP/use_prim.appDSP48[0].bppDSP48[1].use_dsp.use_dsp48e2.iDSP48E2/DSP_ALU_INST/ALU_OUT[15]
                         net (fo=1, unplaced)         0.000     2.973    u_warp_collective_core/u_reduce_f32_add/u_aec_fp32_fma/inst/i_synth/FMA_OP.OP/mul/MULT/gDSP.gDSP_only.iDSP/use_prim.appDSP48[0].bppDSP48[1].use_dsp.use_dsp48e2.iDSP48E2/DSP_ALU.ALU_OUT<15>
                         DSP_OUTPUT (Prop_DSP_OUTPUT_ALU_OUT[15]_P[15])
                                                      0.109     3.082 r  u_warp_collective_core/u_reduce_f32_add/u_aec_fp32_fma/inst/i_synth/FMA_OP.OP/mul/MULT/gDSP.gDSP_only.iDSP/use_prim.appDSP48[0].bppDSP48[1].use_dsp.use_dsp48e2.iDSP48E2/DSP_OUTPUT_INST/P[15]
                         net (fo=8, unplaced)         0.236     3.318    u_warp_collective_core/u_reduce_f32_add/u_aec_fp32_fma/inst/i_synth/FMA_OP.OP/mul/mul_result_wide[32]
                         LUT4 (Prop_LUT4_I1_O)        0.139     3.457 f  u_warp_collective_core/u_reduce_f32_add/u_aec_fp32_fma/inst/i_synth/FMA_OP.OP/mul/CHAIN_GEN[16].C_MUX.CARRY_MUX_i_2__2/O
                         net (fo=1, unplaced)         0.242     3.699    u_warp_collective_core/u_reduce_f32_add/u_aec_fp32_fma/inst/i_synth/FMA_OP.OP/addsub/add/EXP/NUMB_CMP1/NOT_FAST.CMP/C_CHAIN/CHAIN_GEN[23].C_MUX.CARRY_MUX_1[4]
                         CARRY8 (Prop_CARRY8_DI[0]_CO[7])
                                                      0.140     3.839 f  u_warp_collective_core/u_reduce_f32_add/u_aec_fp32_fma/inst/i_synth/FMA_OP.OP/addsub/add/EXP/NUMB_CMP1/NOT_FAST.CMP/C_CHAIN/CHAIN_GEN[16].C_MUX.CARRY_MUX_CARRY4_CARRY8/CO[7]
                         net (fo=1, unplaced)         0.005     3.844    u_warp_collective_core/u_reduce_f32_add/u_aec_fp32_fma/inst/i_synth/FMA_OP.OP/addsub/add/EXP/NUMB_CMP1/NOT_FAST.CMP/C_CHAIN/CHAIN_GEN[23].C_MUX.CARRY_MUX_n_0
                         CARRY8 (Prop_CARRY8_CI_CO[4])
                                                      0.092     3.936 f  u_warp_collective_core/u_reduce_f32_add/u_aec_fp32_fma/inst/i_synth/FMA_OP.OP/addsub/add/EXP/NUMB_CMP1/NOT_FAST.CMP/C_CHAIN/CHAIN_GEN[24].C_MUX.CARRY_MUX_CARRY4_CARRY8/CO[4]
                         net (fo=2, unplaced)         0.183     4.119    u_warp_collective_core/u_reduce_f32_add/u_aec_fp32_fma/inst/i_synth/FMA_OP.OP/addsub/add/EXP/NUMB_CMP0/NOT_FAST.CMP/C_CHAIN/CHAIN_GEN[0].C_MUX.CARRY_MUX_1[0]
                         LUT5 (Prop_LUT5_I4_O)        0.038     4.157 f  u_warp_collective_core/u_reduce_f32_add/u_aec_fp32_fma/inst/i_synth/FMA_OP.OP/addsub/add/EXP/NUMB_CMP0/NOT_FAST.CMP/C_CHAIN/CHAIN_GEN[0].C_MUX.CARRY_MUX_i_2__7/O
                         net (fo=52, unplaced)        0.256     4.413    u_warp_collective_core/u_reduce_f32_add/u_aec_fp32_fma/inst/i_synth/FMA_OP.OP/mul/b_largest
                         LUT6 (Prop_LUT6_I4_O)        0.038     4.451 f  u_warp_collective_core/u_reduce_f32_add/u_aec_fp32_fma/inst/i_synth/FMA_OP.OP/mul/CHAIN_GEN[1].C_MUX.CARRY_MUX_i_2__0/O
                         net (fo=3, unplaced)         0.147     4.598    u_warp_collective_core/u_reduce_f32_add/u_aec_fp32_fma/inst/i_synth/FMA_OP.OP/mul/sml_shift_mux__95[4]
                         LUT4 (Prop_LUT4_I0_O)        0.100     4.698 r  u_warp_collective_core/u_reduce_f32_add/u_aec_fp32_fma/inst/i_synth/FMA_OP.OP/mul/CHAIN_GEN[1].C_MUX.CARRY_MUX_i_1__2/O
                         net (fo=1, unplaced)         0.023     4.721    u_warp_collective_core/u_reduce_f32_add/u_aec_fp32_fma/inst/i_synth/FMA_OP.OP/addsub/add/ALIGN_BLK/aligner.ALIGN_SHIFT/ALIGN_Z_D/EQ_ZERO/CARRY_ZERO_DET/CHAIN_GEN[11].C_MUX.CARRY_MUX_0[1]
                         CARRY8 (Prop_CARRY8_S[1]_CO[7])
                                                      0.197     4.918 r  u_warp_collective_core/u_reduce_f32_add/u_aec_fp32_fma/inst/i_synth/FMA_OP.OP/addsub/add/ALIGN_BLK/aligner.ALIGN_SHIFT/ALIGN_Z_D/EQ_ZERO/CARRY_ZERO_DET/CHAIN_GEN[0].C_MUX.CARRY_MUX_CARRY4_CARRY8/CO[7]
                         net (fo=2, unplaced)         0.005     4.923    u_warp_collective_core/u_reduce_f32_add/u_aec_fp32_fma/inst/i_synth/FMA_OP.OP/addsub/add/ALIGN_BLK/aligner.ALIGN_SHIFT/ALIGN_Z_D/EQ_ZERO/CARRY_ZERO_DET/CARRYS_OUT[7]
                         CARRY8 (Prop_CARRY8_CI_CO[2])
                                                      0.057     4.980 r  u_warp_collective_core/u_reduce_f32_add/u_aec_fp32_fma/inst/i_synth/FMA_OP.OP/addsub/add/ALIGN_BLK/aligner.ALIGN_SHIFT/ALIGN_Z_D/EQ_ZERO/CARRY_ZERO_DET/CHAIN_GEN[8].C_MUX.CARRY_MUX_CARRY4_CARRY8/CO[2]
                         net (fo=1, unplaced)         0.185     5.165    u_warp_collective_core/u_reduce_f32_add/u_aec_fp32_fma/inst/i_synth/FMA_OP.OP/addsub/add/EXP/bma_exp_cc/CARRYS_OUT[10]
                         LUT6 (Prop_LUT6_I0_O)        0.038     5.203 r  u_warp_collective_core/u_reduce_f32_add/u_aec_fp32_fma/inst/i_synth/FMA_OP.OP/addsub/add/EXP/bma_exp_cc/MUX_LOOP[2].OTHER_LEVELS.DO_CHUNKS[0].LUT6_STRUCT_MUX.MUX1_i_7/O
                         net (fo=1, unplaced)         0.185     5.388    u_warp_collective_core/u_reduce_f32_add/u_aec_fp32_fma/inst/i_synth/FMA_OP.OP/addsub/add/EXP/bma_exp_cc/MUX_LOOP[2].OTHER_LEVELS.DO_CHUNKS[0].LUT6_STRUCT_MUX.MUX1_i_7_n_0
                         LUT6 (Prop_LUT6_I5_O)        0.038     5.426 r  u_warp_collective_core/u_reduce_f32_add/u_aec_fp32_fma/inst/i_synth/FMA_OP.OP/addsub/add/EXP/bma_exp_cc/MUX_LOOP[2].OTHER_LEVELS.DO_CHUNKS[0].LUT6_STRUCT_MUX.MUX1_i_3/O
                         net (fo=1, unplaced)         0.185     5.611    u_warp_collective_core/u_reduce_f32_add/u_aec_fp32_fma/inst/i_synth/FMA_OP.OP/addsub/add/EXP/bma_exp_cc/MUX_LOOP[2].OTHER_LEVELS.DO_CHUNKS[0].LUT6_STRUCT_MUX.MUX1_i_3_n_0
                         LUT6 (Prop_LUT6_I0_O)        0.037     5.648 r  u_warp_collective_core/u_reduce_f32_add/u_aec_fp32_fma/inst/i_synth/FMA_OP.OP/addsub/add/EXP/bma_exp_cc/MUX_LOOP[2].OTHER_LEVELS.DO_CHUNKS[0].LUT6_STRUCT_MUX.MUX1_i_1/O
                         net (fo=1, unplaced)         0.024     5.672    u_warp_collective_core/u_reduce_f32_add/u_aec_fp32_fma/inst/i_synth/FMA_OP.OP/addsub/add/ALIGN_BLK/aligner.ALIGN_SHIFT/ALIGN_Z_D/zero_det_unreg[1]_0[2]
                         MUXF7 (Prop_MUXF7_I0_O)      0.067     5.739 r  u_warp_collective_core/u_reduce_f32_add/u_aec_fp32_fma/inst/i_synth/FMA_OP.OP/addsub/add/ALIGN_BLK/aligner.ALIGN_SHIFT/ALIGN_Z_D/MUX_LOOP[2].OTHER_LEVELS.DO_CHUNKS[0].LUT6_STRUCT_MUX.MUX1/O
                         net (fo=1, unplaced)         0.000     5.739    u_warp_collective_core/u_reduce_f32_add/u_aec_fp32_fma/inst/i_synth/FMA_OP.OP/addsub/add/ALIGN_BLK/aligner.ALIGN_SHIFT/ALIGN_Z_D/MUX_LOOP[2].OTHER_LEVELS.DO_CHUNKS[0].LUT6_STRUCT_MUX.mux0_1
                         MUXF8 (Prop_MUXF8_I1_O)      0.028     5.767 r  u_warp_collective_core/u_reduce_f32_add/u_aec_fp32_fma/inst/i_synth/FMA_OP.OP/addsub/add/ALIGN_BLK/aligner.ALIGN_SHIFT/ALIGN_Z_D/MUX_LOOP[2].OTHER_LEVELS.DO_CHUNKS[0].LUT6_STRUCT_MUX.MUX2/O
                         net (fo=2, unplaced)         0.185     5.952    u_warp_collective_core/u_reduce_f32_add/u_aec_fp32_fma/inst/i_synth/FMA_OP.OP/addsub/add/ALIGN_BLK/aligner.ALIGN_SHIFT/ALIGN_Z_D/zeros_z_det_a
                         LUT4 (Prop_LUT4_I1_O)        0.037     5.989 r  u_warp_collective_core/u_reduce_f32_add/u_aec_fp32_fma/inst/i_synth/FMA_OP.OP/addsub/add/ALIGN_BLK/aligner.ALIGN_SHIFT/ALIGN_Z_D/STRUCT_ADD1.CARRY_MUX2_i_1/O
                         net (fo=1, unplaced)         0.023     6.012    u_warp_collective_core/u_reduce_f32_add/u_aec_fp32_fma/inst/i_synth/FMA_OP.OP/addsub/add/ALIGN_BLK/FRAC_ADDSUB/LOGIC_ADD.FRAC_ADDSUB/STRUCT_ADD1.CARRY_MUX2_0
                         CARRY8 (Prop_CARRY8_S[1]_CO[7])
                                                      0.197     6.209 r  u_warp_collective_core/u_reduce_f32_add/u_aec_fp32_fma/inst/i_synth/FMA_OP.OP/addsub/add/ALIGN_BLK/FRAC_ADDSUB/LOGIC_ADD.FRAC_ADDSUB/STRUCT_ADD1.CARRY_MUX1_CARRY4_CARRY8/CO[7]
                         net (fo=1, unplaced)         0.005     6.214    u_warp_collective_core/u_reduce_f32_add/u_aec_fp32_fma/inst/i_synth/FMA_OP.OP/addsub/add/ALIGN_BLK/FRAC_ADDSUB/LOGIC_ADD.FRAC_ADDSUB/STRUCT_ADD1.ADD1/CHAIN_GEN[5].C_MUX.CARRY_MUX_n_0
                         CARRY8 (Prop_CARRY8_CI_CO[7])
                                                      0.022     6.236 r  u_warp_collective_core/u_reduce_f32_add/u_aec_fp32_fma/inst/i_synth/FMA_OP.OP/addsub/add/ALIGN_BLK/FRAC_ADDSUB/LOGIC_ADD.FRAC_ADDSUB/STRUCT_ADD1.ADD1/CHAIN_GEN[6].C_MUX.CARRY_MUX_CARRY4_CARRY8/CO[7]
                         net (fo=1, unplaced)         0.005     6.241    u_warp_collective_core/u_reduce_f32_add/u_aec_fp32_fma/inst/i_synth/FMA_OP.OP/addsub/add/ALIGN_BLK/FRAC_ADDSUB/LOGIC_ADD.FRAC_ADDSUB/STRUCT_ADD1.ADD1/CHAIN_GEN[13].C_MUX.CARRY_MUX_n_0
                         CARRY8 (Prop_CARRY8_CI_CO[7])
                                                      0.022     6.263 r  u_warp_collective_core/u_reduce_f32_add/u_aec_fp32_fma/inst/i_synth/FMA_OP.OP/addsub/add/ALIGN_BLK/FRAC_ADDSUB/LOGIC_ADD.FRAC_ADDSUB/STRUCT_ADD1.ADD1/CHAIN_GEN[14].C_MUX.CARRY_MUX_CARRY4_CARRY8/CO[7]
                         net (fo=1, unplaced)         0.005     6.268    u_warp_collective_core/u_reduce_f32_add/u_aec_fp32_fma/inst/i_synth/FMA_OP.OP/addsub/add/ALIGN_BLK/FRAC_ADDSUB/LOGIC_ADD.FRAC_ADDSUB/STRUCT_ADD1.ADD1/CHAIN_GEN[21].C_MUX.CARRY_MUX_n_0
                         CARRY8 (Prop_CARRY8_CI_CO[7])
                                                      0.022     6.290 r  u_warp_collective_core/u_reduce_f32_add/u_aec_fp32_fma/inst/i_synth/FMA_OP.OP/addsub/add/ALIGN_BLK/FRAC_ADDSUB/LOGIC_ADD.FRAC_ADDSUB/STRUCT_ADD1.ADD1/CHAIN_GEN[22].C_MUX.CARRY_MUX_CARRY4_CARRY8/CO[7]
                         net (fo=1, unplaced)         0.005     6.295    u_warp_collective_core/u_reduce_f32_add/u_aec_fp32_fma/inst/i_synth/FMA_OP.OP/addsub/add/ALIGN_BLK/FRAC_ADDSUB/LOGIC_ADD.FRAC_ADDSUB/STRUCT_ADD2.ADD1/CHAIN_GEN[4].C_MUX.CARRY_MUX_n_0
                         CARRY8 (Prop_CARRY8_CI_CO[7])
                                                      0.022     6.317 r  u_warp_collective_core/u_reduce_f32_add/u_aec_fp32_fma/inst/i_synth/FMA_OP.OP/addsub/add/ALIGN_BLK/FRAC_ADDSUB/LOGIC_ADD.FRAC_ADDSUB/STRUCT_ADD2.ADD1/CHAIN_GEN[5].C_MUX.CARRY_MUX_CARRY4_CARRY8/CO[7]
                         net (fo=1, unplaced)         0.005     6.322    u_warp_collective_core/u_reduce_f32_add/u_aec_fp32_fma/inst/i_synth/FMA_OP.OP/addsub/add/ALIGN_BLK/FRAC_ADDSUB/LOGIC_ADD.FRAC_ADDSUB/STRUCT_ADD2.ADD1/CHAIN_GEN[12].C_MUX.CARRY_MUX_n_0
                         CARRY8 (Prop_CARRY8_CI_CO[7])
                                                      0.022     6.344 r  u_warp_collective_core/u_reduce_f32_add/u_aec_fp32_fma/inst/i_synth/FMA_OP.OP/addsub/add/ALIGN_BLK/FRAC_ADDSUB/LOGIC_ADD.FRAC_ADDSUB/STRUCT_ADD2.ADD1/CHAIN_GEN[13].C_MUX.CARRY_MUX_CARRY4_CARRY8/CO[7]
                         net (fo=1, unplaced)         0.005     6.349    u_warp_collective_core/u_reduce_f32_add/u_aec_fp32_fma/inst/i_synth/FMA_OP.OP/addsub/add/ALIGN_BLK/FRAC_ADDSUB/LOGIC_ADD.FRAC_ADDSUB/STRUCT_ADD2.ADD1/CHAIN_GEN[20].C_MUX.CARRY_MUX_n_0
                         CARRY8 (Prop_CARRY8_CI_O[4])
                                                      0.086     6.435 f  u_warp_collective_core/u_reduce_f32_add/u_aec_fp32_fma/inst/i_synth/FMA_OP.OP/addsub/add/ALIGN_BLK/FRAC_ADDSUB/LOGIC_ADD.FRAC_ADDSUB/STRUCT_ADD2.ADD1/CHAIN_GEN[21].C_MUX.CARRY_MUX_CARRY4_CARRY8/O[4]
                         net (fo=4, unplaced)         0.197     6.632    u_warp_collective_core/u_reduce_f32_add/u_aec_fp32_fma/inst/i_synth/FMA_OP.OP/addsub/add/ALIGN_BLK/FRAC_ADDSUB/LOGIC_ADD.FRAC_ADDSUB/STRUCT_ADD2.ADD1/Q[17]
                         LUT4 (Prop_LUT4_I0_O)        0.100     6.732 r  u_warp_collective_core/u_reduce_f32_add/u_aec_fp32_fma/inst/i_synth/FMA_OP.OP/addsub/add/ALIGN_BLK/FRAC_ADDSUB/LOGIC_ADD.FRAC_ADDSUB/STRUCT_ADD2.ADD1/CHAIN_GEN[0].C_MUX.CARRY_MUX_i_1__7/O
                         net (fo=1, unplaced)         0.020     6.752    u_warp_collective_core/u_reduce_f32_add/u_aec_fp32_fma/inst/i_synth/FMA_OP.OP/addsub/add/NORM/LZE/ZERO_DET_CC_1/chunk_is_zero[0]
                         CARRY8 (Prop_CARRY8_S[0]_CO[7])
                                                      0.199     6.951 r  u_warp_collective_core/u_reduce_f32_add/u_aec_fp32_fma/inst/i_synth/FMA_OP.OP/addsub/add/NORM/LZE/ZERO_DET_CC_1/CHAIN_GEN[0].C_MUX.CARRY_MUX_CARRY4_CARRY8/CO[7]
                         net (fo=68, unplaced)        0.290     7.241    u_warp_collective_core/u_reduce_f32_add/u_aec_fp32_fma/inst/i_synth/FMA_OP.OP/addsub/add/NORM/LZE/ZERO_DET_CC_1/CARRYS_OUT[1]
                         LUT6 (Prop_LUT6_I4_O)        0.038     7.279 r  u_warp_collective_core/u_reduce_f32_add/u_aec_fp32_fma/inst/i_synth/FMA_OP.OP/addsub/add/NORM/LZE/ZERO_DET_CC_1/CHAIN_GEN[1].C_MUX.CARRY_MUX_i_2__4/O
                         net (fo=60, unplaced)        0.215     7.494    u_warp_collective_core/u_reduce_f32_add/u_aec_fp32_fma/inst/i_synth/FMA_OP.OP/addsub/add/ALIGN_BLK/FRAC_ADDSUB/LOGIC_ADD.FRAC_ADDSUB/STRUCT_ADD1.ADD1/norm_dist[1]
                         LUT5 (Prop_LUT5_I1_O)        0.100     7.594 r  u_warp_collective_core/u_reduce_f32_add/u_aec_fp32_fma/inst/i_synth/FMA_OP.OP/addsub/add/ALIGN_BLK/FRAC_ADDSUB/LOGIC_ADD.FRAC_ADDSUB/STRUCT_ADD1.ADD1/norm_exp_carry_i_12/O
                         net (fo=1, unplaced)         0.141     7.735    u_warp_collective_core/u_reduce_f32_add/u_aec_fp32_fma/inst/i_synth/FMA_OP.OP/addsub/add/ALIGN_BLK/FRAC_ADDSUB/LOGIC_ADD.FRAC_ADDSUB/STRUCT_ADD2.ADD1/RESULT_REG.NORMAL.mant_op[21]_i_12
                         LUT6 (Prop_LUT6_I1_O)        0.100     7.835 r  u_warp_collective_core/u_reduce_f32_add/u_aec_fp32_fma/inst/i_synth/FMA_OP.OP/addsub/add/ALIGN_BLK/FRAC_ADDSUB/LOGIC_ADD.FRAC_ADDSUB/STRUCT_ADD2.ADD1/norm_exp_carry_i_9/O
                         net (fo=7, unplaced)         0.210     8.045    u_warp_collective_core/u_reduce_f32_add/u_aec_fp32_fma/inst/i_synth/FMA_OP.OP/addsub/add/EXP/EXP_OFF.STRUCT_ADD/norm_dist[1]
                         LUT2 (Prop_LUT2_I1_O)        0.037     8.082 r  u_warp_collective_core/u_reduce_f32_add/u_aec_fp32_fma/inst/i_synth/FMA_OP.OP/addsub/add/EXP/EXP_OFF.STRUCT_ADD/norm_exp_carry_i_7/O
                         net (fo=1, unplaced)         0.023     8.105    u_warp_collective_core/u_reduce_f32_add/u_aec_fp32_fma/inst/i_synth/FMA_OP.OP/addsub/add/EXP/EXP_OFF.STRUCT_ADD_n_5
                         CARRY8 (Prop_CARRY8_S[1]_O[6])
                                                      0.224     8.329 r  u_warp_collective_core/u_reduce_f32_add/u_aec_fp32_fma/inst/i_synth/FMA_OP.OP/addsub/add/EXP/norm_exp_carry/O[6]
                         net (fo=4, unplaced)         0.103     8.432    u_warp_collective_core/u_reduce_f32_add/u_aec_fp32_fma/inst/i_synth/FMA_OP.OP/addsub/add/EXP/exp_op[6]
                         LUT4 (Prop_LUT4_I0_O)        0.139     8.571 r  u_warp_collective_core/u_reduce_f32_add/u_aec_fp32_fma/inst/i_synth/FMA_OP.OP/addsub/add/EXP/RESULT_REG.NORMAL.mant_op[21]_i_22/O
                         net (fo=2, unplaced)         0.185     8.756    u_warp_collective_core/u_reduce_f32_add/u_aec_fp32_fma/inst/i_synth/FMA_OP.OP/addsub/add/EXP/EXP_OFF.STRUCT_ADD/RESULT_REG.NORMAL.mant_op[21]_i_5_0
                         LUT6 (Prop_LUT6_I2_O)        0.038     8.794 r  u_warp_collective_core/u_reduce_f32_add/u_aec_fp32_fma/inst/i_synth/FMA_OP.OP/addsub/add/EXP/EXP_OFF.STRUCT_ADD/RESULT_REG.NORMAL.mant_op[21]_i_17/O
                         net (fo=4, unplaced)         0.152     8.946    u_warp_collective_core/u_reduce_f32_add/u_aec_fp32_fma/inst/i_synth/FMA_OP.OP/addsub/add/EXP/EXP_OFF.STRUCT_ADD/conv_exp.downsize_exp/exp_flt_all_one_rnd
                         LUT3 (Prop_LUT3_I0_O)        0.112     9.058 r  u_warp_collective_core/u_reduce_f32_add/u_aec_fp32_fma/inst/i_synth/FMA_OP.OP/addsub/add/EXP/EXP_OFF.STRUCT_ADD/RESULT_REG.NORMAL.mant_op[22]_i_2/O
                         net (fo=6, unplaced)         0.207     9.265    u_warp_collective_core/u_reduce_f32_add/u_aec_fp32_fma/inst/i_synth/FMA_OP.OP/addsub/add/EXP/EXP_OFF.STRUCT_ADD/conv_exp.downsize_exp/state_rnd__5[0]
                         LUT3 (Prop_LUT3_I2_O)        0.038     9.303 r  u_warp_collective_core/u_reduce_f32_add/u_aec_fp32_fma/inst/i_synth/FMA_OP.OP/addsub/add/EXP/EXP_OFF.STRUCT_ADD/RESULT_REG.NORMAL.exp_op[2]_i_2/O
                         net (fo=5, unplaced)         0.203     9.506    u_warp_collective_core/u_reduce_f32_add/u_aec_fp32_fma/inst/i_synth/FMA_OP.OP/addsub/add/EXP/EXP_OFF.STRUCT_ADD/op_state[0]
                         LUT6 (Prop_LUT6_I4_O)        0.038     9.544 r  u_warp_collective_core/u_reduce_f32_add/u_aec_fp32_fma/inst/i_synth/FMA_OP.OP/addsub/add/EXP/EXP_OFF.STRUCT_ADD/RESULT_REG.NORMAL.mant_op[21]_i_1/O
                         net (fo=22, unplaced)        0.237     9.781    u_warp_collective_core/u_reduce_f32_add/u_aec_fp32_fma/inst/i_synth/FMA_OP.OP/addsub/add/OP/RESULT_REG.NORMAL.mant_op_reg[21]_0
                         FDRE                                         r  u_warp_collective_core/u_reduce_f32_add/u_aec_fp32_fma/inst/i_synth/FMA_OP.OP/addsub/add/OP/RESULT_REG.NORMAL.mant_op_reg[21]/R
  -------------------------------------------------------------------    -------------------

                         (clock clk_i rise edge)      5.556     5.556 r  
                                                      0.000     5.556 r  clk_i (IN)
                         net (fo=37177, unset)        0.020     5.576    u_warp_collective_core/u_reduce_f32_add/u_aec_fp32_fma/inst/i_synth/FMA_OP.OP/addsub/add/OP/aclk
                         FDRE                                         r  u_warp_collective_core/u_reduce_f32_add/u_aec_fp32_fma/inst/i_synth/FMA_OP.OP/addsub/add/OP/RESULT_REG.NORMAL.mant_op_reg[21]/C
                         clock pessimism              0.000     5.576    
                         clock uncertainty           -0.035     5.541    
                         FDRE (Setup_FDRE_C_R)       -0.074     5.467    u_warp_collective_core/u_reduce_f32_add/u_aec_fp32_fma/inst/i_synth/FMA_OP.OP/addsub/add/OP/RESULT_REG.NORMAL.mant_op_reg[21]
  -------------------------------------------------------------------
                         required time                          5.467    
                         arrival time                          -9.781    
  -------------------------------------------------------------------
                         slack                                 -4.314    

Slack (VIOLATED) :        -4.314ns  (required time - arrival time)
  Source:                 u_warp_collective_core/lane_val_q_reg[6][10]/C
                            (rising edge-triggered cell FDCE clocked by clk_i  {rise@0.000ns fall@2.778ns period=5.556ns})
  Destination:            u_warp_collective_core/u_reduce_f32_add/u_aec_fp32_fma/inst/i_synth/FMA_OP.OP/addsub/add/OP/RESULT_REG.NORMAL.mant_op_reg[2]/R
                            (rising edge-triggered cell FDRE clocked by clk_i  {rise@0.000ns fall@2.778ns period=5.556ns})
  Path Group:             clk_i
  Path Type:              Setup (Max at Slow Process Corner)
  Requirement:            5.556ns  (clk_i rise@5.556ns - clk_i rise@0.000ns)
  Data Path Delay:        9.753ns  (logic 5.150ns (52.804%)  route 4.603ns (47.196%))
  Logic Levels:           44  (CARRY8=13 DSP_A_B_DATA=1 DSP_ALU=2 DSP_M_DATA=1 DSP_MULTIPLIER=1 DSP_OUTPUT=2 DSP_PREADD_DATA=1 LUT2=1 LUT3=2 LUT4=5 LUT5=2 LUT6=9 MUXF7=2 MUXF8=2)
  Clock Path Skew:        -0.008ns (DCD - SCD + CPR)
    Destination Clock Delay (DCD):    0.020ns = ( 5.576 - 5.556 ) 
    Source Clock Delay      (SCD):    0.028ns
    Clock Pessimism Removal (CPR):    0.000ns
  Clock Uncertainty:      0.035ns  ((TSJ^2 + TIJ^2)^1/2 + DJ) / 2 + PE
    Total System Jitter     (TSJ):    0.071ns
    Total Input Jitter      (TIJ):    0.000ns
    Discrete Jitter          (DJ):    0.000ns
    Phase Error              (PE):    0.000ns

    Location             Delay type                Incr(ns)  Path(ns)    Netlist Resource(s)
  -------------------------------------------------------------------    -------------------
                         (clock clk_i rise edge)      0.000     0.000 r  
                                                      0.000     0.000 r  clk_i (IN)
                         net (fo=37177, unset)        0.028     0.028    u_warp_collective_core/clk_i
                         FDCE                                         r  u_warp_collective_core/lane_val_q_reg[6][10]/C
  -------------------------------------------------------------------    -------------------
                         FDCE (Prop_FDCE_C_Q)         0.077     0.105 f  u_warp_collective_core/lane_val_q_reg[6][10]/Q
                         net (fo=35, unplaced)        0.216     0.321    u_warp_collective_core/u_reduce_f32_add/u_aec_fp32_fma_i_66_0[10]
                         LUT6 (Prop_LUT6_I0_O)        0.145     0.466 f  u_warp_collective_core/u_reduce_f32_add/u_aec_fp32_fma_i_344/O
                         net (fo=1, unplaced)         0.032     0.498    u_warp_collective_core/u_reduce_f32_add/u_aec_fp32_fma_i_344_n_0
                         MUXF7 (Prop_MUXF7_I0_O)      0.069     0.567 f  u_warp_collective_core/u_reduce_f32_add/u_aec_fp32_fma_i_108/O
                         net (fo=1, unplaced)         0.000     0.567    u_warp_collective_core/u_reduce_f32_add/u_aec_fp32_fma_i_108_n_0
                         MUXF8 (Prop_MUXF8_I0_O)      0.030     0.597 f  u_warp_collective_core/u_reduce_f32_add/u_aec_fp32_fma_i_23/O
                         net (fo=11, unplaced)        0.244     0.841    u_warp_collective_core/u_reduce_f32_add/u_aec_fp32_fma/inst/i_synth/FMA_OP.OP/mul/MULT/gDSP.gDSP_only.iDSP/use_prim.appDSP48[0].bppDSP48[0].use_dsp.use_dsp48e2.iDSP48E2/B[10]
                         DSP_A_B_DATA (Prop_DSP_A_B_DATA_B[10]_B2_DATA[10])
                                                      0.151     0.992 r  u_warp_collective_core/u_reduce_f32_add/u_aec_fp32_fma/inst/i_synth/FMA_OP.OP/mul/MULT/gDSP.gDSP_only.iDSP/use_prim.appDSP48[0].bppDSP48[0].use_dsp.use_dsp48e2.iDSP48E2/DSP_A_B_DATA_INST/B2_DATA[10]
                         net (fo=1, unplaced)         0.000     0.992    u_warp_collective_core/u_reduce_f32_add/u_aec_fp32_fma/inst/i_synth/FMA_OP.OP/mul/MULT/gDSP.gDSP_only.iDSP/use_prim.appDSP48[0].bppDSP48[0].use_dsp.use_dsp48e2.iDSP48E2/DSP_A_B_DATA.B2_DATA<10>
                         DSP_PREADD_DATA (Prop_DSP_PREADD_DATA_B2_DATA[10]_B2B1[10])
                                                      0.073     1.065 r  u_warp_collective_core/u_reduce_f32_add/u_aec_fp32_fma/inst/i_synth/FMA_OP.OP/mul/MULT/gDSP.gDSP_only.iDSP/use_prim.appDSP48[0].bppDSP48[0].use_dsp.use_dsp48e2.iDSP48E2/DSP_PREADD_DATA_INST/B2B1[10]
                         net (fo=1, unplaced)         0.000     1.065    u_warp_collective_core/u_reduce_f32_add/u_aec_fp32_fma/inst/i_synth/FMA_OP.OP/mul/MULT/gDSP.gDSP_only.iDSP/use_prim.appDSP48[0].bppDSP48[0].use_dsp.use_dsp48e2.iDSP48E2/DSP_PREADD_DATA.B2B1<10>
                         DSP_MULTIPLIER (Prop_DSP_MULTIPLIER_B2B1[10]_V[39])
                                                      0.609     1.674 f  u_warp_collective_core/u_reduce_f32_add/u_aec_fp32_fma/inst/i_synth/FMA_OP.OP/mul/MULT/gDSP.gDSP_only.iDSP/use_prim.appDSP48[0].bppDSP48[0].use_dsp.use_dsp48e2.iDSP48E2/DSP_MULTIPLIER_INST/V[39]
                         net (fo=1, unplaced)         0.000     1.674    u_warp_collective_core/u_reduce_f32_add/u_aec_fp32_fma/inst/i_synth/FMA_OP.OP/mul/MULT/gDSP.gDSP_only.iDSP/use_prim.appDSP48[0].bppDSP48[0].use_dsp.use_dsp48e2.iDSP48E2/DSP_MULTIPLIER.V<39>
                         DSP_M_DATA (Prop_DSP_M_DATA_V[39]_V_DATA[39])
                                                      0.046     1.720 r  u_warp_collective_core/u_reduce_f32_add/u_aec_fp32_fma/inst/i_synth/FMA_OP.OP/mul/MULT/gDSP.gDSP_only.iDSP/use_prim.appDSP48[0].bppDSP48[0].use_dsp.use_dsp48e2.iDSP48E2/DSP_M_DATA_INST/V_DATA[39]
                         net (fo=1, unplaced)         0.000     1.720    u_warp_collective_core/u_reduce_f32_add/u_aec_fp32_fma/inst/i_synth/FMA_OP.OP/mul/MULT/gDSP.gDSP_only.iDSP/use_prim.appDSP48[0].bppDSP48[0].use_dsp.use_dsp48e2.iDSP48E2/DSP_M_DATA.V_DATA<39>
                         DSP_ALU (Prop_DSP_ALU_V_DATA[39]_ALU_OUT[47])
                                                      0.571     2.291 f  u_warp_collective_core/u_reduce_f32_add/u_aec_fp32_fma/inst/i_synth/FMA_OP.OP/mul/MULT/gDSP.gDSP_only.iDSP/use_prim.appDSP48[0].bppDSP48[0].use_dsp.use_dsp48e2.iDSP48E2/DSP_ALU_INST/ALU_OUT[47]
                         net (fo=1, unplaced)         0.000     2.291    u_warp_collective_core/u_reduce_f32_add/u_aec_fp32_fma/inst/i_synth/FMA_OP.OP/mul/MULT/gDSP.gDSP_only.iDSP/use_prim.appDSP48[0].bppDSP48[0].use_dsp.use_dsp48e2.iDSP48E2/DSP_ALU.ALU_OUT<47>
                         DSP_OUTPUT (Prop_DSP_OUTPUT_ALU_OUT[47]_PCOUT[47])
                                                      0.122     2.413 r  u_warp_collective_core/u_reduce_f32_add/u_aec_fp32_fma/inst/i_synth/FMA_OP.OP/mul/MULT/gDSP.gDSP_only.iDSP/use_prim.appDSP48[0].bppDSP48[0].use_dsp.use_dsp48e2.iDSP48E2/DSP_OUTPUT_INST/PCOUT[47]
                         net (fo=1, unplaced)         0.014     2.427    u_warp_collective_core/u_reduce_f32_add/u_aec_fp32_fma/inst/i_synth/FMA_OP.OP/mul/MULT/gDSP.gDSP_only.iDSP/use_prim.appDSP48[0].bppDSP48[1].use_dsp.use_dsp48e2.iDSP48E2/PCIN[47]
                         DSP_ALU (Prop_DSP_ALU_PCIN[47]_ALU_OUT[15])
                                                      0.546     2.973 f  u_warp_collective_core/u_reduce_f32_add/u_aec_fp32_fma/inst/i_synth/FMA_OP.OP/mul/MULT/gDSP.gDSP_only.iDSP/use_prim.appDSP48[0].bppDSP48[1].use_dsp.use_dsp48e2.iDSP48E2/DSP_ALU_INST/ALU_OUT[15]
                         net (fo=1, unplaced)         0.000     2.973    u_warp_collective_core/u_reduce_f32_add/u_aec_fp32_fma/inst/i_synth/FMA_OP.OP/mul/MULT/gDSP.gDSP_only.iDSP/use_prim.appDSP48[0].bppDSP48[1].use_dsp.use_dsp48e2.iDSP48E2/DSP_ALU.ALU_OUT<15>
                         DSP_OUTPUT (Prop_DSP_OUTPUT_ALU_OUT[15]_P[15])
                                                      0.109     3.082 r  u_warp_collective_core/u_reduce_f32_add/u_aec_fp32_fma/inst/i_synth/FMA_OP.OP/mul/MULT/gDSP.gDSP_only.iDSP/use_prim.appDSP48[0].bppDSP48[1].use_dsp.use_dsp48e2.iDSP48E2/DSP_OUTPUT_INST/P[15]
                         net (fo=8, unplaced)         0.236     3.318    u_warp_collective_core/u_reduce_f32_add/u_aec_fp32_fma/inst/i_synth/FMA_OP.OP/mul/mul_result_wide[32]
                         LUT4 (Prop_LUT4_I1_O)        0.139     3.457 f  u_warp_collective_core/u_reduce_f32_add/u_aec_fp32_fma/inst/i_synth/FMA_OP.OP/mul/CHAIN_GEN[16].C_MUX.CARRY_MUX_i_2__2/O
                         net (fo=1, unplaced)         0.242     3.699    u_warp_collective_core/u_reduce_f32_add/u_aec_fp32_fma/inst/i_synth/FMA_OP.OP/addsub/add/EXP/NUMB_CMP1/NOT_FAST.CMP/C_CHAIN/CHAIN_GEN[23].C_MUX.CARRY_MUX_1[4]
                         CARRY8 (Prop_CARRY8_DI[0]_CO[7])
                                                      0.140     3.839 f  u_warp_collective_core/u_reduce_f32_add/u_aec_fp32_fma/inst/i_synth/FMA_OP.OP/addsub/add/EXP/NUMB_CMP1/NOT_FAST.CMP/C_CHAIN/CHAIN_GEN[16].C_MUX.CARRY_MUX_CARRY4_CARRY8/CO[7]
                         net (fo=1, unplaced)         0.005     3.844    u_warp_collective_core/u_reduce_f32_add/u_aec_fp32_fma/inst/i_synth/FMA_OP.OP/addsub/add/EXP/NUMB_CMP1/NOT_FAST.CMP/C_CHAIN/CHAIN_GEN[23].C_MUX.CARRY_MUX_n_0
                         CARRY8 (Prop_CARRY8_CI_CO[4])
                                                      0.092     3.936 f  u_warp_collective_core/u_reduce_f32_add/u_aec_fp32_fma/inst/i_synth/FMA_OP.OP/addsub/add/EXP/NUMB_CMP1/NOT_FAST.CMP/C_CHAIN/CHAIN_GEN[24].C_MUX.CARRY_MUX_CARRY4_CARRY8/CO[4]
                         net (fo=2, unplaced)         0.183     4.119    u_warp_collective_core/u_reduce_f32_add/u_aec_fp32_fma/inst/i_synth/FMA_OP.OP/addsub/add/EXP/NUMB_CMP0/NOT_FAST.CMP/C_CHAIN/CHAIN_GEN[0].C_MUX.CARRY_MUX_1[0]
                         LUT5 (Prop_LUT5_I4_O)        0.038     4.157 f  u_warp_collective_core/u_reduce_f32_add/u_aec_fp32_fma/inst/i_synth/FMA_OP.OP/addsub/add/EXP/NUMB_CMP0/NOT_FAST.CMP/C_CHAIN/CHAIN_GEN[0].C_MUX.CARRY_MUX_i_2__7/O
                         net (fo=52, unplaced)        0.256     4.413    u_warp_collective_core/u_reduce_f32_add/u_aec_fp32_fma/inst/i_synth/FMA_OP.OP/mul/b_largest
                         LUT6 (Prop_LUT6_I4_O)        0.038     4.451 f  u_warp_collective_core/u_reduce_f32_add/u_aec_fp32_fma/inst/i_synth/FMA_OP.OP/mul/CHAIN_GEN[1].C_MUX.CARRY_MUX_i_2__0/O
                         net (fo=3, unplaced)         0.147     4.598    u_warp_collective_core/u_reduce_f32_add/u_aec_fp32_fma/inst/i_synth/FMA_OP.OP/mul/sml_shift_mux__95[4]
                         LUT4 (Prop_LUT4_I0_O)        0.100     4.698 r  u_warp_collective_core/u_reduce_f32_add/u_aec_fp32_fma/inst/i_synth/FMA_OP.OP/mul/CHAIN_GEN[1].C_MUX.CARRY_MUX_i_1__2/O
                         net (fo=1, unplaced)         0.023     4.721    u_warp_collective_core/u_reduce_f32_add/u_aec_fp32_fma/inst/i_synth/FMA_OP.OP/addsub/add/ALIGN_BLK/aligner.ALIGN_SHIFT/ALIGN_Z_D/EQ_ZERO/CARRY_ZERO_DET/CHAIN_GEN[11].C_MUX.CARRY_MUX_0[1]
                         CARRY8 (Prop_CARRY8_S[1]_CO[7])
                                                      0.197     4.918 r  u_warp_collective_core/u_reduce_f32_add/u_aec_fp32_fma/inst/i_synth/FMA_OP.OP/addsub/add/ALIGN_BLK/aligner.ALIGN_SHIFT/ALIGN_Z_D/EQ_ZERO/CARRY_ZERO_DET/CHAIN_GEN[0].C_MUX.CARRY_MUX_CARRY4_CARRY8/CO[7]
                         net (fo=2, unplaced)         0.005     4.923    u_warp_collective_core/u_reduce_f32_add/u_aec_fp32_fma/inst/i_synth/FMA_OP.OP/addsub/add/ALIGN_BLK/aligner.ALIGN_SHIFT/ALIGN_Z_D/EQ_ZERO/CARRY_ZERO_DET/CARRYS_OUT[7]
                         CARRY8 (Prop_CARRY8_CI_CO[2])
                                                      0.057     4.980 r  u_warp_collective_core/u_reduce_f32_add/u_aec_fp32_fma/inst/i_synth/FMA_OP.OP/addsub/add/ALIGN_BLK/aligner.ALIGN_SHIFT/ALIGN_Z_D/EQ_ZERO/CARRY_ZERO_DET/CHAIN_GEN[8].C_MUX.CARRY_MUX_CARRY4_CARRY8/CO[2]
                         net (fo=1, unplaced)         0.185     5.165    u_warp_collective_core/u_reduce_f32_add/u_aec_fp32_fma/inst/i_synth/FMA_OP.OP/addsub/add/EXP/bma_exp_cc/CARRYS_OUT[10]
                         LUT6 (Prop_LUT6_I0_O)        0.038     5.203 r  u_warp_collective_core/u_reduce_f32_add/u_aec_fp32_fma/inst/i_synth/FMA_OP.OP/addsub/add/EXP/bma_exp_cc/MUX_LOOP[2].OTHER_LEVELS.DO_CHUNKS[0].LUT6_STRUCT_MUX.MUX1_i_7/O
                         net (fo=1, unplaced)         0.185     5.388    u_warp_collective_core/u_reduce_f32_add/u_aec_fp32_fma/inst/i_synth/FMA_OP.OP/addsub/add/EXP/bma_exp_cc/MUX_LOOP[2].OTHER_LEVELS.DO_CHUNKS[0].LUT6_STRUCT_MUX.MUX1_i_7_n_0
                         LUT6 (Prop_LUT6_I5_O)        0.038     5.426 r  u_warp_collective_core/u_reduce_f32_add/u_aec_fp32_fma/inst/i_synth/FMA_OP.OP/addsub/add/EXP/bma_exp_cc/MUX_LOOP[2].OTHER_LEVELS.DO_CHUNKS[0].LUT6_STRUCT_MUX.MUX1_i_3/O
                         net (fo=1, unplaced)         0.185     5.611    u_warp_collective_core/u_reduce_f32_add/u_aec_fp32_fma/inst/i_synth/FMA_OP.OP/addsub/add/EXP/bma_exp_cc/MUX_LOOP[2].OTHER_LEVELS.DO_CHUNKS[0].LUT6_STRUCT_MUX.MUX1_i_3_n_0
                         LUT6 (Prop_LUT6_I0_O)        0.037     5.648 r  u_warp_collective_core/u_reduce_f32_add/u_aec_fp32_fma/inst/i_synth/FMA_OP.OP/addsub/add/EXP/bma_exp_cc/MUX_LOOP[2].OTHER_LEVELS.DO_CHUNKS[0].LUT6_STRUCT_MUX.MUX1_i_1/O
                         net (fo=1, unplaced)         0.024     5.672    u_warp_collective_core/u_reduce_f32_add/u_aec_fp32_fma/inst/i_synth/FMA_OP.OP/addsub/add/ALIGN_BLK/aligner.ALIGN_SHIFT/ALIGN_Z_D/zero_det_unreg[1]_0[2]
                         MUXF7 (Prop_MUXF7_I0_O)      0.067     5.739 r  u_warp_collective_core/u_reduce_f32_add/u_aec_fp32_fma/inst/i_synth/FMA_OP.OP/addsub/add/ALIGN_BLK/aligner.ALIGN_SHIFT/ALIGN_Z_D/MUX_LOOP[2].OTHER_LEVELS.DO_CHUNKS[0].LUT6_STRUCT_MUX.MUX1/O
                         net (fo=1, unplaced)         0.000     5.739    u_warp_collective_core/u_reduce_f32_add/u_aec_fp32_fma/inst/i_synth/FMA_OP.OP/addsub/add/ALIGN_BLK/aligner.ALIGN_SHIFT/ALIGN_Z_D/MUX_LOOP[2].OTHER_LEVELS.DO_CHUNKS[0].LUT6_STRUCT_MUX.mux0_1
                         MUXF8 (Prop_MUXF8_I1_O)      0.028     5.767 r  u_warp_collective_core/u_reduce_f32_add/u_aec_fp32_fma/inst/i_synth/FMA_OP.OP/addsub/add/ALIGN_BLK/aligner.ALIGN_SHIFT/ALIGN_Z_D/MUX_LOOP[2].OTHER_LEVELS.DO_CHUNKS[0].LUT6_STRUCT_MUX.MUX2/O
                         net (fo=2, unplaced)         0.185     5.952    u_warp_collective_core/u_reduce_f32_add/u_aec_fp32_fma/inst/i_synth/FMA_OP.OP/addsub/add/ALIGN_BLK/aligner.ALIGN_SHIFT/ALIGN_Z_D/zeros_z_det_a
                         LUT4 (Prop_LUT4_I1_O)        0.037     5.989 r  u_warp_collective_core/u_reduce_f32_add/u_aec_fp32_fma/inst/i_synth/FMA_OP.OP/addsub/add/ALIGN_BLK/aligner.ALIGN_SHIFT/ALIGN_Z_D/STRUCT_ADD1.CARRY_MUX2_i_1/O
                         net (fo=1, unplaced)         0.023     6.012    u_warp_collective_core/u_reduce_f32_add/u_aec_fp32_fma/inst/i_synth/FMA_OP.OP/addsub/add/ALIGN_BLK/FRAC_ADDSUB/LOGIC_ADD.FRAC_ADDSUB/STRUCT_ADD1.CARRY_MUX2_0
                         CARRY8 (Prop_CARRY8_S[1]_CO[7])
                                                      0.197     6.209 r  u_warp_collective_core/u_reduce_f32_add/u_aec_fp32_fma/inst/i_synth/FMA_OP.OP/addsub/add/ALIGN_BLK/FRAC_ADDSUB/LOGIC_ADD.FRAC_ADDSUB/STRUCT_ADD1.CARRY_MUX1_CARRY4_CARRY8/CO[7]
                         net (fo=1, unplaced)         0.005     6.214    u_warp_collective_core/u_reduce_f32_add/u_aec_fp32_fma/inst/i_synth/FMA_OP.OP/addsub/add/ALIGN_BLK/FRAC_ADDSUB/LOGIC_ADD.FRAC_ADDSUB/STRUCT_ADD1.ADD1/CHAIN_GEN[5].C_MUX.CARRY_MUX_n_0
                         CARRY8 (Prop_CARRY8_CI_CO[7])
                                                      0.022     6.236 r  u_warp_collective_core/u_reduce_f32_add/u_aec_fp32_fma/inst/i_synth/FMA_OP.OP/addsub/add/ALIGN_BLK/FRAC_ADDSUB/LOGIC_ADD.FRAC_ADDSUB/STRUCT_ADD1.ADD1/CHAIN_GEN[6].C_MUX.CARRY_MUX_CARRY4_CARRY8/CO[7]
                         net (fo=1, unplaced)         0.005     6.241    u_warp_collective_core/u_reduce_f32_add/u_aec_fp32_fma/inst/i_synth/FMA_OP.OP/addsub/add/ALIGN_BLK/FRAC_ADDSUB/LOGIC_ADD.FRAC_ADDSUB/STRUCT_ADD1.ADD1/CHAIN_GEN[13].C_MUX.CARRY_MUX_n_0
                         CARRY8 (Prop_CARRY8_CI_CO[7])
                                                      0.022     6.263 r  u_warp_collective_core/u_reduce_f32_add/u_aec_fp32_fma/inst/i_synth/FMA_OP.OP/addsub/add/ALIGN_BLK/FRAC_ADDSUB/LOGIC_ADD.FRAC_ADDSUB/STRUCT_ADD1.ADD1/CHAIN_GEN[14].C_MUX.CARRY_MUX_CARRY4_CARRY8/CO[7]
                         net (fo=1, unplaced)         0.005     6.268    u_warp_collective_core/u_reduce_f32_add/u_aec_fp32_fma/inst/i_synth/FMA_OP.OP/addsub/add/ALIGN_BLK/FRAC_ADDSUB/LOGIC_ADD.FRAC_ADDSUB/STRUCT_ADD1.ADD1/CHAIN_GEN[21].C_MUX.CARRY_MUX_n_0
                         CARRY8 (Prop_CARRY8_CI_CO[7])
                                                      0.022     6.290 r  u_warp_collective_core/u_reduce_f32_add/u_aec_fp32_fma/inst/i_synth/FMA_OP.OP/addsub/add/ALIGN_BLK/FRAC_ADDSUB/LOGIC_ADD.FRAC_ADDSUB/STRUCT_ADD1.ADD1/CHAIN_GEN[22].C_MUX.CARRY_MUX_CARRY4_CARRY8/CO[7]
                         net (fo=1, unplaced)         0.005     6.295    u_warp_collective_core/u_reduce_f32_add/u_aec_fp32_fma/inst/i_synth/FMA_OP.OP/addsub/add/ALIGN_BLK/FRAC_ADDSUB/LOGIC_ADD.FRAC_ADDSUB/STRUCT_ADD2.ADD1/CHAIN_GEN[4].C_MUX.CARRY_MUX_n_0
                         CARRY8 (Prop_CARRY8_CI_CO[7])
                                                      0.022     6.317 r  u_warp_collective_core/u_reduce_f32_add/u_aec_fp32_fma/inst/i_synth/FMA_OP.OP/addsub/add/ALIGN_BLK/FRAC_ADDSUB/LOGIC_ADD.FRAC_ADDSUB/STRUCT_ADD2.ADD1/CHAIN_GEN[5].C_MUX.CARRY_MUX_CARRY4_CARRY8/CO[7]
                         net (fo=1, unplaced)         0.005     6.322    u_warp_collective_core/u_reduce_f32_add/u_aec_fp32_fma/inst/i_synth/FMA_OP.OP/addsub/add/ALIGN_BLK/FRAC_ADDSUB/LOGIC_ADD.FRAC_ADDSUB/STRUCT_ADD2.ADD1/CHAIN_GEN[12].C_MUX.CARRY_MUX_n_0
                         CARRY8 (Prop_CARRY8_CI_CO[7])
                                                      0.022     6.344 r  u_warp_collective_core/u_reduce_f32_add/u_aec_fp32_fma/inst/i_synth/FMA_OP.OP/addsub/add/ALIGN_BLK/FRAC_ADDSUB/LOGIC_ADD.FRAC_ADDSUB/STRUCT_ADD2.ADD1/CHAIN_GEN[13].C_MUX.CARRY_MUX_CARRY4_CARRY8/CO[7]
                         net (fo=1, unplaced)         0.005     6.349    u_warp_collective_core/u_reduce_f32_add/u_aec_fp32_fma/inst/i_synth/FMA_OP.OP/addsub/add/ALIGN_BLK/FRAC_ADDSUB/LOGIC_ADD.FRAC_ADDSUB/STRUCT_ADD2.ADD1/CHAIN_GEN[20].C_MUX.CARRY_MUX_n_0
                         CARRY8 (Prop_CARRY8_CI_O[4])
                                                      0.086     6.435 f  u_warp_collective_core/u_reduce_f32_add/u_aec_fp32_fma/inst/i_synth/FMA_OP.OP/addsub/add/ALIGN_BLK/FRAC_ADDSUB/LOGIC_ADD.FRAC_ADDSUB/STRUCT_ADD2.ADD1/CHAIN_GEN[21].C_MUX.CARRY_MUX_CARRY4_CARRY8/O[4]
                         net (fo=4, unplaced)         0.197     6.632    u_warp_collective_core/u_reduce_f32_add/u_aec_fp32_fma/inst/i_synth/FMA_OP.OP/addsub/add/ALIGN_BLK/FRAC_ADDSUB/LOGIC_ADD.FRAC_ADDSUB/STRUCT_ADD2.ADD1/Q[17]
                         LUT4 (Prop_LUT4_I0_O)        0.100     6.732 r  u_warp_collective_core/u_reduce_f32_add/u_aec_fp32_fma/inst/i_synth/FMA_OP.OP/addsub/add/ALIGN_BLK/FRAC_ADDSUB/LOGIC_ADD.FRAC_ADDSUB/STRUCT_ADD2.ADD1/CHAIN_GEN[0].C_MUX.CARRY_MUX_i_1__7/O
                         net (fo=1, unplaced)         0.020     6.752    u_warp_collective_core/u_reduce_f32_add/u_aec_fp32_fma/inst/i_synth/FMA_OP.OP/addsub/add/NORM/LZE/ZERO_DET_CC_1/chunk_is_zero[0]
                         CARRY8 (Prop_CARRY8_S[0]_CO[7])
                                                      0.199     6.951 r  u_warp_collective_core/u_reduce_f32_add/u_aec_fp32_fma/inst/i_synth/FMA_OP.OP/addsub/add/NORM/LZE/ZERO_DET_CC_1/CHAIN_GEN[0].C_MUX.CARRY_MUX_CARRY4_CARRY8/CO[7]
                         net (fo=68, unplaced)        0.290     7.241    u_warp_collective_core/u_reduce_f32_add/u_aec_fp32_fma/inst/i_synth/FMA_OP.OP/addsub/add/NORM/LZE/ZERO_DET_CC_1/CARRYS_OUT[1]
                         LUT6 (Prop_LUT6_I4_O)        0.038     7.279 r  u_warp_collective_core/u_reduce_f32_add/u_aec_fp32_fma/inst/i_synth/FMA_OP.OP/addsub/add/NORM/LZE/ZERO_DET_CC_1/CHAIN_GEN[1].C_MUX.CARRY_MUX_i_2__4/O
                         net (fo=60, unplaced)        0.215     7.494    u_warp_collective_core/u_reduce_f32_add/u_aec_fp32_fma/inst/i_synth/FMA_OP.OP/addsub/add/ALIGN_BLK/FRAC_ADDSUB/LOGIC_ADD.FRAC_ADDSUB/STRUCT_ADD1.ADD1/norm_dist[1]
                         LUT5 (Prop_LUT5_I1_O)        0.100     7.594 r  u_warp_collective_core/u_reduce_f32_add/u_aec_fp32_fma/inst/i_synth/FMA_OP.OP/addsub/add/ALIGN_BLK/FRAC_ADDSUB/LOGIC_ADD.FRAC_ADDSUB/STRUCT_ADD1.ADD1/norm_exp_carry_i_12/O
                         net (fo=1, unplaced)         0.141     7.735    u_warp_collective_core/u_reduce_f32_add/u_aec_fp32_fma/inst/i_synth/FMA_OP.OP/addsub/add/ALIGN_BLK/FRAC_ADDSUB/LOGIC_ADD.FRAC_ADDSUB/STRUCT_ADD2.ADD1/RESULT_REG.NORMAL.mant_op[21]_i_12
                         LUT6 (Prop_LUT6_I1_O)        0.100     7.835 r  u_warp_collective_core/u_reduce_f32_add/u_aec_fp32_fma/inst/i_synth/FMA_OP.OP/addsub/add/ALIGN_BLK/FRAC_ADDSUB/LOGIC_ADD.FRAC_ADDSUB/STRUCT_ADD2.ADD1/norm_exp_carry_i_9/O
                         net (fo=7, unplaced)         0.210     8.045    u_warp_collective_core/u_reduce_f32_add/u_aec_fp32_fma/inst/i_synth/FMA_OP.OP/addsub/add/EXP/EXP_OFF.STRUCT_ADD/norm_dist[1]
                         LUT2 (Prop_LUT2_I1_O)        0.037     8.082 r  u_warp_collective_core/u_reduce_f32_add/u_aec_fp32_fma/inst/i_synth/FMA_OP.OP/addsub/add/EXP/EXP_OFF.STRUCT_ADD/norm_exp_carry_i_7/O
                         net (fo=1, unplaced)         0.023     8.105    u_warp_collective_core/u_reduce_f32_add/u_aec_fp32_fma/inst/i_synth/FMA_OP.OP/addsub/add/EXP/EXP_OFF.STRUCT_ADD_n_5
                         CARRY8 (Prop_CARRY8_S[1]_O[6])
                                                      0.224     8.329 r  u_warp_collective_core/u_reduce_f32_add/u_aec_fp32_fma/inst/i_synth/FMA_OP.OP/addsub/add/EXP/norm_exp_carry/O[6]
                         net (fo=4, unplaced)         0.103     8.432    u_warp_collective_core/u_reduce_f32_add/u_aec_fp32_fma/inst/i_synth/FMA_OP.OP/addsub/add/EXP/exp_op[6]
                         LUT4 (Prop_LUT4_I0_O)        0.139     8.571 r  u_warp_collective_core/u_reduce_f32_add/u_aec_fp32_fma/inst/i_synth/FMA_OP.OP/addsub/add/EXP/RESULT_REG.NORMAL.mant_op[21]_i_22/O
                         net (fo=2, unplaced)         0.185     8.756    u_warp_collective_core/u_reduce_f32_add/u_aec_fp32_fma/inst/i_synth/FMA_OP.OP/addsub/add/EXP/EXP_OFF.STRUCT_ADD/RESULT_REG.NORMAL.mant_op[21]_i_5_0
                         LUT6 (Prop_LUT6_I2_O)        0.038     8.794 r  u_warp_collective_core/u_reduce_f32_add/u_aec_fp32_fma/inst/i_synth/FMA_OP.OP/addsub/add/EXP/EXP_OFF.STRUCT_ADD/RESULT_REG.NORMAL.mant_op[21]_i_17/O
                         net (fo=4, unplaced)         0.152     8.946    u_warp_collective_core/u_reduce_f32_add/u_aec_fp32_fma/inst/i_synth/FMA_OP.OP/addsub/add/EXP/EXP_OFF.STRUCT_ADD/conv_exp.downsize_exp/exp_flt_all_one_rnd
                         LUT3 (Prop_LUT3_I0_O)        0.112     9.058 r  u_warp_collective_core/u_reduce_f32_add/u_aec_fp32_fma/inst/i_synth/FMA_OP.OP/addsub/add/EXP/EXP_OFF.STRUCT_ADD/RESULT_REG.NORMAL.mant_op[22]_i_2/O
                         net (fo=6, unplaced)         0.207     9.265    u_warp_collective_core/u_reduce_f32_add/u_aec_fp32_fma/inst/i_synth/FMA_OP.OP/addsub/add/EXP/EXP_OFF.STRUCT_ADD/conv_exp.downsize_exp/state_rnd__5[0]
                         LUT3 (Prop_LUT3_I2_O)        0.038     9.303 r  u_warp_collective_core/u_reduce_f32_add/u_aec_fp32_fma/inst/i_synth/FMA_OP.OP/addsub/add/EXP/EXP_OFF.STRUCT_ADD/RESULT_REG.NORMAL.exp_op[2]_i_2/O
                         net (fo=5, unplaced)         0.203     9.506    u_warp_collective_core/u_reduce_f32_add/u_aec_fp32_fma/inst/i_synth/FMA_OP.OP/addsub/add/EXP/EXP_OFF.STRUCT_ADD/op_state[0]
                         LUT6 (Prop_LUT6_I4_O)        0.038     9.544 r  u_warp_collective_core/u_reduce_f32_add/u_aec_fp32_fma/inst/i_synth/FMA_OP.OP/addsub/add/EXP/EXP_OFF.STRUCT_ADD/RESULT_REG.NORMAL.mant_op[21]_i_1/O
                         net (fo=22, unplaced)        0.237     9.781    u_warp_collective_core/u_reduce_f32_add/u_aec_fp32_fma/inst/i_synth/FMA_OP.OP/addsub/add/OP/RESULT_REG.NORMAL.mant_op_reg[21]_0
                         FDRE                                         r  u_warp_collective_core/u_reduce_f32_add/u_aec_fp32_fma/inst/i_synth/FMA_OP.OP/addsub/add/OP/RESULT_REG.NORMAL.mant_op_reg[2]/R
  -------------------------------------------------------------------    -------------------

                         (clock clk_i rise edge)      5.556     5.556 r  
                                                      0.000     5.556 r  clk_i (IN)
                         net (fo=37177, unset)        0.020     5.576    u_warp_collective_core/u_reduce_f32_add/u_aec_fp32_fma/inst/i_synth/FMA_OP.OP/addsub/add/OP/aclk
                         FDRE                                         r  u_warp_collective_core/u_reduce_f32_add/u_aec_fp32_fma/inst/i_synth/FMA_OP.OP/addsub/add/OP/RESULT_REG.NORMAL.mant_op_reg[2]/C
                         clock pessimism              0.000     5.576    
                         clock uncertainty           -0.035     5.541    
                         FDRE (Setup_FDRE_C_R)       -0.074     5.467    u_warp_collective_core/u_reduce_f32_add/u_aec_fp32_fma/inst/i_synth/FMA_OP.OP/addsub/add/OP/RESULT_REG.NORMAL.mant_op_reg[2]
  -------------------------------------------------------------------
                         required time                          5.467    
                         arrival time                          -9.781    
  -------------------------------------------------------------------
                         slack                                 -4.314    

Slack (VIOLATED) :        -4.314ns  (required time - arrival time)
  Source:                 u_warp_collective_core/lane_val_q_reg[6][10]/C
                            (rising edge-triggered cell FDCE clocked by clk_i  {rise@0.000ns fall@2.778ns period=5.556ns})
  Destination:            u_warp_collective_core/u_reduce_f32_add/u_aec_fp32_fma/inst/i_synth/FMA_OP.OP/addsub/add/OP/RESULT_REG.NORMAL.mant_op_reg[3]/R
                            (rising edge-triggered cell FDRE clocked by clk_i  {rise@0.000ns fall@2.778ns period=5.556ns})
  Path Group:             clk_i
  Path Type:              Setup (Max at Slow Process Corner)
  Requirement:            5.556ns  (clk_i rise@5.556ns - clk_i rise@0.000ns)
  Data Path Delay:        9.753ns  (logic 5.150ns (52.804%)  route 4.603ns (47.196%))
  Logic Levels:           44  (CARRY8=13 DSP_A_B_DATA=1 DSP_ALU=2 DSP_M_DATA=1 DSP_MULTIPLIER=1 DSP_OUTPUT=2 DSP_PREADD_DATA=1 LUT2=1 LUT3=2 LUT4=5 LUT5=2 LUT6=9 MUXF7=2 MUXF8=2)
  Clock Path Skew:        -0.008ns (DCD - SCD + CPR)
    Destination Clock Delay (DCD):    0.020ns = ( 5.576 - 5.556 ) 
    Source Clock Delay      (SCD):    0.028ns
    Clock Pessimism Removal (CPR):    0.000ns
  Clock Uncertainty:      0.035ns  ((TSJ^2 + TIJ^2)^1/2 + DJ) / 2 + PE
    Total System Jitter     (TSJ):    0.071ns
    Total Input Jitter      (TIJ):    0.000ns
    Discrete Jitter          (DJ):    0.000ns
    Phase Error              (PE):    0.000ns

    Location             Delay type                Incr(ns)  Path(ns)    Netlist Resource(s)
  -------------------------------------------------------------------    -------------------
                         (clock clk_i rise edge)      0.000     0.000 r  
                                                      0.000     0.000 r  clk_i (IN)
                         net (fo=37177, unset)        0.028     0.028    u_warp_collective_core/clk_i
                         FDCE                                         r  u_warp_collective_core/lane_val_q_reg[6][10]/C
  -------------------------------------------------------------------    -------------------
                         FDCE (Prop_FDCE_C_Q)         0.077     0.105 f  u_warp_collective_core/lane_val_q_reg[6][10]/Q
                         net (fo=35, unplaced)        0.216     0.321    u_warp_collective_core/u_reduce_f32_add/u_aec_fp32_fma_i_66_0[10]
                         LUT6 (Prop_LUT6_I0_O)        0.145     0.466 f  u_warp_collective_core/u_reduce_f32_add/u_aec_fp32_fma_i_344/O
                         net (fo=1, unplaced)         0.032     0.498    u_warp_collective_core/u_reduce_f32_add/u_aec_fp32_fma_i_344_n_0
                         MUXF7 (Prop_MUXF7_I0_O)      0.069     0.567 f  u_warp_collective_core/u_reduce_f32_add/u_aec_fp32_fma_i_108/O
                         net (fo=1, unplaced)         0.000     0.567    u_warp_collective_core/u_reduce_f32_add/u_aec_fp32_fma_i_108_n_0
                         MUXF8 (Prop_MUXF8_I0_O)      0.030     0.597 f  u_warp_collective_core/u_reduce_f32_add/u_aec_fp32_fma_i_23/O
                         net (fo=11, unplaced)        0.244     0.841    u_warp_collective_core/u_reduce_f32_add/u_aec_fp32_fma/inst/i_synth/FMA_OP.OP/mul/MULT/gDSP.gDSP_only.iDSP/use_prim.appDSP48[0].bppDSP48[0].use_dsp.use_dsp48e2.iDSP48E2/B[10]
                         DSP_A_B_DATA (Prop_DSP_A_B_DATA_B[10]_B2_DATA[10])
                                                      0.151     0.992 r  u_warp_collective_core/u_reduce_f32_add/u_aec_fp32_fma/inst/i_synth/FMA_OP.OP/mul/MULT/gDSP.gDSP_only.iDSP/use_prim.appDSP48[0].bppDSP48[0].use_dsp.use_dsp48e2.iDSP48E2/DSP_A_B_DATA_INST/B2_DATA[10]
                         net (fo=1, unplaced)         0.000     0.992    u_warp_collective_core/u_reduce_f32_add/u_aec_fp32_fma/inst/i_synth/FMA_OP.OP/mul/MULT/gDSP.gDSP_only.iDSP/use_prim.appDSP48[0].bppDSP48[0].use_dsp.use_dsp48e2.iDSP48E2/DSP_A_B_DATA.B2_DATA<10>
                         DSP_PREADD_DATA (Prop_DSP_PREADD_DATA_B2_DATA[10]_B2B1[10])
                                                      0.073     1.065 r  u_warp_collective_core/u_reduce_f32_add/u_aec_fp32_fma/inst/i_synth/FMA_OP.OP/mul/MULT/gDSP.gDSP_only.iDSP/use_prim.appDSP48[0].bppDSP48[0].use_dsp.use_dsp48e2.iDSP48E2/DSP_PREADD_DATA_INST/B2B1[10]
                         net (fo=1, unplaced)         0.000     1.065    u_warp_collective_core/u_reduce_f32_add/u_aec_fp32_fma/inst/i_synth/FMA_OP.OP/mul/MULT/gDSP.gDSP_only.iDSP/use_prim.appDSP48[0].bppDSP48[0].use_dsp.use_dsp48e2.iDSP48E2/DSP_PREADD_DATA.B2B1<10>
                         DSP_MULTIPLIER (Prop_DSP_MULTIPLIER_B2B1[10]_V[39])
                                                      0.609     1.674 f  u_warp_collective_core/u_reduce_f32_add/u_aec_fp32_fma/inst/i_synth/FMA_OP.OP/mul/MULT/gDSP.gDSP_only.iDSP/use_prim.appDSP48[0].bppDSP48[0].use_dsp.use_dsp48e2.iDSP48E2/DSP_MULTIPLIER_INST/V[39]
                         net (fo=1, unplaced)         0.000     1.674    u_warp_collective_core/u_reduce_f32_add/u_aec_fp32_fma/inst/i_synth/FMA_OP.OP/mul/MULT/gDSP.gDSP_only.iDSP/use_prim.appDSP48[0].bppDSP48[0].use_dsp.use_dsp48e2.iDSP48E2/DSP_MULTIPLIER.V<39>
                         DSP_M_DATA (Prop_DSP_M_DATA_V[39]_V_DATA[39])
                                                      0.046     1.720 r  u_warp_collective_core/u_reduce_f32_add/u_aec_fp32_fma/inst/i_synth/FMA_OP.OP/mul/MULT/gDSP.gDSP_only.iDSP/use_prim.appDSP48[0].bppDSP48[0].use_dsp.use_dsp48e2.iDSP48E2/DSP_M_DATA_INST/V_DATA[39]
                         net (fo=1, unplaced)         0.000     1.720    u_warp_collective_core/u_reduce_f32_add/u_aec_fp32_fma/inst/i_synth/FMA_OP.OP/mul/MULT/gDSP.gDSP_only.iDSP/use_prim.appDSP48[0].bppDSP48[0].use_dsp.use_dsp48e2.iDSP48E2/DSP_M_DATA.V_DATA<39>
                         DSP_ALU (Prop_DSP_ALU_V_DATA[39]_ALU_OUT[47])
                                                      0.571     2.291 f  u_warp_collective_core/u_reduce_f32_add/u_aec_fp32_fma/inst/i_synth/FMA_OP.OP/mul/MULT/gDSP.gDSP_only.iDSP/use_prim.appDSP48[0].bppDSP48[0].use_dsp.use_dsp48e2.iDSP48E2/DSP_ALU_INST/ALU_OUT[47]
                         net (fo=1, unplaced)         0.000     2.291    u_warp_collective_core/u_reduce_f32_add/u_aec_fp32_fma/inst/i_synth/FMA_OP.OP/mul/MULT/gDSP.gDSP_only.iDSP/use_prim.appDSP48[0].bppDSP48[0].use_dsp.use_dsp48e2.iDSP48E2/DSP_ALU.ALU_OUT<47>
                         DSP_OUTPUT (Prop_DSP_OUTPUT_ALU_OUT[47]_PCOUT[47])
                                                      0.122     2.413 r  u_warp_collective_core/u_reduce_f32_add/u_aec_fp32_fma/inst/i_synth/FMA_OP.OP/mul/MULT/gDSP.gDSP_only.iDSP/use_prim.appDSP48[0].bppDSP48[0].use_dsp.use_dsp48e2.iDSP48E2/DSP_OUTPUT_INST/PCOUT[47]
                         net (fo=1, unplaced)         0.014     2.427    u_warp_collective_core/u_reduce_f32_add/u_aec_fp32_fma/inst/i_synth/FMA_OP.OP/mul/MULT/gDSP.gDSP_only.iDSP/use_prim.appDSP48[0].bppDSP48[1].use_dsp.use_dsp48e2.iDSP48E2/PCIN[47]
                         DSP_ALU (Prop_DSP_ALU_PCIN[47]_ALU_OUT[15])
                                                      0.546     2.973 f  u_warp_collective_core/u_reduce_f32_add/u_aec_fp32_fma/inst/i_synth/FMA_OP.OP/mul/MULT/gDSP.gDSP_only.iDSP/use_prim.appDSP48[0].bppDSP48[1].use_dsp.use_dsp48e2.iDSP48E2/DSP_ALU_INST/ALU_OUT[15]
                         net (fo=1, unplaced)         0.000     2.973    u_warp_collective_core/u_reduce_f32_add/u_aec_fp32_fma/inst/i_synth/FMA_OP.OP/mul/MULT/gDSP.gDSP_only.iDSP/use_prim.appDSP48[0].bppDSP48[1].use_dsp.use_dsp48e2.iDSP48E2/DSP_ALU.ALU_OUT<15>
                         DSP_OUTPUT (Prop_DSP_OUTPUT_ALU_OUT[15]_P[15])
                                                      0.109     3.082 r  u_warp_collective_core/u_reduce_f32_add/u_aec_fp32_fma/inst/i_synth/FMA_OP.OP/mul/MULT/gDSP.gDSP_only.iDSP/use_prim.appDSP48[0].bppDSP48[1].use_dsp.use_dsp48e2.iDSP48E2/DSP_OUTPUT_INST/P[15]
                         net (fo=8, unplaced)         0.236     3.318    u_warp_collective_core/u_reduce_f32_add/u_aec_fp32_fma/inst/i_synth/FMA_OP.OP/mul/mul_result_wide[32]
                         LUT4 (Prop_LUT4_I1_O)        0.139     3.457 f  u_warp_collective_core/u_reduce_f32_add/u_aec_fp32_fma/inst/i_synth/FMA_OP.OP/mul/CHAIN_GEN[16].C_MUX.CARRY_MUX_i_2__2/O
                         net (fo=1, unplaced)         0.242     3.699    u_warp_collective_core/u_reduce_f32_add/u_aec_fp32_fma/inst/i_synth/FMA_OP.OP/addsub/add/EXP/NUMB_CMP1/NOT_FAST.CMP/C_CHAIN/CHAIN_GEN[23].C_MUX.CARRY_MUX_1[4]
                         CARRY8 (Prop_CARRY8_DI[0]_CO[7])
                                                      0.140     3.839 f  u_warp_collective_core/u_reduce_f32_add/u_aec_fp32_fma/inst/i_synth/FMA_OP.OP/addsub/add/EXP/NUMB_CMP1/NOT_FAST.CMP/C_CHAIN/CHAIN_GEN[16].C_MUX.CARRY_MUX_CARRY4_CARRY8/CO[7]
                         net (fo=1, unplaced)         0.005     3.844    u_warp_collective_core/u_reduce_f32_add/u_aec_fp32_fma/inst/i_synth/FMA_OP.OP/addsub/add/EXP/NUMB_CMP1/NOT_FAST.CMP/C_CHAIN/CHAIN_GEN[23].C_MUX.CARRY_MUX_n_0
                         CARRY8 (Prop_CARRY8_CI_CO[4])
                                                      0.092     3.936 f  u_warp_collective_core/u_reduce_f32_add/u_aec_fp32_fma/inst/i_synth/FMA_OP.OP/addsub/add/EXP/NUMB_CMP1/NOT_FAST.CMP/C_CHAIN/CHAIN_GEN[24].C_MUX.CARRY_MUX_CARRY4_CARRY8/CO[4]
                         net (fo=2, unplaced)         0.183     4.119    u_warp_collective_core/u_reduce_f32_add/u_aec_fp32_fma/inst/i_synth/FMA_OP.OP/addsub/add/EXP/NUMB_CMP0/NOT_FAST.CMP/C_CHAIN/CHAIN_GEN[0].C_MUX.CARRY_MUX_1[0]
                         LUT5 (Prop_LUT5_I4_O)        0.038     4.157 f  u_warp_collective_core/u_reduce_f32_add/u_aec_fp32_fma/inst/i_synth/FMA_OP.OP/addsub/add/EXP/NUMB_CMP0/NOT_FAST.CMP/C_CHAIN/CHAIN_GEN[0].C_MUX.CARRY_MUX_i_2__7/O
                         net (fo=52, unplaced)        0.256     4.413    u_warp_collective_core/u_reduce_f32_add/u_aec_fp32_fma/inst/i_synth/FMA_OP.OP/mul/b_largest
                         LUT6 (Prop_LUT6_I4_O)        0.038     4.451 f  u_warp_collective_core/u_reduce_f32_add/u_aec_fp32_fma/inst/i_synth/FMA_OP.OP/mul/CHAIN_GEN[1].C_MUX.CARRY_MUX_i_2__0/O
                         net (fo=3, unplaced)         0.147     4.598    u_warp_collective_core/u_reduce_f32_add/u_aec_fp32_fma/inst/i_synth/FMA_OP.OP/mul/sml_shift_mux__95[4]
                         LUT4 (Prop_LUT4_I0_O)        0.100     4.698 r  u_warp_collective_core/u_reduce_f32_add/u_aec_fp32_fma/inst/i_synth/FMA_OP.OP/mul/CHAIN_GEN[1].C_MUX.CARRY_MUX_i_1__2/O
                         net (fo=1, unplaced)         0.023     4.721    u_warp_collective_core/u_reduce_f32_add/u_aec_fp32_fma/inst/i_synth/FMA_OP.OP/addsub/add/ALIGN_BLK/aligner.ALIGN_SHIFT/ALIGN_Z_D/EQ_ZERO/CARRY_ZERO_DET/CHAIN_GEN[11].C_MUX.CARRY_MUX_0[1]
                         CARRY8 (Prop_CARRY8_S[1]_CO[7])
                                                      0.197     4.918 r  u_warp_collective_core/u_reduce_f32_add/u_aec_fp32_fma/inst/i_synth/FMA_OP.OP/addsub/add/ALIGN_BLK/aligner.ALIGN_SHIFT/ALIGN_Z_D/EQ_ZERO/CARRY_ZERO_DET/CHAIN_GEN[0].C_MUX.CARRY_MUX_CARRY4_CARRY8/CO[7]
                         net (fo=2, unplaced)         0.005     4.923    u_warp_collective_core/u_reduce_f32_add/u_aec_fp32_fma/inst/i_synth/FMA_OP.OP/addsub/add/ALIGN_BLK/aligner.ALIGN_SHIFT/ALIGN_Z_D/EQ_ZERO/CARRY_ZERO_DET/CARRYS_OUT[7]
                         CARRY8 (Prop_CARRY8_CI_CO[2])
                                                      0.057     4.980 r  u_warp_collective_core/u_reduce_f32_add/u_aec_fp32_fma/inst/i_synth/FMA_OP.OP/addsub/add/ALIGN_BLK/aligner.ALIGN_SHIFT/ALIGN_Z_D/EQ_ZERO/CARRY_ZERO_DET/CHAIN_GEN[8].C_MUX.CARRY_MUX_CARRY4_CARRY8/CO[2]
                         net (fo=1, unplaced)         0.185     5.165    u_warp_collective_core/u_reduce_f32_add/u_aec_fp32_fma/inst/i_synth/FMA_OP.OP/addsub/add/EXP/bma_exp_cc/CARRYS_OUT[10]
                         LUT6 (Prop_LUT6_I0_O)        0.038     5.203 r  u_warp_collective_core/u_reduce_f32_add/u_aec_fp32_fma/inst/i_synth/FMA_OP.OP/addsub/add/EXP/bma_exp_cc/MUX_LOOP[2].OTHER_LEVELS.DO_CHUNKS[0].LUT6_STRUCT_MUX.MUX1_i_7/O
                         net (fo=1, unplaced)         0.185     5.388    u_warp_collective_core/u_reduce_f32_add/u_aec_fp32_fma/inst/i_synth/FMA_OP.OP/addsub/add/EXP/bma_exp_cc/MUX_LOOP[2].OTHER_LEVELS.DO_CHUNKS[0].LUT6_STRUCT_MUX.MUX1_i_7_n_0
                         LUT6 (Prop_LUT6_I5_O)        0.038     5.426 r  u_warp_collective_core/u_reduce_f32_add/u_aec_fp32_fma/inst/i_synth/FMA_OP.OP/addsub/add/EXP/bma_exp_cc/MUX_LOOP[2].OTHER_LEVELS.DO_CHUNKS[0].LUT6_STRUCT_MUX.MUX1_i_3/O
                         net (fo=1, unplaced)         0.185     5.611    u_warp_collective_core/u_reduce_f32_add/u_aec_fp32_fma/inst/i_synth/FMA_OP.OP/addsub/add/EXP/bma_exp_cc/MUX_LOOP[2].OTHER_LEVELS.DO_CHUNKS[0].LUT6_STRUCT_MUX.MUX1_i_3_n_0
                         LUT6 (Prop_LUT6_I0_O)        0.037     5.648 r  u_warp_collective_core/u_reduce_f32_add/u_aec_fp32_fma/inst/i_synth/FMA_OP.OP/addsub/add/EXP/bma_exp_cc/MUX_LOOP[2].OTHER_LEVELS.DO_CHUNKS[0].LUT6_STRUCT_MUX.MUX1_i_1/O
                         net (fo=1, unplaced)         0.024     5.672    u_warp_collective_core/u_reduce_f32_add/u_aec_fp32_fma/inst/i_synth/FMA_OP.OP/addsub/add/ALIGN_BLK/aligner.ALIGN_SHIFT/ALIGN_Z_D/zero_det_unreg[1]_0[2]
                         MUXF7 (Prop_MUXF7_I0_O)      0.067     5.739 r  u_warp_collective_core/u_reduce_f32_add/u_aec_fp32_fma/inst/i_synth/FMA_OP.OP/addsub/add/ALIGN_BLK/aligner.ALIGN_SHIFT/ALIGN_Z_D/MUX_LOOP[2].OTHER_LEVELS.DO_CHUNKS[0].LUT6_STRUCT_MUX.MUX1/O
                         net (fo=1, unplaced)         0.000     5.739    u_warp_collective_core/u_reduce_f32_add/u_aec_fp32_fma/inst/i_synth/FMA_OP.OP/addsub/add/ALIGN_BLK/aligner.ALIGN_SHIFT/ALIGN_Z_D/MUX_LOOP[2].OTHER_LEVELS.DO_CHUNKS[0].LUT6_STRUCT_MUX.mux0_1
                         MUXF8 (Prop_MUXF8_I1_O)      0.028     5.767 r  u_warp_collective_core/u_reduce_f32_add/u_aec_fp32_fma/inst/i_synth/FMA_OP.OP/addsub/add/ALIGN_BLK/aligner.ALIGN_SHIFT/ALIGN_Z_D/MUX_LOOP[2].OTHER_LEVELS.DO_CHUNKS[0].LUT6_STRUCT_MUX.MUX2/O
                         net (fo=2, unplaced)         0.185     5.952    u_warp_collective_core/u_reduce_f32_add/u_aec_fp32_fma/inst/i_synth/FMA_OP.OP/addsub/add/ALIGN_BLK/aligner.ALIGN_SHIFT/ALIGN_Z_D/zeros_z_det_a
                         LUT4 (Prop_LUT4_I1_O)        0.037     5.989 r  u_warp_collective_core/u_reduce_f32_add/u_aec_fp32_fma/inst/i_synth/FMA_OP.OP/addsub/add/ALIGN_BLK/aligner.ALIGN_SHIFT/ALIGN_Z_D/STRUCT_ADD1.CARRY_MUX2_i_1/O
                         net (fo=1, unplaced)         0.023     6.012    u_warp_collective_core/u_reduce_f32_add/u_aec_fp32_fma/inst/i_synth/FMA_OP.OP/addsub/add/ALIGN_BLK/FRAC_ADDSUB/LOGIC_ADD.FRAC_ADDSUB/STRUCT_ADD1.CARRY_MUX2_0
                         CARRY8 (Prop_CARRY8_S[1]_CO[7])
                                                      0.197     6.209 r  u_warp_collective_core/u_reduce_f32_add/u_aec_fp32_fma/inst/i_synth/FMA_OP.OP/addsub/add/ALIGN_BLK/FRAC_ADDSUB/LOGIC_ADD.FRAC_ADDSUB/STRUCT_ADD1.CARRY_MUX1_CARRY4_CARRY8/CO[7]
                         net (fo=1, unplaced)         0.005     6.214    u_warp_collective_core/u_reduce_f32_add/u_aec_fp32_fma/inst/i_synth/FMA_OP.OP/addsub/add/ALIGN_BLK/FRAC_ADDSUB/LOGIC_ADD.FRAC_ADDSUB/STRUCT_ADD1.ADD1/CHAIN_GEN[5].C_MUX.CARRY_MUX_n_0
                         CARRY8 (Prop_CARRY8_CI_CO[7])
                                                      0.022     6.236 r  u_warp_collective_core/u_reduce_f32_add/u_aec_fp32_fma/inst/i_synth/FMA_OP.OP/addsub/add/ALIGN_BLK/FRAC_ADDSUB/LOGIC_ADD.FRAC_ADDSUB/STRUCT_ADD1.ADD1/CHAIN_GEN[6].C_MUX.CARRY_MUX_CARRY4_CARRY8/CO[7]
                         net (fo=1, unplaced)         0.005     6.241    u_warp_collective_core/u_reduce_f32_add/u_aec_fp32_fma/inst/i_synth/FMA_OP.OP/addsub/add/ALIGN_BLK/FRAC_ADDSUB/LOGIC_ADD.FRAC_ADDSUB/STRUCT_ADD1.ADD1/CHAIN_GEN[13].C_MUX.CARRY_MUX_n_0
                         CARRY8 (Prop_CARRY8_CI_CO[7])
                                                      0.022     6.263 r  u_warp_collective_core/u_reduce_f32_add/u_aec_fp32_fma/inst/i_synth/FMA_OP.OP/addsub/add/ALIGN_BLK/FRAC_ADDSUB/LOGIC_ADD.FRAC_ADDSUB/STRUCT_ADD1.ADD1/CHAIN_GEN[14].C_MUX.CARRY_MUX_CARRY4_CARRY8/CO[7]
                         net (fo=1, unplaced)         0.005     6.268    u_warp_collective_core/u_reduce_f32_add/u_aec_fp32_fma/inst/i_synth/FMA_OP.OP/addsub/add/ALIGN_BLK/FRAC_ADDSUB/LOGIC_ADD.FRAC_ADDSUB/STRUCT_ADD1.ADD1/CHAIN_GEN[21].C_MUX.CARRY_MUX_n_0
                         CARRY8 (Prop_CARRY8_CI_CO[7])
                                                      0.022     6.290 r  u_warp_collective_core/u_reduce_f32_add/u_aec_fp32_fma/inst/i_synth/FMA_OP.OP/addsub/add/ALIGN_BLK/FRAC_ADDSUB/LOGIC_ADD.FRAC_ADDSUB/STRUCT_ADD1.ADD1/CHAIN_GEN[22].C_MUX.CARRY_MUX_CARRY4_CARRY8/CO[7]
                         net (fo=1, unplaced)         0.005     6.295    u_warp_collective_core/u_reduce_f32_add/u_aec_fp32_fma/inst/i_synth/FMA_OP.OP/addsub/add/ALIGN_BLK/FRAC_ADDSUB/LOGIC_ADD.FRAC_ADDSUB/STRUCT_ADD2.ADD1/CHAIN_GEN[4].C_MUX.CARRY_MUX_n_0
                         CARRY8 (Prop_CARRY8_CI_CO[7])
                                                      0.022     6.317 r  u_warp_collective_core/u_reduce_f32_add/u_aec_fp32_fma/inst/i_synth/FMA_OP.OP/addsub/add/ALIGN_BLK/FRAC_ADDSUB/LOGIC_ADD.FRAC_ADDSUB/STRUCT_ADD2.ADD1/CHAIN_GEN[5].C_MUX.CARRY_MUX_CARRY4_CARRY8/CO[7]
                         net (fo=1, unplaced)         0.005     6.322    u_warp_collective_core/u_reduce_f32_add/u_aec_fp32_fma/inst/i_synth/FMA_OP.OP/addsub/add/ALIGN_BLK/FRAC_ADDSUB/LOGIC_ADD.FRAC_ADDSUB/STRUCT_ADD2.ADD1/CHAIN_GEN[12].C_MUX.CARRY_MUX_n_0
                         CARRY8 (Prop_CARRY8_CI_CO[7])
                                                      0.022     6.344 r  u_warp_collective_core/u_reduce_f32_add/u_aec_fp32_fma/inst/i_synth/FMA_OP.OP/addsub/add/ALIGN_BLK/FRAC_ADDSUB/LOGIC_ADD.FRAC_ADDSUB/STRUCT_ADD2.ADD1/CHAIN_GEN[13].C_MUX.CARRY_MUX_CARRY4_CARRY8/CO[7]
                         net (fo=1, unplaced)         0.005     6.349    u_warp_collective_core/u_reduce_f32_add/u_aec_fp32_fma/inst/i_synth/FMA_OP.OP/addsub/add/ALIGN_BLK/FRAC_ADDSUB/LOGIC_ADD.FRAC_ADDSUB/STRUCT_ADD2.ADD1/CHAIN_GEN[20].C_MUX.CARRY_MUX_n_0
                         CARRY8 (Prop_CARRY8_CI_O[4])
                                                      0.086     6.435 f  u_warp_collective_core/u_reduce_f32_add/u_aec_fp32_fma/inst/i_synth/FMA_OP.OP/addsub/add/ALIGN_BLK/FRAC_ADDSUB/LOGIC_ADD.FRAC_ADDSUB/STRUCT_ADD2.ADD1/CHAIN_GEN[21].C_MUX.CARRY_MUX_CARRY4_CARRY8/O[4]
                         net (fo=4, unplaced)         0.197     6.632    u_warp_collective_core/u_reduce_f32_add/u_aec_fp32_fma/inst/i_synth/FMA_OP.OP/addsub/add/ALIGN_BLK/FRAC_ADDSUB/LOGIC_ADD.FRAC_ADDSUB/STRUCT_ADD2.ADD1/Q[17]
                         LUT4 (Prop_LUT4_I0_O)        0.100     6.732 r  u_warp_collective_core/u_reduce_f32_add/u_aec_fp32_fma/inst/i_synth/FMA_OP.OP/addsub/add/ALIGN_BLK/FRAC_ADDSUB/LOGIC_ADD.FRAC_ADDSUB/STRUCT_ADD2.ADD1/CHAIN_GEN[0].C_MUX.CARRY_MUX_i_1__7/O
                         net (fo=1, unplaced)         0.020     6.752    u_warp_collective_core/u_reduce_f32_add/u_aec_fp32_fma/inst/i_synth/FMA_OP.OP/addsub/add/NORM/LZE/ZERO_DET_CC_1/chunk_is_zero[0]
                         CARRY8 (Prop_CARRY8_S[0]_CO[7])
                                                      0.199     6.951 r  u_warp_collective_core/u_reduce_f32_add/u_aec_fp32_fma/inst/i_synth/FMA_OP.OP/addsub/add/NORM/LZE/ZERO_DET_CC_1/CHAIN_GEN[0].C_MUX.CARRY_MUX_CARRY4_CARRY8/CO[7]
                         net (fo=68, unplaced)        0.290     7.241    u_warp_collective_core/u_reduce_f32_add/u_aec_fp32_fma/inst/i_synth/FMA_OP.OP/addsub/add/NORM/LZE/ZERO_DET_CC_1/CARRYS_OUT[1]
                         LUT6 (Prop_LUT6_I4_O)        0.038     7.279 r  u_warp_collective_core/u_reduce_f32_add/u_aec_fp32_fma/inst/i_synth/FMA_OP.OP/addsub/add/NORM/LZE/ZERO_DET_CC_1/CHAIN_GEN[1].C_MUX.CARRY_MUX_i_2__4/O
                         net (fo=60, unplaced)        0.215     7.494    u_warp_collective_core/u_reduce_f32_add/u_aec_fp32_fma/inst/i_synth/FMA_OP.OP/addsub/add/ALIGN_BLK/FRAC_ADDSUB/LOGIC_ADD.FRAC_ADDSUB/STRUCT_ADD1.ADD1/norm_dist[1]
                         LUT5 (Prop_LUT5_I1_O)        0.100     7.594 r  u_warp_collective_core/u_reduce_f32_add/u_aec_fp32_fma/inst/i_synth/FMA_OP.OP/addsub/add/ALIGN_BLK/FRAC_ADDSUB/LOGIC_ADD.FRAC_ADDSUB/STRUCT_ADD1.ADD1/norm_exp_carry_i_12/O
                         net (fo=1, unplaced)         0.141     7.735    u_warp_collective_core/u_reduce_f32_add/u_aec_fp32_fma/inst/i_synth/FMA_OP.OP/addsub/add/ALIGN_BLK/FRAC_ADDSUB/LOGIC_ADD.FRAC_ADDSUB/STRUCT_ADD2.ADD1/RESULT_REG.NORMAL.mant_op[21]_i_12
                         LUT6 (Prop_LUT6_I1_O)        0.100     7.835 r  u_warp_collective_core/u_reduce_f32_add/u_aec_fp32_fma/inst/i_synth/FMA_OP.OP/addsub/add/ALIGN_BLK/FRAC_ADDSUB/LOGIC_ADD.FRAC_ADDSUB/STRUCT_ADD2.ADD1/norm_exp_carry_i_9/O
                         net (fo=7, unplaced)         0.210     8.045    u_warp_collective_core/u_reduce_f32_add/u_aec_fp32_fma/inst/i_synth/FMA_OP.OP/addsub/add/EXP/EXP_OFF.STRUCT_ADD/norm_dist[1]
                         LUT2 (Prop_LUT2_I1_O)        0.037     8.082 r  u_warp_collective_core/u_reduce_f32_add/u_aec_fp32_fma/inst/i_synth/FMA_OP.OP/addsub/add/EXP/EXP_OFF.STRUCT_ADD/norm_exp_carry_i_7/O
                         net (fo=1, unplaced)         0.023     8.105    u_warp_collective_core/u_reduce_f32_add/u_aec_fp32_fma/inst/i_synth/FMA_OP.OP/addsub/add/EXP/EXP_OFF.STRUCT_ADD_n_5
                         CARRY8 (Prop_CARRY8_S[1]_O[6])
                                                      0.224     8.329 r  u_warp_collective_core/u_reduce_f32_add/u_aec_fp32_fma/inst/i_synth/FMA_OP.OP/addsub/add/EXP/norm_exp_carry/O[6]
                         net (fo=4, unplaced)         0.103     8.432    u_warp_collective_core/u_reduce_f32_add/u_aec_fp32_fma/inst/i_synth/FMA_OP.OP/addsub/add/EXP/exp_op[6]
                         LUT4 (Prop_LUT4_I0_O)        0.139     8.571 r  u_warp_collective_core/u_reduce_f32_add/u_aec_fp32_fma/inst/i_synth/FMA_OP.OP/addsub/add/EXP/RESULT_REG.NORMAL.mant_op[21]_i_22/O
                         net (fo=2, unplaced)         0.185     8.756    u_warp_collective_core/u_reduce_f32_add/u_aec_fp32_fma/inst/i_synth/FMA_OP.OP/addsub/add/EXP/EXP_OFF.STRUCT_ADD/RESULT_REG.NORMAL.mant_op[21]_i_5_0
                         LUT6 (Prop_LUT6_I2_O)        0.038     8.794 r  u_warp_collective_core/u_reduce_f32_add/u_aec_fp32_fma/inst/i_synth/FMA_OP.OP/addsub/add/EXP/EXP_OFF.STRUCT_ADD/RESULT_REG.NORMAL.mant_op[21]_i_17/O
                         net (fo=4, unplaced)         0.152     8.946    u_warp_collective_core/u_reduce_f32_add/u_aec_fp32_fma/inst/i_synth/FMA_OP.OP/addsub/add/EXP/EXP_OFF.STRUCT_ADD/conv_exp.downsize_exp/exp_flt_all_one_rnd
                         LUT3 (Prop_LUT3_I0_O)        0.112     9.058 r  u_warp_collective_core/u_reduce_f32_add/u_aec_fp32_fma/inst/i_synth/FMA_OP.OP/addsub/add/EXP/EXP_OFF.STRUCT_ADD/RESULT_REG.NORMAL.mant_op[22]_i_2/O
                         net (fo=6, unplaced)         0.207     9.265    u_warp_collective_core/u_reduce_f32_add/u_aec_fp32_fma/inst/i_synth/FMA_OP.OP/addsub/add/EXP/EXP_OFF.STRUCT_ADD/conv_exp.downsize_exp/state_rnd__5[0]
                         LUT3 (Prop_LUT3_I2_O)        0.038     9.303 r  u_warp_collective_core/u_reduce_f32_add/u_aec_fp32_fma/inst/i_synth/FMA_OP.OP/addsub/add/EXP/EXP_OFF.STRUCT_ADD/RESULT_REG.NORMAL.exp_op[2]_i_2/O
                         net (fo=5, unplaced)         0.203     9.506    u_warp_collective_core/u_reduce_f32_add/u_aec_fp32_fma/inst/i_synth/FMA_OP.OP/addsub/add/EXP/EXP_OFF.STRUCT_ADD/op_state[0]
                         LUT6 (Prop_LUT6_I4_O)        0.038     9.544 r  u_warp_collective_core/u_reduce_f32_add/u_aec_fp32_fma/inst/i_synth/FMA_OP.OP/addsub/add/EXP/EXP_OFF.STRUCT_ADD/RESULT_REG.NORMAL.mant_op[21]_i_1/O
                         net (fo=22, unplaced)        0.237     9.781    u_warp_collective_core/u_reduce_f32_add/u_aec_fp32_fma/inst/i_synth/FMA_OP.OP/addsub/add/OP/RESULT_REG.NORMAL.mant_op_reg[21]_0
                         FDRE                                         r  u_warp_collective_core/u_reduce_f32_add/u_aec_fp32_fma/inst/i_synth/FMA_OP.OP/addsub/add/OP/RESULT_REG.NORMAL.mant_op_reg[3]/R
  -------------------------------------------------------------------    -------------------

                         (clock clk_i rise edge)      5.556     5.556 r  
                                                      0.000     5.556 r  clk_i (IN)
                         net (fo=37177, unset)        0.020     5.576    u_warp_collective_core/u_reduce_f32_add/u_aec_fp32_fma/inst/i_synth/FMA_OP.OP/addsub/add/OP/aclk
                         FDRE                                         r  u_warp_collective_core/u_reduce_f32_add/u_aec_fp32_fma/inst/i_synth/FMA_OP.OP/addsub/add/OP/RESULT_REG.NORMAL.mant_op_reg[3]/C
                         clock pessimism              0.000     5.576    
                         clock uncertainty           -0.035     5.541    
                         FDRE (Setup_FDRE_C_R)       -0.074     5.467    u_warp_collective_core/u_reduce_f32_add/u_aec_fp32_fma/inst/i_synth/FMA_OP.OP/addsub/add/OP/RESULT_REG.NORMAL.mant_op_reg[3]
  -------------------------------------------------------------------
                         required time                          5.467    
                         arrival time                          -9.781    
  -------------------------------------------------------------------
                         slack                                 -4.314    

Slack (VIOLATED) :        -4.314ns  (required time - arrival time)
  Source:                 u_warp_collective_core/lane_val_q_reg[6][10]/C
                            (rising edge-triggered cell FDCE clocked by clk_i  {rise@0.000ns fall@2.778ns period=5.556ns})
  Destination:            u_warp_collective_core/u_reduce_f32_add/u_aec_fp32_fma/inst/i_synth/FMA_OP.OP/addsub/add/OP/RESULT_REG.NORMAL.mant_op_reg[4]/R
                            (rising edge-triggered cell FDRE clocked by clk_i  {rise@0.000ns fall@2.778ns period=5.556ns})
  Path Group:             clk_i
  Path Type:              Setup (Max at Slow Process Corner)
  Requirement:            5.556ns  (clk_i rise@5.556ns - clk_i rise@0.000ns)
  Data Path Delay:        9.753ns  (logic 5.150ns (52.804%)  route 4.603ns (47.196%))
  Logic Levels:           44  (CARRY8=13 DSP_A_B_DATA=1 DSP_ALU=2 DSP_M_DATA=1 DSP_MULTIPLIER=1 DSP_OUTPUT=2 DSP_PREADD_DATA=1 LUT2=1 LUT3=2 LUT4=5 LUT5=2 LUT6=9 MUXF7=2 MUXF8=2)
  Clock Path Skew:        -0.008ns (DCD - SCD + CPR)
    Destination Clock Delay (DCD):    0.020ns = ( 5.576 - 5.556 ) 
    Source Clock Delay      (SCD):    0.028ns
    Clock Pessimism Removal (CPR):    0.000ns
  Clock Uncertainty:      0.035ns  ((TSJ^2 + TIJ^2)^1/2 + DJ) / 2 + PE
    Total System Jitter     (TSJ):    0.071ns
    Total Input Jitter      (TIJ):    0.000ns
    Discrete Jitter          (DJ):    0.000ns
    Phase Error              (PE):    0.000ns

    Location             Delay type                Incr(ns)  Path(ns)    Netlist Resource(s)
  -------------------------------------------------------------------    -------------------
                         (clock clk_i rise edge)      0.000     0.000 r  
                                                      0.000     0.000 r  clk_i (IN)
                         net (fo=37177, unset)        0.028     0.028    u_warp_collective_core/clk_i
                         FDCE                                         r  u_warp_collective_core/lane_val_q_reg[6][10]/C
  -------------------------------------------------------------------    -------------------
                         FDCE (Prop_FDCE_C_Q)         0.077     0.105 f  u_warp_collective_core/lane_val_q_reg[6][10]/Q
                         net (fo=35, unplaced)        0.216     0.321    u_warp_collective_core/u_reduce_f32_add/u_aec_fp32_fma_i_66_0[10]
                         LUT6 (Prop_LUT6_I0_O)        0.145     0.466 f  u_warp_collective_core/u_reduce_f32_add/u_aec_fp32_fma_i_344/O
                         net (fo=1, unplaced)         0.032     0.498    u_warp_collective_core/u_reduce_f32_add/u_aec_fp32_fma_i_344_n_0
                         MUXF7 (Prop_MUXF7_I0_O)      0.069     0.567 f  u_warp_collective_core/u_reduce_f32_add/u_aec_fp32_fma_i_108/O
                         net (fo=1, unplaced)         0.000     0.567    u_warp_collective_core/u_reduce_f32_add/u_aec_fp32_fma_i_108_n_0
                         MUXF8 (Prop_MUXF8_I0_O)      0.030     0.597 f  u_warp_collective_core/u_reduce_f32_add/u_aec_fp32_fma_i_23/O
                         net (fo=11, unplaced)        0.244     0.841    u_warp_collective_core/u_reduce_f32_add/u_aec_fp32_fma/inst/i_synth/FMA_OP.OP/mul/MULT/gDSP.gDSP_only.iDSP/use_prim.appDSP48[0].bppDSP48[0].use_dsp.use_dsp48e2.iDSP48E2/B[10]
                         DSP_A_B_DATA (Prop_DSP_A_B_DATA_B[10]_B2_DATA[10])
                                                      0.151     0.992 r  u_warp_collective_core/u_reduce_f32_add/u_aec_fp32_fma/inst/i_synth/FMA_OP.OP/mul/MULT/gDSP.gDSP_only.iDSP/use_prim.appDSP48[0].bppDSP48[0].use_dsp.use_dsp48e2.iDSP48E2/DSP_A_B_DATA_INST/B2_DATA[10]
                         net (fo=1, unplaced)         0.000     0.992    u_warp_collective_core/u_reduce_f32_add/u_aec_fp32_fma/inst/i_synth/FMA_OP.OP/mul/MULT/gDSP.gDSP_only.iDSP/use_prim.appDSP48[0].bppDSP48[0].use_dsp.use_dsp48e2.iDSP48E2/DSP_A_B_DATA.B2_DATA<10>
                         DSP_PREADD_DATA (Prop_DSP_PREADD_DATA_B2_DATA[10]_B2B1[10])
                                                      0.073     1.065 r  u_warp_collective_core/u_reduce_f32_add/u_aec_fp32_fma/inst/i_synth/FMA_OP.OP/mul/MULT/gDSP.gDSP_only.iDSP/use_prim.appDSP48[0].bppDSP48[0].use_dsp.use_dsp48e2.iDSP48E2/DSP_PREADD_DATA_INST/B2B1[10]
                         net (fo=1, unplaced)         0.000     1.065    u_warp_collective_core/u_reduce_f32_add/u_aec_fp32_fma/inst/i_synth/FMA_OP.OP/mul/MULT/gDSP.gDSP_only.iDSP/use_prim.appDSP48[0].bppDSP48[0].use_dsp.use_dsp48e2.iDSP48E2/DSP_PREADD_DATA.B2B1<10>
                         DSP_MULTIPLIER (Prop_DSP_MULTIPLIER_B2B1[10]_V[39])
                                                      0.609     1.674 f  u_warp_collective_core/u_reduce_f32_add/u_aec_fp32_fma/inst/i_synth/FMA_OP.OP/mul/MULT/gDSP.gDSP_only.iDSP/use_prim.appDSP48[0].bppDSP48[0].use_dsp.use_dsp48e2.iDSP48E2/DSP_MULTIPLIER_INST/V[39]
                         net (fo=1, unplaced)         0.000     1.674    u_warp_collective_core/u_reduce_f32_add/u_aec_fp32_fma/inst/i_synth/FMA_OP.OP/mul/MULT/gDSP.gDSP_only.iDSP/use_prim.appDSP48[0].bppDSP48[0].use_dsp.use_dsp48e2.iDSP48E2/DSP_MULTIPLIER.V<39>
                         DSP_M_DATA (Prop_DSP_M_DATA_V[39]_V_DATA[39])
                                                      0.046     1.720 r  u_warp_collective_core/u_reduce_f32_add/u_aec_fp32_fma/inst/i_synth/FMA_OP.OP/mul/MULT/gDSP.gDSP_only.iDSP/use_prim.appDSP48[0].bppDSP48[0].use_dsp.use_dsp48e2.iDSP48E2/DSP_M_DATA_INST/V_DATA[39]
                         net (fo=1, unplaced)         0.000     1.720    u_warp_collective_core/u_reduce_f32_add/u_aec_fp32_fma/inst/i_synth/FMA_OP.OP/mul/MULT/gDSP.gDSP_only.iDSP/use_prim.appDSP48[0].bppDSP48[0].use_dsp.use_dsp48e2.iDSP48E2/DSP_M_DATA.V_DATA<39>
                         DSP_ALU (Prop_DSP_ALU_V_DATA[39]_ALU_OUT[47])
                                                      0.571     2.291 f  u_warp_collective_core/u_reduce_f32_add/u_aec_fp32_fma/inst/i_synth/FMA_OP.OP/mul/MULT/gDSP.gDSP_only.iDSP/use_prim.appDSP48[0].bppDSP48[0].use_dsp.use_dsp48e2.iDSP48E2/DSP_ALU_INST/ALU_OUT[47]
                         net (fo=1, unplaced)         0.000     2.291    u_warp_collective_core/u_reduce_f32_add/u_aec_fp32_fma/inst/i_synth/FMA_OP.OP/mul/MULT/gDSP.gDSP_only.iDSP/use_prim.appDSP48[0].bppDSP48[0].use_dsp.use_dsp48e2.iDSP48E2/DSP_ALU.ALU_OUT<47>
                         DSP_OUTPUT (Prop_DSP_OUTPUT_ALU_OUT[47]_PCOUT[47])
                                                      0.122     2.413 r  u_warp_collective_core/u_reduce_f32_add/u_aec_fp32_fma/inst/i_synth/FMA_OP.OP/mul/MULT/gDSP.gDSP_only.iDSP/use_prim.appDSP48[0].bppDSP48[0].use_dsp.use_dsp48e2.iDSP48E2/DSP_OUTPUT_INST/PCOUT[47]
                         net (fo=1, unplaced)         0.014     2.427    u_warp_collective_core/u_reduce_f32_add/u_aec_fp32_fma/inst/i_synth/FMA_OP.OP/mul/MULT/gDSP.gDSP_only.iDSP/use_prim.appDSP48[0].bppDSP48[1].use_dsp.use_dsp48e2.iDSP48E2/PCIN[47]
                         DSP_ALU (Prop_DSP_ALU_PCIN[47]_ALU_OUT[15])
                                                      0.546     2.973 f  u_warp_collective_core/u_reduce_f32_add/u_aec_fp32_fma/inst/i_synth/FMA_OP.OP/mul/MULT/gDSP.gDSP_only.iDSP/use_prim.appDSP48[0].bppDSP48[1].use_dsp.use_dsp48e2.iDSP48E2/DSP_ALU_INST/ALU_OUT[15]
                         net (fo=1, unplaced)         0.000     2.973    u_warp_collective_core/u_reduce_f32_add/u_aec_fp32_fma/inst/i_synth/FMA_OP.OP/mul/MULT/gDSP.gDSP_only.iDSP/use_prim.appDSP48[0].bppDSP48[1].use_dsp.use_dsp48e2.iDSP48E2/DSP_ALU.ALU_OUT<15>
                         DSP_OUTPUT (Prop_DSP_OUTPUT_ALU_OUT[15]_P[15])
                                                      0.109     3.082 r  u_warp_collective_core/u_reduce_f32_add/u_aec_fp32_fma/inst/i_synth/FMA_OP.OP/mul/MULT/gDSP.gDSP_only.iDSP/use_prim.appDSP48[0].bppDSP48[1].use_dsp.use_dsp48e2.iDSP48E2/DSP_OUTPUT_INST/P[15]
                         net (fo=8, unplaced)         0.236     3.318    u_warp_collective_core/u_reduce_f32_add/u_aec_fp32_fma/inst/i_synth/FMA_OP.OP/mul/mul_result_wide[32]
                         LUT4 (Prop_LUT4_I1_O)        0.139     3.457 f  u_warp_collective_core/u_reduce_f32_add/u_aec_fp32_fma/inst/i_synth/FMA_OP.OP/mul/CHAIN_GEN[16].C_MUX.CARRY_MUX_i_2__2/O
                         net (fo=1, unplaced)         0.242     3.699    u_warp_collective_core/u_reduce_f32_add/u_aec_fp32_fma/inst/i_synth/FMA_OP.OP/addsub/add/EXP/NUMB_CMP1/NOT_FAST.CMP/C_CHAIN/CHAIN_GEN[23].C_MUX.CARRY_MUX_1[4]
                         CARRY8 (Prop_CARRY8_DI[0]_CO[7])
                                                      0.140     3.839 f  u_warp_collective_core/u_reduce_f32_add/u_aec_fp32_fma/inst/i_synth/FMA_OP.OP/addsub/add/EXP/NUMB_CMP1/NOT_FAST.CMP/C_CHAIN/CHAIN_GEN[16].C_MUX.CARRY_MUX_CARRY4_CARRY8/CO[7]
                         net (fo=1, unplaced)         0.005     3.844    u_warp_collective_core/u_reduce_f32_add/u_aec_fp32_fma/inst/i_synth/FMA_OP.OP/addsub/add/EXP/NUMB_CMP1/NOT_FAST.CMP/C_CHAIN/CHAIN_GEN[23].C_MUX.CARRY_MUX_n_0
                         CARRY8 (Prop_CARRY8_CI_CO[4])
                                                      0.092     3.936 f  u_warp_collective_core/u_reduce_f32_add/u_aec_fp32_fma/inst/i_synth/FMA_OP.OP/addsub/add/EXP/NUMB_CMP1/NOT_FAST.CMP/C_CHAIN/CHAIN_GEN[24].C_MUX.CARRY_MUX_CARRY4_CARRY8/CO[4]
                         net (fo=2, unplaced)         0.183     4.119    u_warp_collective_core/u_reduce_f32_add/u_aec_fp32_fma/inst/i_synth/FMA_OP.OP/addsub/add/EXP/NUMB_CMP0/NOT_FAST.CMP/C_CHAIN/CHAIN_GEN[0].C_MUX.CARRY_MUX_1[0]
                         LUT5 (Prop_LUT5_I4_O)        0.038     4.157 f  u_warp_collective_core/u_reduce_f32_add/u_aec_fp32_fma/inst/i_synth/FMA_OP.OP/addsub/add/EXP/NUMB_CMP0/NOT_FAST.CMP/C_CHAIN/CHAIN_GEN[0].C_MUX.CARRY_MUX_i_2__7/O
                         net (fo=52, unplaced)        0.256     4.413    u_warp_collective_core/u_reduce_f32_add/u_aec_fp32_fma/inst/i_synth/FMA_OP.OP/mul/b_largest
                         LUT6 (Prop_LUT6_I4_O)        0.038     4.451 f  u_warp_collective_core/u_reduce_f32_add/u_aec_fp32_fma/inst/i_synth/FMA_OP.OP/mul/CHAIN_GEN[1].C_MUX.CARRY_MUX_i_2__0/O
                         net (fo=3, unplaced)         0.147     4.598    u_warp_collective_core/u_reduce_f32_add/u_aec_fp32_fma/inst/i_synth/FMA_OP.OP/mul/sml_shift_mux__95[4]
                         LUT4 (Prop_LUT4_I0_O)        0.100     4.698 r  u_warp_collective_core/u_reduce_f32_add/u_aec_fp32_fma/inst/i_synth/FMA_OP.OP/mul/CHAIN_GEN[1].C_MUX.CARRY_MUX_i_1__2/O
                         net (fo=1, unplaced)         0.023     4.721    u_warp_collective_core/u_reduce_f32_add/u_aec_fp32_fma/inst/i_synth/FMA_OP.OP/addsub/add/ALIGN_BLK/aligner.ALIGN_SHIFT/ALIGN_Z_D/EQ_ZERO/CARRY_ZERO_DET/CHAIN_GEN[11].C_MUX.CARRY_MUX_0[1]
                         CARRY8 (Prop_CARRY8_S[1]_CO[7])
                                                      0.197     4.918 r  u_warp_collective_core/u_reduce_f32_add/u_aec_fp32_fma/inst/i_synth/FMA_OP.OP/addsub/add/ALIGN_BLK/aligner.ALIGN_SHIFT/ALIGN_Z_D/EQ_ZERO/CARRY_ZERO_DET/CHAIN_GEN[0].C_MUX.CARRY_MUX_CARRY4_CARRY8/CO[7]
                         net (fo=2, unplaced)         0.005     4.923    u_warp_collective_core/u_reduce_f32_add/u_aec_fp32_fma/inst/i_synth/FMA_OP.OP/addsub/add/ALIGN_BLK/aligner.ALIGN_SHIFT/ALIGN_Z_D/EQ_ZERO/CARRY_ZERO_DET/CARRYS_OUT[7]
                         CARRY8 (Prop_CARRY8_CI_CO[2])
                                                      0.057     4.980 r  u_warp_collective_core/u_reduce_f32_add/u_aec_fp32_fma/inst/i_synth/FMA_OP.OP/addsub/add/ALIGN_BLK/aligner.ALIGN_SHIFT/ALIGN_Z_D/EQ_ZERO/CARRY_ZERO_DET/CHAIN_GEN[8].C_MUX.CARRY_MUX_CARRY4_CARRY8/CO[2]
                         net (fo=1, unplaced)         0.185     5.165    u_warp_collective_core/u_reduce_f32_add/u_aec_fp32_fma/inst/i_synth/FMA_OP.OP/addsub/add/EXP/bma_exp_cc/CARRYS_OUT[10]
                         LUT6 (Prop_LUT6_I0_O)        0.038     5.203 r  u_warp_collective_core/u_reduce_f32_add/u_aec_fp32_fma/inst/i_synth/FMA_OP.OP/addsub/add/EXP/bma_exp_cc/MUX_LOOP[2].OTHER_LEVELS.DO_CHUNKS[0].LUT6_STRUCT_MUX.MUX1_i_7/O
                         net (fo=1, unplaced)         0.185     5.388    u_warp_collective_core/u_reduce_f32_add/u_aec_fp32_fma/inst/i_synth/FMA_OP.OP/addsub/add/EXP/bma_exp_cc/MUX_LOOP[2].OTHER_LEVELS.DO_CHUNKS[0].LUT6_STRUCT_MUX.MUX1_i_7_n_0
                         LUT6 (Prop_LUT6_I5_O)        0.038     5.426 r  u_warp_collective_core/u_reduce_f32_add/u_aec_fp32_fma/inst/i_synth/FMA_OP.OP/addsub/add/EXP/bma_exp_cc/MUX_LOOP[2].OTHER_LEVELS.DO_CHUNKS[0].LUT6_STRUCT_MUX.MUX1_i_3/O
                         net (fo=1, unplaced)         0.185     5.611    u_warp_collective_core/u_reduce_f32_add/u_aec_fp32_fma/inst/i_synth/FMA_OP.OP/addsub/add/EXP/bma_exp_cc/MUX_LOOP[2].OTHER_LEVELS.DO_CHUNKS[0].LUT6_STRUCT_MUX.MUX1_i_3_n_0
                         LUT6 (Prop_LUT6_I0_O)        0.037     5.648 r  u_warp_collective_core/u_reduce_f32_add/u_aec_fp32_fma/inst/i_synth/FMA_OP.OP/addsub/add/EXP/bma_exp_cc/MUX_LOOP[2].OTHER_LEVELS.DO_CHUNKS[0].LUT6_STRUCT_MUX.MUX1_i_1/O
                         net (fo=1, unplaced)         0.024     5.672    u_warp_collective_core/u_reduce_f32_add/u_aec_fp32_fma/inst/i_synth/FMA_OP.OP/addsub/add/ALIGN_BLK/aligner.ALIGN_SHIFT/ALIGN_Z_D/zero_det_unreg[1]_0[2]
                         MUXF7 (Prop_MUXF7_I0_O)      0.067     5.739 r  u_warp_collective_core/u_reduce_f32_add/u_aec_fp32_fma/inst/i_synth/FMA_OP.OP/addsub/add/ALIGN_BLK/aligner.ALIGN_SHIFT/ALIGN_Z_D/MUX_LOOP[2].OTHER_LEVELS.DO_CHUNKS[0].LUT6_STRUCT_MUX.MUX1/O
                         net (fo=1, unplaced)         0.000     5.739    u_warp_collective_core/u_reduce_f32_add/u_aec_fp32_fma/inst/i_synth/FMA_OP.OP/addsub/add/ALIGN_BLK/aligner.ALIGN_SHIFT/ALIGN_Z_D/MUX_LOOP[2].OTHER_LEVELS.DO_CHUNKS[0].LUT6_STRUCT_MUX.mux0_1
                         MUXF8 (Prop_MUXF8_I1_O)      0.028     5.767 r  u_warp_collective_core/u_reduce_f32_add/u_aec_fp32_fma/inst/i_synth/FMA_OP.OP/addsub/add/ALIGN_BLK/aligner.ALIGN_SHIFT/ALIGN_Z_D/MUX_LOOP[2].OTHER_LEVELS.DO_CHUNKS[0].LUT6_STRUCT_MUX.MUX2/O
                         net (fo=2, unplaced)         0.185     5.952    u_warp_collective_core/u_reduce_f32_add/u_aec_fp32_fma/inst/i_synth/FMA_OP.OP/addsub/add/ALIGN_BLK/aligner.ALIGN_SHIFT/ALIGN_Z_D/zeros_z_det_a
                         LUT4 (Prop_LUT4_I1_O)        0.037     5.989 r  u_warp_collective_core/u_reduce_f32_add/u_aec_fp32_fma/inst/i_synth/FMA_OP.OP/addsub/add/ALIGN_BLK/aligner.ALIGN_SHIFT/ALIGN_Z_D/STRUCT_ADD1.CARRY_MUX2_i_1/O
                         net (fo=1, unplaced)         0.023     6.012    u_warp_collective_core/u_reduce_f32_add/u_aec_fp32_fma/inst/i_synth/FMA_OP.OP/addsub/add/ALIGN_BLK/FRAC_ADDSUB/LOGIC_ADD.FRAC_ADDSUB/STRUCT_ADD1.CARRY_MUX2_0
                         CARRY8 (Prop_CARRY8_S[1]_CO[7])
                                                      0.197     6.209 r  u_warp_collective_core/u_reduce_f32_add/u_aec_fp32_fma/inst/i_synth/FMA_OP.OP/addsub/add/ALIGN_BLK/FRAC_ADDSUB/LOGIC_ADD.FRAC_ADDSUB/STRUCT_ADD1.CARRY_MUX1_CARRY4_CARRY8/CO[7]
                         net (fo=1, unplaced)         0.005     6.214    u_warp_collective_core/u_reduce_f32_add/u_aec_fp32_fma/inst/i_synth/FMA_OP.OP/addsub/add/ALIGN_BLK/FRAC_ADDSUB/LOGIC_ADD.FRAC_ADDSUB/STRUCT_ADD1.ADD1/CHAIN_GEN[5].C_MUX.CARRY_MUX_n_0
                         CARRY8 (Prop_CARRY8_CI_CO[7])
                                                      0.022     6.236 r  u_warp_collective_core/u_reduce_f32_add/u_aec_fp32_fma/inst/i_synth/FMA_OP.OP/addsub/add/ALIGN_BLK/FRAC_ADDSUB/LOGIC_ADD.FRAC_ADDSUB/STRUCT_ADD1.ADD1/CHAIN_GEN[6].C_MUX.CARRY_MUX_CARRY4_CARRY8/CO[7]
                         net (fo=1, unplaced)         0.005     6.241    u_warp_collective_core/u_reduce_f32_add/u_aec_fp32_fma/inst/i_synth/FMA_OP.OP/addsub/add/ALIGN_BLK/FRAC_ADDSUB/LOGIC_ADD.FRAC_ADDSUB/STRUCT_ADD1.ADD1/CHAIN_GEN[13].C_MUX.CARRY_MUX_n_0
                         CARRY8 (Prop_CARRY8_CI_CO[7])
                                                      0.022     6.263 r  u_warp_collective_core/u_reduce_f32_add/u_aec_fp32_fma/inst/i_synth/FMA_OP.OP/addsub/add/ALIGN_BLK/FRAC_ADDSUB/LOGIC_ADD.FRAC_ADDSUB/STRUCT_ADD1.ADD1/CHAIN_GEN[14].C_MUX.CARRY_MUX_CARRY4_CARRY8/CO[7]
                         net (fo=1, unplaced)         0.005     6.268    u_warp_collective_core/u_reduce_f32_add/u_aec_fp32_fma/inst/i_synth/FMA_OP.OP/addsub/add/ALIGN_BLK/FRAC_ADDSUB/LOGIC_ADD.FRAC_ADDSUB/STRUCT_ADD1.ADD1/CHAIN_GEN[21].C_MUX.CARRY_MUX_n_0
                         CARRY8 (Prop_CARRY8_CI_CO[7])
                                                      0.022     6.290 r  u_warp_collective_core/u_reduce_f32_add/u_aec_fp32_fma/inst/i_synth/FMA_OP.OP/addsub/add/ALIGN_BLK/FRAC_ADDSUB/LOGIC_ADD.FRAC_ADDSUB/STRUCT_ADD1.ADD1/CHAIN_GEN[22].C_MUX.CARRY_MUX_CARRY4_CARRY8/CO[7]
                         net (fo=1, unplaced)         0.005     6.295    u_warp_collective_core/u_reduce_f32_add/u_aec_fp32_fma/inst/i_synth/FMA_OP.OP/addsub/add/ALIGN_BLK/FRAC_ADDSUB/LOGIC_ADD.FRAC_ADDSUB/STRUCT_ADD2.ADD1/CHAIN_GEN[4].C_MUX.CARRY_MUX_n_0
                         CARRY8 (Prop_CARRY8_CI_CO[7])
                                                      0.022     6.317 r  u_warp_collective_core/u_reduce_f32_add/u_aec_fp32_fma/inst/i_synth/FMA_OP.OP/addsub/add/ALIGN_BLK/FRAC_ADDSUB/LOGIC_ADD.FRAC_ADDSUB/STRUCT_ADD2.ADD1/CHAIN_GEN[5].C_MUX.CARRY_MUX_CARRY4_CARRY8/CO[7]
                         net (fo=1, unplaced)         0.005     6.322    u_warp_collective_core/u_reduce_f32_add/u_aec_fp32_fma/inst/i_synth/FMA_OP.OP/addsub/add/ALIGN_BLK/FRAC_ADDSUB/LOGIC_ADD.FRAC_ADDSUB/STRUCT_ADD2.ADD1/CHAIN_GEN[12].C_MUX.CARRY_MUX_n_0
                         CARRY8 (Prop_CARRY8_CI_CO[7])
                                                      0.022     6.344 r  u_warp_collective_core/u_reduce_f32_add/u_aec_fp32_fma/inst/i_synth/FMA_OP.OP/addsub/add/ALIGN_BLK/FRAC_ADDSUB/LOGIC_ADD.FRAC_ADDSUB/STRUCT_ADD2.ADD1/CHAIN_GEN[13].C_MUX.CARRY_MUX_CARRY4_CARRY8/CO[7]
                         net (fo=1, unplaced)         0.005     6.349    u_warp_collective_core/u_reduce_f32_add/u_aec_fp32_fma/inst/i_synth/FMA_OP.OP/addsub/add/ALIGN_BLK/FRAC_ADDSUB/LOGIC_ADD.FRAC_ADDSUB/STRUCT_ADD2.ADD1/CHAIN_GEN[20].C_MUX.CARRY_MUX_n_0
                         CARRY8 (Prop_CARRY8_CI_O[4])
                                                      0.086     6.435 f  u_warp_collective_core/u_reduce_f32_add/u_aec_fp32_fma/inst/i_synth/FMA_OP.OP/addsub/add/ALIGN_BLK/FRAC_ADDSUB/LOGIC_ADD.FRAC_ADDSUB/STRUCT_ADD2.ADD1/CHAIN_GEN[21].C_MUX.CARRY_MUX_CARRY4_CARRY8/O[4]
                         net (fo=4, unplaced)         0.197     6.632    u_warp_collective_core/u_reduce_f32_add/u_aec_fp32_fma/inst/i_synth/FMA_OP.OP/addsub/add/ALIGN_BLK/FRAC_ADDSUB/LOGIC_ADD.FRAC_ADDSUB/STRUCT_ADD2.ADD1/Q[17]
                         LUT4 (Prop_LUT4_I0_O)        0.100     6.732 r  u_warp_collective_core/u_reduce_f32_add/u_aec_fp32_fma/inst/i_synth/FMA_OP.OP/addsub/add/ALIGN_BLK/FRAC_ADDSUB/LOGIC_ADD.FRAC_ADDSUB/STRUCT_ADD2.ADD1/CHAIN_GEN[0].C_MUX.CARRY_MUX_i_1__7/O
                         net (fo=1, unplaced)         0.020     6.752    u_warp_collective_core/u_reduce_f32_add/u_aec_fp32_fma/inst/i_synth/FMA_OP.OP/addsub/add/NORM/LZE/ZERO_DET_CC_1/chunk_is_zero[0]
                         CARRY8 (Prop_CARRY8_S[0]_CO[7])
                                                      0.199     6.951 r  u_warp_collective_core/u_reduce_f32_add/u_aec_fp32_fma/inst/i_synth/FMA_OP.OP/addsub/add/NORM/LZE/ZERO_DET_CC_1/CHAIN_GEN[0].C_MUX.CARRY_MUX_CARRY4_CARRY8/CO[7]
                         net (fo=68, unplaced)        0.290     7.241    u_warp_collective_core/u_reduce_f32_add/u_aec_fp32_fma/inst/i_synth/FMA_OP.OP/addsub/add/NORM/LZE/ZERO_DET_CC_1/CARRYS_OUT[1]
                         LUT6 (Prop_LUT6_I4_O)        0.038     7.279 r  u_warp_collective_core/u_reduce_f32_add/u_aec_fp32_fma/inst/i_synth/FMA_OP.OP/addsub/add/NORM/LZE/ZERO_DET_CC_1/CHAIN_GEN[1].C_MUX.CARRY_MUX_i_2__4/O
                         net (fo=60, unplaced)        0.215     7.494    u_warp_collective_core/u_reduce_f32_add/u_aec_fp32_fma/inst/i_synth/FMA_OP.OP/addsub/add/ALIGN_BLK/FRAC_ADDSUB/LOGIC_ADD.FRAC_ADDSUB/STRUCT_ADD1.ADD1/norm_dist[1]
                         LUT5 (Prop_LUT5_I1_O)        0.100     7.594 r  u_warp_collective_core/u_reduce_f32_add/u_aec_fp32_fma/inst/i_synth/FMA_OP.OP/addsub/add/ALIGN_BLK/FRAC_ADDSUB/LOGIC_ADD.FRAC_ADDSUB/STRUCT_ADD1.ADD1/norm_exp_carry_i_12/O
                         net (fo=1, unplaced)         0.141     7.735    u_warp_collective_core/u_reduce_f32_add/u_aec_fp32_fma/inst/i_synth/FMA_OP.OP/addsub/add/ALIGN_BLK/FRAC_ADDSUB/LOGIC_ADD.FRAC_ADDSUB/STRUCT_ADD2.ADD1/RESULT_REG.NORMAL.mant_op[21]_i_12
                         LUT6 (Prop_LUT6_I1_O)        0.100     7.835 r  u_warp_collective_core/u_reduce_f32_add/u_aec_fp32_fma/inst/i_synth/FMA_OP.OP/addsub/add/ALIGN_BLK/FRAC_ADDSUB/LOGIC_ADD.FRAC_ADDSUB/STRUCT_ADD2.ADD1/norm_exp_carry_i_9/O
                         net (fo=7, unplaced)         0.210     8.045    u_warp_collective_core/u_reduce_f32_add/u_aec_fp32_fma/inst/i_synth/FMA_OP.OP/addsub/add/EXP/EXP_OFF.STRUCT_ADD/norm_dist[1]
                         LUT2 (Prop_LUT2_I1_O)        0.037     8.082 r  u_warp_collective_core/u_reduce_f32_add/u_aec_fp32_fma/inst/i_synth/FMA_OP.OP/addsub/add/EXP/EXP_OFF.STRUCT_ADD/norm_exp_carry_i_7/O
                         net (fo=1, unplaced)         0.023     8.105    u_warp_collective_core/u_reduce_f32_add/u_aec_fp32_fma/inst/i_synth/FMA_OP.OP/addsub/add/EXP/EXP_OFF.STRUCT_ADD_n_5
                         CARRY8 (Prop_CARRY8_S[1]_O[6])
                                                      0.224     8.329 r  u_warp_collective_core/u_reduce_f32_add/u_aec_fp32_fma/inst/i_synth/FMA_OP.OP/addsub/add/EXP/norm_exp_carry/O[6]
                         net (fo=4, unplaced)         0.103     8.432    u_warp_collective_core/u_reduce_f32_add/u_aec_fp32_fma/inst/i_synth/FMA_OP.OP/addsub/add/EXP/exp_op[6]
                         LUT4 (Prop_LUT4_I0_O)        0.139     8.571 r  u_warp_collective_core/u_reduce_f32_add/u_aec_fp32_fma/inst/i_synth/FMA_OP.OP/addsub/add/EXP/RESULT_REG.NORMAL.mant_op[21]_i_22/O
                         net (fo=2, unplaced)         0.185     8.756    u_warp_collective_core/u_reduce_f32_add/u_aec_fp32_fma/inst/i_synth/FMA_OP.OP/addsub/add/EXP/EXP_OFF.STRUCT_ADD/RESULT_REG.NORMAL.mant_op[21]_i_5_0
                         LUT6 (Prop_LUT6_I2_O)        0.038     8.794 r  u_warp_collective_core/u_reduce_f32_add/u_aec_fp32_fma/inst/i_synth/FMA_OP.OP/addsub/add/EXP/EXP_OFF.STRUCT_ADD/RESULT_REG.NORMAL.mant_op[21]_i_17/O
                         net (fo=4, unplaced)         0.152     8.946    u_warp_collective_core/u_reduce_f32_add/u_aec_fp32_fma/inst/i_synth/FMA_OP.OP/addsub/add/EXP/EXP_OFF.STRUCT_ADD/conv_exp.downsize_exp/exp_flt_all_one_rnd
                         LUT3 (Prop_LUT3_I0_O)        0.112     9.058 r  u_warp_collective_core/u_reduce_f32_add/u_aec_fp32_fma/inst/i_synth/FMA_OP.OP/addsub/add/EXP/EXP_OFF.STRUCT_ADD/RESULT_REG.NORMAL.mant_op[22]_i_2/O
                         net (fo=6, unplaced)         0.207     9.265    u_warp_collective_core/u_reduce_f32_add/u_aec_fp32_fma/inst/i_synth/FMA_OP.OP/addsub/add/EXP/EXP_OFF.STRUCT_ADD/conv_exp.downsize_exp/state_rnd__5[0]
                         LUT3 (Prop_LUT3_I2_O)        0.038     9.303 r  u_warp_collective_core/u_reduce_f32_add/u_aec_fp32_fma/inst/i_synth/FMA_OP.OP/addsub/add/EXP/EXP_OFF.STRUCT_ADD/RESULT_REG.NORMAL.exp_op[2]_i_2/O
                         net (fo=5, unplaced)         0.203     9.506    u_warp_collective_core/u_reduce_f32_add/u_aec_fp32_fma/inst/i_synth/FMA_OP.OP/addsub/add/EXP/EXP_OFF.STRUCT_ADD/op_state[0]
                         LUT6 (Prop_LUT6_I4_O)        0.038     9.544 r  u_warp_collective_core/u_reduce_f32_add/u_aec_fp32_fma/inst/i_synth/FMA_OP.OP/addsub/add/EXP/EXP_OFF.STRUCT_ADD/RESULT_REG.NORMAL.mant_op[21]_i_1/O
                         net (fo=22, unplaced)        0.237     9.781    u_warp_collective_core/u_reduce_f32_add/u_aec_fp32_fma/inst/i_synth/FMA_OP.OP/addsub/add/OP/RESULT_REG.NORMAL.mant_op_reg[21]_0
                         FDRE                                         r  u_warp_collective_core/u_reduce_f32_add/u_aec_fp32_fma/inst/i_synth/FMA_OP.OP/addsub/add/OP/RESULT_REG.NORMAL.mant_op_reg[4]/R
  -------------------------------------------------------------------    -------------------

                         (clock clk_i rise edge)      5.556     5.556 r  
                                                      0.000     5.556 r  clk_i (IN)
                         net (fo=37177, unset)        0.020     5.576    u_warp_collective_core/u_reduce_f32_add/u_aec_fp32_fma/inst/i_synth/FMA_OP.OP/addsub/add/OP/aclk
                         FDRE                                         r  u_warp_collective_core/u_reduce_f32_add/u_aec_fp32_fma/inst/i_synth/FMA_OP.OP/addsub/add/OP/RESULT_REG.NORMAL.mant_op_reg[4]/C
                         clock pessimism              0.000     5.576    
                         clock uncertainty           -0.035     5.541    
                         FDRE (Setup_FDRE_C_R)       -0.074     5.467    u_warp_collective_core/u_reduce_f32_add/u_aec_fp32_fma/inst/i_synth/FMA_OP.OP/addsub/add/OP/RESULT_REG.NORMAL.mant_op_reg[4]
  -------------------------------------------------------------------
                         required time                          5.467    
                         arrival time                          -9.781    
  -------------------------------------------------------------------
                         slack                                 -4.314    

Slack (VIOLATED) :        -4.314ns  (required time - arrival time)
  Source:                 u_warp_collective_core/lane_val_q_reg[6][10]/C
                            (rising edge-triggered cell FDCE clocked by clk_i  {rise@0.000ns fall@2.778ns period=5.556ns})
  Destination:            u_warp_collective_core/u_reduce_f32_add/u_aec_fp32_fma/inst/i_synth/FMA_OP.OP/addsub/add/OP/RESULT_REG.NORMAL.mant_op_reg[5]/R
                            (rising edge-triggered cell FDRE clocked by clk_i  {rise@0.000ns fall@2.778ns period=5.556ns})
  Path Group:             clk_i
  Path Type:              Setup (Max at Slow Process Corner)
  Requirement:            5.556ns  (clk_i rise@5.556ns - clk_i rise@0.000ns)
  Data Path Delay:        9.753ns  (logic 5.150ns (52.804%)  route 4.603ns (47.196%))
  Logic Levels:           44  (CARRY8=13 DSP_A_B_DATA=1 DSP_ALU=2 DSP_M_DATA=1 DSP_MULTIPLIER=1 DSP_OUTPUT=2 DSP_PREADD_DATA=1 LUT2=1 LUT3=2 LUT4=5 LUT5=2 LUT6=9 MUXF7=2 MUXF8=2)
  Clock Path Skew:        -0.008ns (DCD - SCD + CPR)
    Destination Clock Delay (DCD):    0.020ns = ( 5.576 - 5.556 ) 
    Source Clock Delay      (SCD):    0.028ns
    Clock Pessimism Removal (CPR):    0.000ns
  Clock Uncertainty:      0.035ns  ((TSJ^2 + TIJ^2)^1/2 + DJ) / 2 + PE
    Total System Jitter     (TSJ):    0.071ns
    Total Input Jitter      (TIJ):    0.000ns
    Discrete Jitter          (DJ):    0.000ns
    Phase Error              (PE):    0.000ns

    Location             Delay type                Incr(ns)  Path(ns)    Netlist Resource(s)
  -------------------------------------------------------------------    -------------------
                         (clock clk_i rise edge)      0.000     0.000 r  
                                                      0.000     0.000 r  clk_i (IN)
                         net (fo=37177, unset)        0.028     0.028    u_warp_collective_core/clk_i
                         FDCE                                         r  u_warp_collective_core/lane_val_q_reg[6][10]/C
  -------------------------------------------------------------------    -------------------
                         FDCE (Prop_FDCE_C_Q)         0.077     0.105 f  u_warp_collective_core/lane_val_q_reg[6][10]/Q
                         net (fo=35, unplaced)        0.216     0.321    u_warp_collective_core/u_reduce_f32_add/u_aec_fp32_fma_i_66_0[10]
                         LUT6 (Prop_LUT6_I0_O)        0.145     0.466 f  u_warp_collective_core/u_reduce_f32_add/u_aec_fp32_fma_i_344/O
                         net (fo=1, unplaced)         0.032     0.498    u_warp_collective_core/u_reduce_f32_add/u_aec_fp32_fma_i_344_n_0
                         MUXF7 (Prop_MUXF7_I0_O)      0.069     0.567 f  u_warp_collective_core/u_reduce_f32_add/u_aec_fp32_fma_i_108/O
                         net (fo=1, unplaced)         0.000     0.567    u_warp_collective_core/u_reduce_f32_add/u_aec_fp32_fma_i_108_n_0
                         MUXF8 (Prop_MUXF8_I0_O)      0.030     0.597 f  u_warp_collective_core/u_reduce_f32_add/u_aec_fp32_fma_i_23/O
                         net (fo=11, unplaced)        0.244     0.841    u_warp_collective_core/u_reduce_f32_add/u_aec_fp32_fma/inst/i_synth/FMA_OP.OP/mul/MULT/gDSP.gDSP_only.iDSP/use_prim.appDSP48[0].bppDSP48[0].use_dsp.use_dsp48e2.iDSP48E2/B[10]
                         DSP_A_B_DATA (Prop_DSP_A_B_DATA_B[10]_B2_DATA[10])
                                                      0.151     0.992 r  u_warp_collective_core/u_reduce_f32_add/u_aec_fp32_fma/inst/i_synth/FMA_OP.OP/mul/MULT/gDSP.gDSP_only.iDSP/use_prim.appDSP48[0].bppDSP48[0].use_dsp.use_dsp48e2.iDSP48E2/DSP_A_B_DATA_INST/B2_DATA[10]
                         net (fo=1, unplaced)         0.000     0.992    u_warp_collective_core/u_reduce_f32_add/u_aec_fp32_fma/inst/i_synth/FMA_OP.OP/mul/MULT/gDSP.gDSP_only.iDSP/use_prim.appDSP48[0].bppDSP48[0].use_dsp.use_dsp48e2.iDSP48E2/DSP_A_B_DATA.B2_DATA<10>
                         DSP_PREADD_DATA (Prop_DSP_PREADD_DATA_B2_DATA[10]_B2B1[10])
                                                      0.073     1.065 r  u_warp_collective_core/u_reduce_f32_add/u_aec_fp32_fma/inst/i_synth/FMA_OP.OP/mul/MULT/gDSP.gDSP_only.iDSP/use_prim.appDSP48[0].bppDSP48[0].use_dsp.use_dsp48e2.iDSP48E2/DSP_PREADD_DATA_INST/B2B1[10]
                         net (fo=1, unplaced)         0.000     1.065    u_warp_collective_core/u_reduce_f32_add/u_aec_fp32_fma/inst/i_synth/FMA_OP.OP/mul/MULT/gDSP.gDSP_only.iDSP/use_prim.appDSP48[0].bppDSP48[0].use_dsp.use_dsp48e2.iDSP48E2/DSP_PREADD_DATA.B2B1<10>
                         DSP_MULTIPLIER (Prop_DSP_MULTIPLIER_B2B1[10]_V[39])
                                                      0.609     1.674 f  u_warp_collective_core/u_reduce_f32_add/u_aec_fp32_fma/inst/i_synth/FMA_OP.OP/mul/MULT/gDSP.gDSP_only.iDSP/use_prim.appDSP48[0].bppDSP48[0].use_dsp.use_dsp48e2.iDSP48E2/DSP_MULTIPLIER_INST/V[39]
                         net (fo=1, unplaced)         0.000     1.674    u_warp_collective_core/u_reduce_f32_add/u_aec_fp32_fma/inst/i_synth/FMA_OP.OP/mul/MULT/gDSP.gDSP_only.iDSP/use_prim.appDSP48[0].bppDSP48[0].use_dsp.use_dsp48e2.iDSP48E2/DSP_MULTIPLIER.V<39>
                         DSP_M_DATA (Prop_DSP_M_DATA_V[39]_V_DATA[39])
                                                      0.046     1.720 r  u_warp_collective_core/u_reduce_f32_add/u_aec_fp32_fma/inst/i_synth/FMA_OP.OP/mul/MULT/gDSP.gDSP_only.iDSP/use_prim.appDSP48[0].bppDSP48[0].use_dsp.use_dsp48e2.iDSP48E2/DSP_M_DATA_INST/V_DATA[39]
                         net (fo=1, unplaced)         0.000     1.720    u_warp_collective_core/u_reduce_f32_add/u_aec_fp32_fma/inst/i_synth/FMA_OP.OP/mul/MULT/gDSP.gDSP_only.iDSP/use_prim.appDSP48[0].bppDSP48[0].use_dsp.use_dsp48e2.iDSP48E2/DSP_M_DATA.V_DATA<39>
                         DSP_ALU (Prop_DSP_ALU_V_DATA[39]_ALU_OUT[47])
                                                      0.571     2.291 f  u_warp_collective_core/u_reduce_f32_add/u_aec_fp32_fma/inst/i_synth/FMA_OP.OP/mul/MULT/gDSP.gDSP_only.iDSP/use_prim.appDSP48[0].bppDSP48[0].use_dsp.use_dsp48e2.iDSP48E2/DSP_ALU_INST/ALU_OUT[47]
                         net (fo=1, unplaced)         0.000     2.291    u_warp_collective_core/u_reduce_f32_add/u_aec_fp32_fma/inst/i_synth/FMA_OP.OP/mul/MULT/gDSP.gDSP_only.iDSP/use_prim.appDSP48[0].bppDSP48[0].use_dsp.use_dsp48e2.iDSP48E2/DSP_ALU.ALU_OUT<47>
                         DSP_OUTPUT (Prop_DSP_OUTPUT_ALU_OUT[47]_PCOUT[47])
                                                      0.122     2.413 r  u_warp_collective_core/u_reduce_f32_add/u_aec_fp32_fma/inst/i_synth/FMA_OP.OP/mul/MULT/gDSP.gDSP_only.iDSP/use_prim.appDSP48[0].bppDSP48[0].use_dsp.use_dsp48e2.iDSP48E2/DSP_OUTPUT_INST/PCOUT[47]
                         net (fo=1, unplaced)         0.014     2.427    u_warp_collective_core/u_reduce_f32_add/u_aec_fp32_fma/inst/i_synth/FMA_OP.OP/mul/MULT/gDSP.gDSP_only.iDSP/use_prim.appDSP48[0].bppDSP48[1].use_dsp.use_dsp48e2.iDSP48E2/PCIN[47]
                         DSP_ALU (Prop_DSP_ALU_PCIN[47]_ALU_OUT[15])
                                                      0.546     2.973 f  u_warp_collective_core/u_reduce_f32_add/u_aec_fp32_fma/inst/i_synth/FMA_OP.OP/mul/MULT/gDSP.gDSP_only.iDSP/use_prim.appDSP48[0].bppDSP48[1].use_dsp.use_dsp48e2.iDSP48E2/DSP_ALU_INST/ALU_OUT[15]
                         net (fo=1, unplaced)         0.000     2.973    u_warp_collective_core/u_reduce_f32_add/u_aec_fp32_fma/inst/i_synth/FMA_OP.OP/mul/MULT/gDSP.gDSP_only.iDSP/use_prim.appDSP48[0].bppDSP48[1].use_dsp.use_dsp48e2.iDSP48E2/DSP_ALU.ALU_OUT<15>
                         DSP_OUTPUT (Prop_DSP_OUTPUT_ALU_OUT[15]_P[15])
                                                      0.109     3.082 r  u_warp_collective_core/u_reduce_f32_add/u_aec_fp32_fma/inst/i_synth/FMA_OP.OP/mul/MULT/gDSP.gDSP_only.iDSP/use_prim.appDSP48[0].bppDSP48[1].use_dsp.use_dsp48e2.iDSP48E2/DSP_OUTPUT_INST/P[15]
                         net (fo=8, unplaced)         0.236     3.318    u_warp_collective_core/u_reduce_f32_add/u_aec_fp32_fma/inst/i_synth/FMA_OP.OP/mul/mul_result_wide[32]
                         LUT4 (Prop_LUT4_I1_O)        0.139     3.457 f  u_warp_collective_core/u_reduce_f32_add/u_aec_fp32_fma/inst/i_synth/FMA_OP.OP/mul/CHAIN_GEN[16].C_MUX.CARRY_MUX_i_2__2/O
                         net (fo=1, unplaced)         0.242     3.699    u_warp_collective_core/u_reduce_f32_add/u_aec_fp32_fma/inst/i_synth/FMA_OP.OP/addsub/add/EXP/NUMB_CMP1/NOT_FAST.CMP/C_CHAIN/CHAIN_GEN[23].C_MUX.CARRY_MUX_1[4]
                         CARRY8 (Prop_CARRY8_DI[0]_CO[7])
                                                      0.140     3.839 f  u_warp_collective_core/u_reduce_f32_add/u_aec_fp32_fma/inst/i_synth/FMA_OP.OP/addsub/add/EXP/NUMB_CMP1/NOT_FAST.CMP/C_CHAIN/CHAIN_GEN[16].C_MUX.CARRY_MUX_CARRY4_CARRY8/CO[7]
                         net (fo=1, unplaced)         0.005     3.844    u_warp_collective_core/u_reduce_f32_add/u_aec_fp32_fma/inst/i_synth/FMA_OP.OP/addsub/add/EXP/NUMB_CMP1/NOT_FAST.CMP/C_CHAIN/CHAIN_GEN[23].C_MUX.CARRY_MUX_n_0
                         CARRY8 (Prop_CARRY8_CI_CO[4])
                                                      0.092     3.936 f  u_warp_collective_core/u_reduce_f32_add/u_aec_fp32_fma/inst/i_synth/FMA_OP.OP/addsub/add/EXP/NUMB_CMP1/NOT_FAST.CMP/C_CHAIN/CHAIN_GEN[24].C_MUX.CARRY_MUX_CARRY4_CARRY8/CO[4]
                         net (fo=2, unplaced)         0.183     4.119    u_warp_collective_core/u_reduce_f32_add/u_aec_fp32_fma/inst/i_synth/FMA_OP.OP/addsub/add/EXP/NUMB_CMP0/NOT_FAST.CMP/C_CHAIN/CHAIN_GEN[0].C_MUX.CARRY_MUX_1[0]
                         LUT5 (Prop_LUT5_I4_O)        0.038     4.157 f  u_warp_collective_core/u_reduce_f32_add/u_aec_fp32_fma/inst/i_synth/FMA_OP.OP/addsub/add/EXP/NUMB_CMP0/NOT_FAST.CMP/C_CHAIN/CHAIN_GEN[0].C_MUX.CARRY_MUX_i_2__7/O
                         net (fo=52, unplaced)        0.256     4.413    u_warp_collective_core/u_reduce_f32_add/u_aec_fp32_fma/inst/i_synth/FMA_OP.OP/mul/b_largest
                         LUT6 (Prop_LUT6_I4_O)        0.038     4.451 f  u_warp_collective_core/u_reduce_f32_add/u_aec_fp32_fma/inst/i_synth/FMA_OP.OP/mul/CHAIN_GEN[1].C_MUX.CARRY_MUX_i_2__0/O
                         net (fo=3, unplaced)         0.147     4.598    u_warp_collective_core/u_reduce_f32_add/u_aec_fp32_fma/inst/i_synth/FMA_OP.OP/mul/sml_shift_mux__95[4]
                         LUT4 (Prop_LUT4_I0_O)        0.100     4.698 r  u_warp_collective_core/u_reduce_f32_add/u_aec_fp32_fma/inst/i_synth/FMA_OP.OP/mul/CHAIN_GEN[1].C_MUX.CARRY_MUX_i_1__2/O
                         net (fo=1, unplaced)         0.023     4.721    u_warp_collective_core/u_reduce_f32_add/u_aec_fp32_fma/inst/i_synth/FMA_OP.OP/addsub/add/ALIGN_BLK/aligner.ALIGN_SHIFT/ALIGN_Z_D/EQ_ZERO/CARRY_ZERO_DET/CHAIN_GEN[11].C_MUX.CARRY_MUX_0[1]
                         CARRY8 (Prop_CARRY8_S[1]_CO[7])
                                                      0.197     4.918 r  u_warp_collective_core/u_reduce_f32_add/u_aec_fp32_fma/inst/i_synth/FMA_OP.OP/addsub/add/ALIGN_BLK/aligner.ALIGN_SHIFT/ALIGN_Z_D/EQ_ZERO/CARRY_ZERO_DET/CHAIN_GEN[0].C_MUX.CARRY_MUX_CARRY4_CARRY8/CO[7]
                         net (fo=2, unplaced)         0.005     4.923    u_warp_collective_core/u_reduce_f32_add/u_aec_fp32_fma/inst/i_synth/FMA_OP.OP/addsub/add/ALIGN_BLK/aligner.ALIGN_SHIFT/ALIGN_Z_D/EQ_ZERO/CARRY_ZERO_DET/CARRYS_OUT[7]
                         CARRY8 (Prop_CARRY8_CI_CO[2])
                                                      0.057     4.980 r  u_warp_collective_core/u_reduce_f32_add/u_aec_fp32_fma/inst/i_synth/FMA_OP.OP/addsub/add/ALIGN_BLK/aligner.ALIGN_SHIFT/ALIGN_Z_D/EQ_ZERO/CARRY_ZERO_DET/CHAIN_GEN[8].C_MUX.CARRY_MUX_CARRY4_CARRY8/CO[2]
                         net (fo=1, unplaced)         0.185     5.165    u_warp_collective_core/u_reduce_f32_add/u_aec_fp32_fma/inst/i_synth/FMA_OP.OP/addsub/add/EXP/bma_exp_cc/CARRYS_OUT[10]
                         LUT6 (Prop_LUT6_I0_O)        0.038     5.203 r  u_warp_collective_core/u_reduce_f32_add/u_aec_fp32_fma/inst/i_synth/FMA_OP.OP/addsub/add/EXP/bma_exp_cc/MUX_LOOP[2].OTHER_LEVELS.DO_CHUNKS[0].LUT6_STRUCT_MUX.MUX1_i_7/O
                         net (fo=1, unplaced)         0.185     5.388    u_warp_collective_core/u_reduce_f32_add/u_aec_fp32_fma/inst/i_synth/FMA_OP.OP/addsub/add/EXP/bma_exp_cc/MUX_LOOP[2].OTHER_LEVELS.DO_CHUNKS[0].LUT6_STRUCT_MUX.MUX1_i_7_n_0
                         LUT6 (Prop_LUT6_I5_O)        0.038     5.426 r  u_warp_collective_core/u_reduce_f32_add/u_aec_fp32_fma/inst/i_synth/FMA_OP.OP/addsub/add/EXP/bma_exp_cc/MUX_LOOP[2].OTHER_LEVELS.DO_CHUNKS[0].LUT6_STRUCT_MUX.MUX1_i_3/O
                         net (fo=1, unplaced)         0.185     5.611    u_warp_collective_core/u_reduce_f32_add/u_aec_fp32_fma/inst/i_synth/FMA_OP.OP/addsub/add/EXP/bma_exp_cc/MUX_LOOP[2].OTHER_LEVELS.DO_CHUNKS[0].LUT6_STRUCT_MUX.MUX1_i_3_n_0
                         LUT6 (Prop_LUT6_I0_O)        0.037     5.648 r  u_warp_collective_core/u_reduce_f32_add/u_aec_fp32_fma/inst/i_synth/FMA_OP.OP/addsub/add/EXP/bma_exp_cc/MUX_LOOP[2].OTHER_LEVELS.DO_CHUNKS[0].LUT6_STRUCT_MUX.MUX1_i_1/O
                         net (fo=1, unplaced)         0.024     5.672    u_warp_collective_core/u_reduce_f32_add/u_aec_fp32_fma/inst/i_synth/FMA_OP.OP/addsub/add/ALIGN_BLK/aligner.ALIGN_SHIFT/ALIGN_Z_D/zero_det_unreg[1]_0[2]
                         MUXF7 (Prop_MUXF7_I0_O)      0.067     5.739 r  u_warp_collective_core/u_reduce_f32_add/u_aec_fp32_fma/inst/i_synth/FMA_OP.OP/addsub/add/ALIGN_BLK/aligner.ALIGN_SHIFT/ALIGN_Z_D/MUX_LOOP[2].OTHER_LEVELS.DO_CHUNKS[0].LUT6_STRUCT_MUX.MUX1/O
                         net (fo=1, unplaced)         0.000     5.739    u_warp_collective_core/u_reduce_f32_add/u_aec_fp32_fma/inst/i_synth/FMA_OP.OP/addsub/add/ALIGN_BLK/aligner.ALIGN_SHIFT/ALIGN_Z_D/MUX_LOOP[2].OTHER_LEVELS.DO_CHUNKS[0].LUT6_STRUCT_MUX.mux0_1
                         MUXF8 (Prop_MUXF8_I1_O)      0.028     5.767 r  u_warp_collective_core/u_reduce_f32_add/u_aec_fp32_fma/inst/i_synth/FMA_OP.OP/addsub/add/ALIGN_BLK/aligner.ALIGN_SHIFT/ALIGN_Z_D/MUX_LOOP[2].OTHER_LEVELS.DO_CHUNKS[0].LUT6_STRUCT_MUX.MUX2/O
                         net (fo=2, unplaced)         0.185     5.952    u_warp_collective_core/u_reduce_f32_add/u_aec_fp32_fma/inst/i_synth/FMA_OP.OP/addsub/add/ALIGN_BLK/aligner.ALIGN_SHIFT/ALIGN_Z_D/zeros_z_det_a
                         LUT4 (Prop_LUT4_I1_O)        0.037     5.989 r  u_warp_collective_core/u_reduce_f32_add/u_aec_fp32_fma/inst/i_synth/FMA_OP.OP/addsub/add/ALIGN_BLK/aligner.ALIGN_SHIFT/ALIGN_Z_D/STRUCT_ADD1.CARRY_MUX2_i_1/O
                         net (fo=1, unplaced)         0.023     6.012    u_warp_collective_core/u_reduce_f32_add/u_aec_fp32_fma/inst/i_synth/FMA_OP.OP/addsub/add/ALIGN_BLK/FRAC_ADDSUB/LOGIC_ADD.FRAC_ADDSUB/STRUCT_ADD1.CARRY_MUX2_0
                         CARRY8 (Prop_CARRY8_S[1]_CO[7])
                                                      0.197     6.209 r  u_warp_collective_core/u_reduce_f32_add/u_aec_fp32_fma/inst/i_synth/FMA_OP.OP/addsub/add/ALIGN_BLK/FRAC_ADDSUB/LOGIC_ADD.FRAC_ADDSUB/STRUCT_ADD1.CARRY_MUX1_CARRY4_CARRY8/CO[7]
                         net (fo=1, unplaced)         0.005     6.214    u_warp_collective_core/u_reduce_f32_add/u_aec_fp32_fma/inst/i_synth/FMA_OP.OP/addsub/add/ALIGN_BLK/FRAC_ADDSUB/LOGIC_ADD.FRAC_ADDSUB/STRUCT_ADD1.ADD1/CHAIN_GEN[5].C_MUX.CARRY_MUX_n_0
                         CARRY8 (Prop_CARRY8_CI_CO[7])
                                                      0.022     6.236 r  u_warp_collective_core/u_reduce_f32_add/u_aec_fp32_fma/inst/i_synth/FMA_OP.OP/addsub/add/ALIGN_BLK/FRAC_ADDSUB/LOGIC_ADD.FRAC_ADDSUB/STRUCT_ADD1.ADD1/CHAIN_GEN[6].C_MUX.CARRY_MUX_CARRY4_CARRY8/CO[7]
                         net (fo=1, unplaced)         0.005     6.241    u_warp_collective_core/u_reduce_f32_add/u_aec_fp32_fma/inst/i_synth/FMA_OP.OP/addsub/add/ALIGN_BLK/FRAC_ADDSUB/LOGIC_ADD.FRAC_ADDSUB/STRUCT_ADD1.ADD1/CHAIN_GEN[13].C_MUX.CARRY_MUX_n_0
                         CARRY8 (Prop_CARRY8_CI_CO[7])
                                                      0.022     6.263 r  u_warp_collective_core/u_reduce_f32_add/u_aec_fp32_fma/inst/i_synth/FMA_OP.OP/addsub/add/ALIGN_BLK/FRAC_ADDSUB/LOGIC_ADD.FRAC_ADDSUB/STRUCT_ADD1.ADD1/CHAIN_GEN[14].C_MUX.CARRY_MUX_CARRY4_CARRY8/CO[7]
                         net (fo=1, unplaced)         0.005     6.268    u_warp_collective_core/u_reduce_f32_add/u_aec_fp32_fma/inst/i_synth/FMA_OP.OP/addsub/add/ALIGN_BLK/FRAC_ADDSUB/LOGIC_ADD.FRAC_ADDSUB/STRUCT_ADD1.ADD1/CHAIN_GEN[21].C_MUX.CARRY_MUX_n_0
                         CARRY8 (Prop_CARRY8_CI_CO[7])
                                                      0.022     6.290 r  u_warp_collective_core/u_reduce_f32_add/u_aec_fp32_fma/inst/i_synth/FMA_OP.OP/addsub/add/ALIGN_BLK/FRAC_ADDSUB/LOGIC_ADD.FRAC_ADDSUB/STRUCT_ADD1.ADD1/CHAIN_GEN[22].C_MUX.CARRY_MUX_CARRY4_CARRY8/CO[7]
                         net (fo=1, unplaced)         0.005     6.295    u_warp_collective_core/u_reduce_f32_add/u_aec_fp32_fma/inst/i_synth/FMA_OP.OP/addsub/add/ALIGN_BLK/FRAC_ADDSUB/LOGIC_ADD.FRAC_ADDSUB/STRUCT_ADD2.ADD1/CHAIN_GEN[4].C_MUX.CARRY_MUX_n_0
                         CARRY8 (Prop_CARRY8_CI_CO[7])
                                                      0.022     6.317 r  u_warp_collective_core/u_reduce_f32_add/u_aec_fp32_fma/inst/i_synth/FMA_OP.OP/addsub/add/ALIGN_BLK/FRAC_ADDSUB/LOGIC_ADD.FRAC_ADDSUB/STRUCT_ADD2.ADD1/CHAIN_GEN[5].C_MUX.CARRY_MUX_CARRY4_CARRY8/CO[7]
                         net (fo=1, unplaced)         0.005     6.322    u_warp_collective_core/u_reduce_f32_add/u_aec_fp32_fma/inst/i_synth/FMA_OP.OP/addsub/add/ALIGN_BLK/FRAC_ADDSUB/LOGIC_ADD.FRAC_ADDSUB/STRUCT_ADD2.ADD1/CHAIN_GEN[12].C_MUX.CARRY_MUX_n_0
                         CARRY8 (Prop_CARRY8_CI_CO[7])
                                                      0.022     6.344 r  u_warp_collective_core/u_reduce_f32_add/u_aec_fp32_fma/inst/i_synth/FMA_OP.OP/addsub/add/ALIGN_BLK/FRAC_ADDSUB/LOGIC_ADD.FRAC_ADDSUB/STRUCT_ADD2.ADD1/CHAIN_GEN[13].C_MUX.CARRY_MUX_CARRY4_CARRY8/CO[7]
                         net (fo=1, unplaced)         0.005     6.349    u_warp_collective_core/u_reduce_f32_add/u_aec_fp32_fma/inst/i_synth/FMA_OP.OP/addsub/add/ALIGN_BLK/FRAC_ADDSUB/LOGIC_ADD.FRAC_ADDSUB/STRUCT_ADD2.ADD1/CHAIN_GEN[20].C_MUX.CARRY_MUX_n_0
                         CARRY8 (Prop_CARRY8_CI_O[4])
                                                      0.086     6.435 f  u_warp_collective_core/u_reduce_f32_add/u_aec_fp32_fma/inst/i_synth/FMA_OP.OP/addsub/add/ALIGN_BLK/FRAC_ADDSUB/LOGIC_ADD.FRAC_ADDSUB/STRUCT_ADD2.ADD1/CHAIN_GEN[21].C_MUX.CARRY_MUX_CARRY4_CARRY8/O[4]
                         net (fo=4, unplaced)         0.197     6.632    u_warp_collective_core/u_reduce_f32_add/u_aec_fp32_fma/inst/i_synth/FMA_OP.OP/addsub/add/ALIGN_BLK/FRAC_ADDSUB/LOGIC_ADD.FRAC_ADDSUB/STRUCT_ADD2.ADD1/Q[17]
                         LUT4 (Prop_LUT4_I0_O)        0.100     6.732 r  u_warp_collective_core/u_reduce_f32_add/u_aec_fp32_fma/inst/i_synth/FMA_OP.OP/addsub/add/ALIGN_BLK/FRAC_ADDSUB/LOGIC_ADD.FRAC_ADDSUB/STRUCT_ADD2.ADD1/CHAIN_GEN[0].C_MUX.CARRY_MUX_i_1__7/O
                         net (fo=1, unplaced)         0.020     6.752    u_warp_collective_core/u_reduce_f32_add/u_aec_fp32_fma/inst/i_synth/FMA_OP.OP/addsub/add/NORM/LZE/ZERO_DET_CC_1/chunk_is_zero[0]
                         CARRY8 (Prop_CARRY8_S[0]_CO[7])
                                                      0.199     6.951 r  u_warp_collective_core/u_reduce_f32_add/u_aec_fp32_fma/inst/i_synth/FMA_OP.OP/addsub/add/NORM/LZE/ZERO_DET_CC_1/CHAIN_GEN[0].C_MUX.CARRY_MUX_CARRY4_CARRY8/CO[7]
                         net (fo=68, unplaced)        0.290     7.241    u_warp_collective_core/u_reduce_f32_add/u_aec_fp32_fma/inst/i_synth/FMA_OP.OP/addsub/add/NORM/LZE/ZERO_DET_CC_1/CARRYS_OUT[1]
                         LUT6 (Prop_LUT6_I4_O)        0.038     7.279 r  u_warp_collective_core/u_reduce_f32_add/u_aec_fp32_fma/inst/i_synth/FMA_OP.OP/addsub/add/NORM/LZE/ZERO_DET_CC_1/CHAIN_GEN[1].C_MUX.CARRY_MUX_i_2__4/O
                         net (fo=60, unplaced)        0.215     7.494    u_warp_collective_core/u_reduce_f32_add/u_aec_fp32_fma/inst/i_synth/FMA_OP.OP/addsub/add/ALIGN_BLK/FRAC_ADDSUB/LOGIC_ADD.FRAC_ADDSUB/STRUCT_ADD1.ADD1/norm_dist[1]
                         LUT5 (Prop_LUT5_I1_O)        0.100     7.594 r  u_warp_collective_core/u_reduce_f32_add/u_aec_fp32_fma/inst/i_synth/FMA_OP.OP/addsub/add/ALIGN_BLK/FRAC_ADDSUB/LOGIC_ADD.FRAC_ADDSUB/STRUCT_ADD1.ADD1/norm_exp_carry_i_12/O
                         net (fo=1, unplaced)         0.141     7.735    u_warp_collective_core/u_reduce_f32_add/u_aec_fp32_fma/inst/i_synth/FMA_OP.OP/addsub/add/ALIGN_BLK/FRAC_ADDSUB/LOGIC_ADD.FRAC_ADDSUB/STRUCT_ADD2.ADD1/RESULT_REG.NORMAL.mant_op[21]_i_12
                         LUT6 (Prop_LUT6_I1_O)        0.100     7.835 r  u_warp_collective_core/u_reduce_f32_add/u_aec_fp32_fma/inst/i_synth/FMA_OP.OP/addsub/add/ALIGN_BLK/FRAC_ADDSUB/LOGIC_ADD.FRAC_ADDSUB/STRUCT_ADD2.ADD1/norm_exp_carry_i_9/O
                         net (fo=7, unplaced)         0.210     8.045    u_warp_collective_core/u_reduce_f32_add/u_aec_fp32_fma/inst/i_synth/FMA_OP.OP/addsub/add/EXP/EXP_OFF.STRUCT_ADD/norm_dist[1]
                         LUT2 (Prop_LUT2_I1_O)        0.037     8.082 r  u_warp_collective_core/u_reduce_f32_add/u_aec_fp32_fma/inst/i_synth/FMA_OP.OP/addsub/add/EXP/EXP_OFF.STRUCT_ADD/norm_exp_carry_i_7/O
                         net (fo=1, unplaced)         0.023     8.105    u_warp_collective_core/u_reduce_f32_add/u_aec_fp32_fma/inst/i_synth/FMA_OP.OP/addsub/add/EXP/EXP_OFF.STRUCT_ADD_n_5
                         CARRY8 (Prop_CARRY8_S[1]_O[6])
                                                      0.224     8.329 r  u_warp_collective_core/u_reduce_f32_add/u_aec_fp32_fma/inst/i_synth/FMA_OP.OP/addsub/add/EXP/norm_exp_carry/O[6]
                         net (fo=4, unplaced)         0.103     8.432    u_warp_collective_core/u_reduce_f32_add/u_aec_fp32_fma/inst/i_synth/FMA_OP.OP/addsub/add/EXP/exp_op[6]
                         LUT4 (Prop_LUT4_I0_O)        0.139     8.571 r  u_warp_collective_core/u_reduce_f32_add/u_aec_fp32_fma/inst/i_synth/FMA_OP.OP/addsub/add/EXP/RESULT_REG.NORMAL.mant_op[21]_i_22/O
                         net (fo=2, unplaced)         0.185     8.756    u_warp_collective_core/u_reduce_f32_add/u_aec_fp32_fma/inst/i_synth/FMA_OP.OP/addsub/add/EXP/EXP_OFF.STRUCT_ADD/RESULT_REG.NORMAL.mant_op[21]_i_5_0
                         LUT6 (Prop_LUT6_I2_O)        0.038     8.794 r  u_warp_collective_core/u_reduce_f32_add/u_aec_fp32_fma/inst/i_synth/FMA_OP.OP/addsub/add/EXP/EXP_OFF.STRUCT_ADD/RESULT_REG.NORMAL.mant_op[21]_i_17/O
                         net (fo=4, unplaced)         0.152     8.946    u_warp_collective_core/u_reduce_f32_add/u_aec_fp32_fma/inst/i_synth/FMA_OP.OP/addsub/add/EXP/EXP_OFF.STRUCT_ADD/conv_exp.downsize_exp/exp_flt_all_one_rnd
                         LUT3 (Prop_LUT3_I0_O)        0.112     9.058 r  u_warp_collective_core/u_reduce_f32_add/u_aec_fp32_fma/inst/i_synth/FMA_OP.OP/addsub/add/EXP/EXP_OFF.STRUCT_ADD/RESULT_REG.NORMAL.mant_op[22]_i_2/O
                         net (fo=6, unplaced)         0.207     9.265    u_warp_collective_core/u_reduce_f32_add/u_aec_fp32_fma/inst/i_synth/FMA_OP.OP/addsub/add/EXP/EXP_OFF.STRUCT_ADD/conv_exp.downsize_exp/state_rnd__5[0]
                         LUT3 (Prop_LUT3_I2_O)        0.038     9.303 r  u_warp_collective_core/u_reduce_f32_add/u_aec_fp32_fma/inst/i_synth/FMA_OP.OP/addsub/add/EXP/EXP_OFF.STRUCT_ADD/RESULT_REG.NORMAL.exp_op[2]_i_2/O
                         net (fo=5, unplaced)         0.203     9.506    u_warp_collective_core/u_reduce_f32_add/u_aec_fp32_fma/inst/i_synth/FMA_OP.OP/addsub/add/EXP/EXP_OFF.STRUCT_ADD/op_state[0]
                         LUT6 (Prop_LUT6_I4_O)        0.038     9.544 r  u_warp_collective_core/u_reduce_f32_add/u_aec_fp32_fma/inst/i_synth/FMA_OP.OP/addsub/add/EXP/EXP_OFF.STRUCT_ADD/RESULT_REG.NORMAL.mant_op[21]_i_1/O
                         net (fo=22, unplaced)        0.237     9.781    u_warp_collective_core/u_reduce_f32_add/u_aec_fp32_fma/inst/i_synth/FMA_OP.OP/addsub/add/OP/RESULT_REG.NORMAL.mant_op_reg[21]_0
                         FDRE                                         r  u_warp_collective_core/u_reduce_f32_add/u_aec_fp32_fma/inst/i_synth/FMA_OP.OP/addsub/add/OP/RESULT_REG.NORMAL.mant_op_reg[5]/R
  -------------------------------------------------------------------    -------------------

                         (clock clk_i rise edge)      5.556     5.556 r  
                                                      0.000     5.556 r  clk_i (IN)
                         net (fo=37177, unset)        0.020     5.576    u_warp_collective_core/u_reduce_f32_add/u_aec_fp32_fma/inst/i_synth/FMA_OP.OP/addsub/add/OP/aclk
                         FDRE                                         r  u_warp_collective_core/u_reduce_f32_add/u_aec_fp32_fma/inst/i_synth/FMA_OP.OP/addsub/add/OP/RESULT_REG.NORMAL.mant_op_reg[5]/C
                         clock pessimism              0.000     5.576    
                         clock uncertainty           -0.035     5.541    
                         FDRE (Setup_FDRE_C_R)       -0.074     5.467    u_warp_collective_core/u_reduce_f32_add/u_aec_fp32_fma/inst/i_synth/FMA_OP.OP/addsub/add/OP/RESULT_REG.NORMAL.mant_op_reg[5]
  -------------------------------------------------------------------
                         required time                          5.467    
                         arrival time                          -9.781    
  -------------------------------------------------------------------
                         slack                                 -4.314    

Slack (VIOLATED) :        -4.314ns  (required time - arrival time)
  Source:                 u_warp_collective_core/lane_val_q_reg[6][10]/C
                            (rising edge-triggered cell FDCE clocked by clk_i  {rise@0.000ns fall@2.778ns period=5.556ns})
  Destination:            u_warp_collective_core/u_reduce_f32_add/u_aec_fp32_fma/inst/i_synth/FMA_OP.OP/addsub/add/OP/RESULT_REG.NORMAL.mant_op_reg[6]/R
                            (rising edge-triggered cell FDRE clocked by clk_i  {rise@0.000ns fall@2.778ns period=5.556ns})
  Path Group:             clk_i
  Path Type:              Setup (Max at Slow Process Corner)
  Requirement:            5.556ns  (clk_i rise@5.556ns - clk_i rise@0.000ns)
  Data Path Delay:        9.753ns  (logic 5.150ns (52.804%)  route 4.603ns (47.196%))
  Logic Levels:           44  (CARRY8=13 DSP_A_B_DATA=1 DSP_ALU=2 DSP_M_DATA=1 DSP_MULTIPLIER=1 DSP_OUTPUT=2 DSP_PREADD_DATA=1 LUT2=1 LUT3=2 LUT4=5 LUT5=2 LUT6=9 MUXF7=2 MUXF8=2)
  Clock Path Skew:        -0.008ns (DCD - SCD + CPR)
    Destination Clock Delay (DCD):    0.020ns = ( 5.576 - 5.556 ) 
    Source Clock Delay      (SCD):    0.028ns
    Clock Pessimism Removal (CPR):    0.000ns
  Clock Uncertainty:      0.035ns  ((TSJ^2 + TIJ^2)^1/2 + DJ) / 2 + PE
    Total System Jitter     (TSJ):    0.071ns
    Total Input Jitter      (TIJ):    0.000ns
    Discrete Jitter          (DJ):    0.000ns
    Phase Error              (PE):    0.000ns

    Location             Delay type                Incr(ns)  Path(ns)    Netlist Resource(s)
  -------------------------------------------------------------------    -------------------
                         (clock clk_i rise edge)      0.000     0.000 r  
                                                      0.000     0.000 r  clk_i (IN)
                         net (fo=37177, unset)        0.028     0.028    u_warp_collective_core/clk_i
                         FDCE                                         r  u_warp_collective_core/lane_val_q_reg[6][10]/C
  -------------------------------------------------------------------    -------------------
                         FDCE (Prop_FDCE_C_Q)         0.077     0.105 f  u_warp_collective_core/lane_val_q_reg[6][10]/Q
                         net (fo=35, unplaced)        0.216     0.321    u_warp_collective_core/u_reduce_f32_add/u_aec_fp32_fma_i_66_0[10]
                         LUT6 (Prop_LUT6_I0_O)        0.145     0.466 f  u_warp_collective_core/u_reduce_f32_add/u_aec_fp32_fma_i_344/O
                         net (fo=1, unplaced)         0.032     0.498    u_warp_collective_core/u_reduce_f32_add/u_aec_fp32_fma_i_344_n_0
                         MUXF7 (Prop_MUXF7_I0_O)      0.069     0.567 f  u_warp_collective_core/u_reduce_f32_add/u_aec_fp32_fma_i_108/O
                         net (fo=1, unplaced)         0.000     0.567    u_warp_collective_core/u_reduce_f32_add/u_aec_fp32_fma_i_108_n_0
                         MUXF8 (Prop_MUXF8_I0_O)      0.030     0.597 f  u_warp_collective_core/u_reduce_f32_add/u_aec_fp32_fma_i_23/O
                         net (fo=11, unplaced)        0.244     0.841    u_warp_collective_core/u_reduce_f32_add/u_aec_fp32_fma/inst/i_synth/FMA_OP.OP/mul/MULT/gDSP.gDSP_only.iDSP/use_prim.appDSP48[0].bppDSP48[0].use_dsp.use_dsp48e2.iDSP48E2/B[10]
                         DSP_A_B_DATA (Prop_DSP_A_B_DATA_B[10]_B2_DATA[10])
                                                      0.151     0.992 r  u_warp_collective_core/u_reduce_f32_add/u_aec_fp32_fma/inst/i_synth/FMA_OP.OP/mul/MULT/gDSP.gDSP_only.iDSP/use_prim.appDSP48[0].bppDSP48[0].use_dsp.use_dsp48e2.iDSP48E2/DSP_A_B_DATA_INST/B2_DATA[10]
                         net (fo=1, unplaced)         0.000     0.992    u_warp_collective_core/u_reduce_f32_add/u_aec_fp32_fma/inst/i_synth/FMA_OP.OP/mul/MULT/gDSP.gDSP_only.iDSP/use_prim.appDSP48[0].bppDSP48[0].use_dsp.use_dsp48e2.iDSP48E2/DSP_A_B_DATA.B2_DATA<10>
                         DSP_PREADD_DATA (Prop_DSP_PREADD_DATA_B2_DATA[10]_B2B1[10])
                                                      0.073     1.065 r  u_warp_collective_core/u_reduce_f32_add/u_aec_fp32_fma/inst/i_synth/FMA_OP.OP/mul/MULT/gDSP.gDSP_only.iDSP/use_prim.appDSP48[0].bppDSP48[0].use_dsp.use_dsp48e2.iDSP48E2/DSP_PREADD_DATA_INST/B2B1[10]
                         net (fo=1, unplaced)         0.000     1.065    u_warp_collective_core/u_reduce_f32_add/u_aec_fp32_fma/inst/i_synth/FMA_OP.OP/mul/MULT/gDSP.gDSP_only.iDSP/use_prim.appDSP48[0].bppDSP48[0].use_dsp.use_dsp48e2.iDSP48E2/DSP_PREADD_DATA.B2B1<10>
                         DSP_MULTIPLIER (Prop_DSP_MULTIPLIER_B2B1[10]_V[39])
                                                      0.609     1.674 f  u_warp_collective_core/u_reduce_f32_add/u_aec_fp32_fma/inst/i_synth/FMA_OP.OP/mul/MULT/gDSP.gDSP_only.iDSP/use_prim.appDSP48[0].bppDSP48[0].use_dsp.use_dsp48e2.iDSP48E2/DSP_MULTIPLIER_INST/V[39]
                         net (fo=1, unplaced)         0.000     1.674    u_warp_collective_core/u_reduce_f32_add/u_aec_fp32_fma/inst/i_synth/FMA_OP.OP/mul/MULT/gDSP.gDSP_only.iDSP/use_prim.appDSP48[0].bppDSP48[0].use_dsp.use_dsp48e2.iDSP48E2/DSP_MULTIPLIER.V<39>
                         DSP_M_DATA (Prop_DSP_M_DATA_V[39]_V_DATA[39])
                                                      0.046     1.720 r  u_warp_collective_core/u_reduce_f32_add/u_aec_fp32_fma/inst/i_synth/FMA_OP.OP/mul/MULT/gDSP.gDSP_only.iDSP/use_prim.appDSP48[0].bppDSP48[0].use_dsp.use_dsp48e2.iDSP48E2/DSP_M_DATA_INST/V_DATA[39]
                         net (fo=1, unplaced)         0.000     1.720    u_warp_collective_core/u_reduce_f32_add/u_aec_fp32_fma/inst/i_synth/FMA_OP.OP/mul/MULT/gDSP.gDSP_only.iDSP/use_prim.appDSP48[0].bppDSP48[0].use_dsp.use_dsp48e2.iDSP48E2/DSP_M_DATA.V_DATA<39>
                         DSP_ALU (Prop_DSP_ALU_V_DATA[39]_ALU_OUT[47])
                                                      0.571     2.291 f  u_warp_collective_core/u_reduce_f32_add/u_aec_fp32_fma/inst/i_synth/FMA_OP.OP/mul/MULT/gDSP.gDSP_only.iDSP/use_prim.appDSP48[0].bppDSP48[0].use_dsp.use_dsp48e2.iDSP48E2/DSP_ALU_INST/ALU_OUT[47]
                         net (fo=1, unplaced)         0.000     2.291    u_warp_collective_core/u_reduce_f32_add/u_aec_fp32_fma/inst/i_synth/FMA_OP.OP/mul/MULT/gDSP.gDSP_only.iDSP/use_prim.appDSP48[0].bppDSP48[0].use_dsp.use_dsp48e2.iDSP48E2/DSP_ALU.ALU_OUT<47>
                         DSP_OUTPUT (Prop_DSP_OUTPUT_ALU_OUT[47]_PCOUT[47])
                                                      0.122     2.413 r  u_warp_collective_core/u_reduce_f32_add/u_aec_fp32_fma/inst/i_synth/FMA_OP.OP/mul/MULT/gDSP.gDSP_only.iDSP/use_prim.appDSP48[0].bppDSP48[0].use_dsp.use_dsp48e2.iDSP48E2/DSP_OUTPUT_INST/PCOUT[47]
                         net (fo=1, unplaced)         0.014     2.427    u_warp_collective_core/u_reduce_f32_add/u_aec_fp32_fma/inst/i_synth/FMA_OP.OP/mul/MULT/gDSP.gDSP_only.iDSP/use_prim.appDSP48[0].bppDSP48[1].use_dsp.use_dsp48e2.iDSP48E2/PCIN[47]
                         DSP_ALU (Prop_DSP_ALU_PCIN[47]_ALU_OUT[15])
                                                      0.546     2.973 f  u_warp_collective_core/u_reduce_f32_add/u_aec_fp32_fma/inst/i_synth/FMA_OP.OP/mul/MULT/gDSP.gDSP_only.iDSP/use_prim.appDSP48[0].bppDSP48[1].use_dsp.use_dsp48e2.iDSP48E2/DSP_ALU_INST/ALU_OUT[15]
                         net (fo=1, unplaced)         0.000     2.973    u_warp_collective_core/u_reduce_f32_add/u_aec_fp32_fma/inst/i_synth/FMA_OP.OP/mul/MULT/gDSP.gDSP_only.iDSP/use_prim.appDSP48[0].bppDSP48[1].use_dsp.use_dsp48e2.iDSP48E2/DSP_ALU.ALU_OUT<15>
                         DSP_OUTPUT (Prop_DSP_OUTPUT_ALU_OUT[15]_P[15])
                                                      0.109     3.082 r  u_warp_collective_core/u_reduce_f32_add/u_aec_fp32_fma/inst/i_synth/FMA_OP.OP/mul/MULT/gDSP.gDSP_only.iDSP/use_prim.appDSP48[0].bppDSP48[1].use_dsp.use_dsp48e2.iDSP48E2/DSP_OUTPUT_INST/P[15]
                         net (fo=8, unplaced)         0.236     3.318    u_warp_collective_core/u_reduce_f32_add/u_aec_fp32_fma/inst/i_synth/FMA_OP.OP/mul/mul_result_wide[32]
                         LUT4 (Prop_LUT4_I1_O)        0.139     3.457 f  u_warp_collective_core/u_reduce_f32_add/u_aec_fp32_fma/inst/i_synth/FMA_OP.OP/mul/CHAIN_GEN[16].C_MUX.CARRY_MUX_i_2__2/O
                         net (fo=1, unplaced)         0.242     3.699    u_warp_collective_core/u_reduce_f32_add/u_aec_fp32_fma/inst/i_synth/FMA_OP.OP/addsub/add/EXP/NUMB_CMP1/NOT_FAST.CMP/C_CHAIN/CHAIN_GEN[23].C_MUX.CARRY_MUX_1[4]
                         CARRY8 (Prop_CARRY8_DI[0]_CO[7])
                                                      0.140     3.839 f  u_warp_collective_core/u_reduce_f32_add/u_aec_fp32_fma/inst/i_synth/FMA_OP.OP/addsub/add/EXP/NUMB_CMP1/NOT_FAST.CMP/C_CHAIN/CHAIN_GEN[16].C_MUX.CARRY_MUX_CARRY4_CARRY8/CO[7]
                         net (fo=1, unplaced)         0.005     3.844    u_warp_collective_core/u_reduce_f32_add/u_aec_fp32_fma/inst/i_synth/FMA_OP.OP/addsub/add/EXP/NUMB_CMP1/NOT_FAST.CMP/C_CHAIN/CHAIN_GEN[23].C_MUX.CARRY_MUX_n_0
                         CARRY8 (Prop_CARRY8_CI_CO[4])
                                                      0.092     3.936 f  u_warp_collective_core/u_reduce_f32_add/u_aec_fp32_fma/inst/i_synth/FMA_OP.OP/addsub/add/EXP/NUMB_CMP1/NOT_FAST.CMP/C_CHAIN/CHAIN_GEN[24].C_MUX.CARRY_MUX_CARRY4_CARRY8/CO[4]
                         net (fo=2, unplaced)         0.183     4.119    u_warp_collective_core/u_reduce_f32_add/u_aec_fp32_fma/inst/i_synth/FMA_OP.OP/addsub/add/EXP/NUMB_CMP0/NOT_FAST.CMP/C_CHAIN/CHAIN_GEN[0].C_MUX.CARRY_MUX_1[0]
                         LUT5 (Prop_LUT5_I4_O)        0.038     4.157 f  u_warp_collective_core/u_reduce_f32_add/u_aec_fp32_fma/inst/i_synth/FMA_OP.OP/addsub/add/EXP/NUMB_CMP0/NOT_FAST.CMP/C_CHAIN/CHAIN_GEN[0].C_MUX.CARRY_MUX_i_2__7/O
                         net (fo=52, unplaced)        0.256     4.413    u_warp_collective_core/u_reduce_f32_add/u_aec_fp32_fma/inst/i_synth/FMA_OP.OP/mul/b_largest
                         LUT6 (Prop_LUT6_I4_O)        0.038     4.451 f  u_warp_collective_core/u_reduce_f32_add/u_aec_fp32_fma/inst/i_synth/FMA_OP.OP/mul/CHAIN_GEN[1].C_MUX.CARRY_MUX_i_2__0/O
                         net (fo=3, unplaced)         0.147     4.598    u_warp_collective_core/u_reduce_f32_add/u_aec_fp32_fma/inst/i_synth/FMA_OP.OP/mul/sml_shift_mux__95[4]
                         LUT4 (Prop_LUT4_I0_O)        0.100     4.698 r  u_warp_collective_core/u_reduce_f32_add/u_aec_fp32_fma/inst/i_synth/FMA_OP.OP/mul/CHAIN_GEN[1].C_MUX.CARRY_MUX_i_1__2/O
                         net (fo=1, unplaced)         0.023     4.721    u_warp_collective_core/u_reduce_f32_add/u_aec_fp32_fma/inst/i_synth/FMA_OP.OP/addsub/add/ALIGN_BLK/aligner.ALIGN_SHIFT/ALIGN_Z_D/EQ_ZERO/CARRY_ZERO_DET/CHAIN_GEN[11].C_MUX.CARRY_MUX_0[1]
                         CARRY8 (Prop_CARRY8_S[1]_CO[7])
                                                      0.197     4.918 r  u_warp_collective_core/u_reduce_f32_add/u_aec_fp32_fma/inst/i_synth/FMA_OP.OP/addsub/add/ALIGN_BLK/aligner.ALIGN_SHIFT/ALIGN_Z_D/EQ_ZERO/CARRY_ZERO_DET/CHAIN_GEN[0].C_MUX.CARRY_MUX_CARRY4_CARRY8/CO[7]
                         net (fo=2, unplaced)         0.005     4.923    u_warp_collective_core/u_reduce_f32_add/u_aec_fp32_fma/inst/i_synth/FMA_OP.OP/addsub/add/ALIGN_BLK/aligner.ALIGN_SHIFT/ALIGN_Z_D/EQ_ZERO/CARRY_ZERO_DET/CARRYS_OUT[7]
                         CARRY8 (Prop_CARRY8_CI_CO[2])
                                                      0.057     4.980 r  u_warp_collective_core/u_reduce_f32_add/u_aec_fp32_fma/inst/i_synth/FMA_OP.OP/addsub/add/ALIGN_BLK/aligner.ALIGN_SHIFT/ALIGN_Z_D/EQ_ZERO/CARRY_ZERO_DET/CHAIN_GEN[8].C_MUX.CARRY_MUX_CARRY4_CARRY8/CO[2]
                         net (fo=1, unplaced)         0.185     5.165    u_warp_collective_core/u_reduce_f32_add/u_aec_fp32_fma/inst/i_synth/FMA_OP.OP/addsub/add/EXP/bma_exp_cc/CARRYS_OUT[10]
                         LUT6 (Prop_LUT6_I0_O)        0.038     5.203 r  u_warp_collective_core/u_reduce_f32_add/u_aec_fp32_fma/inst/i_synth/FMA_OP.OP/addsub/add/EXP/bma_exp_cc/MUX_LOOP[2].OTHER_LEVELS.DO_CHUNKS[0].LUT6_STRUCT_MUX.MUX1_i_7/O
                         net (fo=1, unplaced)         0.185     5.388    u_warp_collective_core/u_reduce_f32_add/u_aec_fp32_fma/inst/i_synth/FMA_OP.OP/addsub/add/EXP/bma_exp_cc/MUX_LOOP[2].OTHER_LEVELS.DO_CHUNKS[0].LUT6_STRUCT_MUX.MUX1_i_7_n_0
                         LUT6 (Prop_LUT6_I5_O)        0.038     5.426 r  u_warp_collective_core/u_reduce_f32_add/u_aec_fp32_fma/inst/i_synth/FMA_OP.OP/addsub/add/EXP/bma_exp_cc/MUX_LOOP[2].OTHER_LEVELS.DO_CHUNKS[0].LUT6_STRUCT_MUX.MUX1_i_3/O
                         net (fo=1, unplaced)         0.185     5.611    u_warp_collective_core/u_reduce_f32_add/u_aec_fp32_fma/inst/i_synth/FMA_OP.OP/addsub/add/EXP/bma_exp_cc/MUX_LOOP[2].OTHER_LEVELS.DO_CHUNKS[0].LUT6_STRUCT_MUX.MUX1_i_3_n_0
                         LUT6 (Prop_LUT6_I0_O)        0.037     5.648 r  u_warp_collective_core/u_reduce_f32_add/u_aec_fp32_fma/inst/i_synth/FMA_OP.OP/addsub/add/EXP/bma_exp_cc/MUX_LOOP[2].OTHER_LEVELS.DO_CHUNKS[0].LUT6_STRUCT_MUX.MUX1_i_1/O
                         net (fo=1, unplaced)         0.024     5.672    u_warp_collective_core/u_reduce_f32_add/u_aec_fp32_fma/inst/i_synth/FMA_OP.OP/addsub/add/ALIGN_BLK/aligner.ALIGN_SHIFT/ALIGN_Z_D/zero_det_unreg[1]_0[2]
                         MUXF7 (Prop_MUXF7_I0_O)      0.067     5.739 r  u_warp_collective_core/u_reduce_f32_add/u_aec_fp32_fma/inst/i_synth/FMA_OP.OP/addsub/add/ALIGN_BLK/aligner.ALIGN_SHIFT/ALIGN_Z_D/MUX_LOOP[2].OTHER_LEVELS.DO_CHUNKS[0].LUT6_STRUCT_MUX.MUX1/O
                         net (fo=1, unplaced)         0.000     5.739    u_warp_collective_core/u_reduce_f32_add/u_aec_fp32_fma/inst/i_synth/FMA_OP.OP/addsub/add/ALIGN_BLK/aligner.ALIGN_SHIFT/ALIGN_Z_D/MUX_LOOP[2].OTHER_LEVELS.DO_CHUNKS[0].LUT6_STRUCT_MUX.mux0_1
                         MUXF8 (Prop_MUXF8_I1_O)      0.028     5.767 r  u_warp_collective_core/u_reduce_f32_add/u_aec_fp32_fma/inst/i_synth/FMA_OP.OP/addsub/add/ALIGN_BLK/aligner.ALIGN_SHIFT/ALIGN_Z_D/MUX_LOOP[2].OTHER_LEVELS.DO_CHUNKS[0].LUT6_STRUCT_MUX.MUX2/O
                         net (fo=2, unplaced)         0.185     5.952    u_warp_collective_core/u_reduce_f32_add/u_aec_fp32_fma/inst/i_synth/FMA_OP.OP/addsub/add/ALIGN_BLK/aligner.ALIGN_SHIFT/ALIGN_Z_D/zeros_z_det_a
                         LUT4 (Prop_LUT4_I1_O)        0.037     5.989 r  u_warp_collective_core/u_reduce_f32_add/u_aec_fp32_fma/inst/i_synth/FMA_OP.OP/addsub/add/ALIGN_BLK/aligner.ALIGN_SHIFT/ALIGN_Z_D/STRUCT_ADD1.CARRY_MUX2_i_1/O
                         net (fo=1, unplaced)         0.023     6.012    u_warp_collective_core/u_reduce_f32_add/u_aec_fp32_fma/inst/i_synth/FMA_OP.OP/addsub/add/ALIGN_BLK/FRAC_ADDSUB/LOGIC_ADD.FRAC_ADDSUB/STRUCT_ADD1.CARRY_MUX2_0
                         CARRY8 (Prop_CARRY8_S[1]_CO[7])
                                                      0.197     6.209 r  u_warp_collective_core/u_reduce_f32_add/u_aec_fp32_fma/inst/i_synth/FMA_OP.OP/addsub/add/ALIGN_BLK/FRAC_ADDSUB/LOGIC_ADD.FRAC_ADDSUB/STRUCT_ADD1.CARRY_MUX1_CARRY4_CARRY8/CO[7]
                         net (fo=1, unplaced)         0.005     6.214    u_warp_collective_core/u_reduce_f32_add/u_aec_fp32_fma/inst/i_synth/FMA_OP.OP/addsub/add/ALIGN_BLK/FRAC_ADDSUB/LOGIC_ADD.FRAC_ADDSUB/STRUCT_ADD1.ADD1/CHAIN_GEN[5].C_MUX.CARRY_MUX_n_0
                         CARRY8 (Prop_CARRY8_CI_CO[7])
                                                      0.022     6.236 r  u_warp_collective_core/u_reduce_f32_add/u_aec_fp32_fma/inst/i_synth/FMA_OP.OP/addsub/add/ALIGN_BLK/FRAC_ADDSUB/LOGIC_ADD.FRAC_ADDSUB/STRUCT_ADD1.ADD1/CHAIN_GEN[6].C_MUX.CARRY_MUX_CARRY4_CARRY8/CO[7]
                         net (fo=1, unplaced)         0.005     6.241    u_warp_collective_core/u_reduce_f32_add/u_aec_fp32_fma/inst/i_synth/FMA_OP.OP/addsub/add/ALIGN_BLK/FRAC_ADDSUB/LOGIC_ADD.FRAC_ADDSUB/STRUCT_ADD1.ADD1/CHAIN_GEN[13].C_MUX.CARRY_MUX_n_0
                         CARRY8 (Prop_CARRY8_CI_CO[7])
                                                      0.022     6.263 r  u_warp_collective_core/u_reduce_f32_add/u_aec_fp32_fma/inst/i_synth/FMA_OP.OP/addsub/add/ALIGN_BLK/FRAC_ADDSUB/LOGIC_ADD.FRAC_ADDSUB/STRUCT_ADD1.ADD1/CHAIN_GEN[14].C_MUX.CARRY_MUX_CARRY4_CARRY8/CO[7]
                         net (fo=1, unplaced)         0.005     6.268    u_warp_collective_core/u_reduce_f32_add/u_aec_fp32_fma/inst/i_synth/FMA_OP.OP/addsub/add/ALIGN_BLK/FRAC_ADDSUB/LOGIC_ADD.FRAC_ADDSUB/STRUCT_ADD1.ADD1/CHAIN_GEN[21].C_MUX.CARRY_MUX_n_0
                         CARRY8 (Prop_CARRY8_CI_CO[7])
                                                      0.022     6.290 r  u_warp_collective_core/u_reduce_f32_add/u_aec_fp32_fma/inst/i_synth/FMA_OP.OP/addsub/add/ALIGN_BLK/FRAC_ADDSUB/LOGIC_ADD.FRAC_ADDSUB/STRUCT_ADD1.ADD1/CHAIN_GEN[22].C_MUX.CARRY_MUX_CARRY4_CARRY8/CO[7]
                         net (fo=1, unplaced)         0.005     6.295    u_warp_collective_core/u_reduce_f32_add/u_aec_fp32_fma/inst/i_synth/FMA_OP.OP/addsub/add/ALIGN_BLK/FRAC_ADDSUB/LOGIC_ADD.FRAC_ADDSUB/STRUCT_ADD2.ADD1/CHAIN_GEN[4].C_MUX.CARRY_MUX_n_0
                         CARRY8 (Prop_CARRY8_CI_CO[7])
                                                      0.022     6.317 r  u_warp_collective_core/u_reduce_f32_add/u_aec_fp32_fma/inst/i_synth/FMA_OP.OP/addsub/add/ALIGN_BLK/FRAC_ADDSUB/LOGIC_ADD.FRAC_ADDSUB/STRUCT_ADD2.ADD1/CHAIN_GEN[5].C_MUX.CARRY_MUX_CARRY4_CARRY8/CO[7]
                         net (fo=1, unplaced)         0.005     6.322    u_warp_collective_core/u_reduce_f32_add/u_aec_fp32_fma/inst/i_synth/FMA_OP.OP/addsub/add/ALIGN_BLK/FRAC_ADDSUB/LOGIC_ADD.FRAC_ADDSUB/STRUCT_ADD2.ADD1/CHAIN_GEN[12].C_MUX.CARRY_MUX_n_0
                         CARRY8 (Prop_CARRY8_CI_CO[7])
                                                      0.022     6.344 r  u_warp_collective_core/u_reduce_f32_add/u_aec_fp32_fma/inst/i_synth/FMA_OP.OP/addsub/add/ALIGN_BLK/FRAC_ADDSUB/LOGIC_ADD.FRAC_ADDSUB/STRUCT_ADD2.ADD1/CHAIN_GEN[13].C_MUX.CARRY_MUX_CARRY4_CARRY8/CO[7]
                         net (fo=1, unplaced)         0.005     6.349    u_warp_collective_core/u_reduce_f32_add/u_aec_fp32_fma/inst/i_synth/FMA_OP.OP/addsub/add/ALIGN_BLK/FRAC_ADDSUB/LOGIC_ADD.FRAC_ADDSUB/STRUCT_ADD2.ADD1/CHAIN_GEN[20].C_MUX.CARRY_MUX_n_0
                         CARRY8 (Prop_CARRY8_CI_O[4])
                                                      0.086     6.435 f  u_warp_collective_core/u_reduce_f32_add/u_aec_fp32_fma/inst/i_synth/FMA_OP.OP/addsub/add/ALIGN_BLK/FRAC_ADDSUB/LOGIC_ADD.FRAC_ADDSUB/STRUCT_ADD2.ADD1/CHAIN_GEN[21].C_MUX.CARRY_MUX_CARRY4_CARRY8/O[4]
                         net (fo=4, unplaced)         0.197     6.632    u_warp_collective_core/u_reduce_f32_add/u_aec_fp32_fma/inst/i_synth/FMA_OP.OP/addsub/add/ALIGN_BLK/FRAC_ADDSUB/LOGIC_ADD.FRAC_ADDSUB/STRUCT_ADD2.ADD1/Q[17]
                         LUT4 (Prop_LUT4_I0_O)        0.100     6.732 r  u_warp_collective_core/u_reduce_f32_add/u_aec_fp32_fma/inst/i_synth/FMA_OP.OP/addsub/add/ALIGN_BLK/FRAC_ADDSUB/LOGIC_ADD.FRAC_ADDSUB/STRUCT_ADD2.ADD1/CHAIN_GEN[0].C_MUX.CARRY_MUX_i_1__7/O
                         net (fo=1, unplaced)         0.020     6.752    u_warp_collective_core/u_reduce_f32_add/u_aec_fp32_fma/inst/i_synth/FMA_OP.OP/addsub/add/NORM/LZE/ZERO_DET_CC_1/chunk_is_zero[0]
                         CARRY8 (Prop_CARRY8_S[0]_CO[7])
                                                      0.199     6.951 r  u_warp_collective_core/u_reduce_f32_add/u_aec_fp32_fma/inst/i_synth/FMA_OP.OP/addsub/add/NORM/LZE/ZERO_DET_CC_1/CHAIN_GEN[0].C_MUX.CARRY_MUX_CARRY4_CARRY8/CO[7]
                         net (fo=68, unplaced)        0.290     7.241    u_warp_collective_core/u_reduce_f32_add/u_aec_fp32_fma/inst/i_synth/FMA_OP.OP/addsub/add/NORM/LZE/ZERO_DET_CC_1/CARRYS_OUT[1]
                         LUT6 (Prop_LUT6_I4_O)        0.038     7.279 r  u_warp_collective_core/u_reduce_f32_add/u_aec_fp32_fma/inst/i_synth/FMA_OP.OP/addsub/add/NORM/LZE/ZERO_DET_CC_1/CHAIN_GEN[1].C_MUX.CARRY_MUX_i_2__4/O
                         net (fo=60, unplaced)        0.215     7.494    u_warp_collective_core/u_reduce_f32_add/u_aec_fp32_fma/inst/i_synth/FMA_OP.OP/addsub/add/ALIGN_BLK/FRAC_ADDSUB/LOGIC_ADD.FRAC_ADDSUB/STRUCT_ADD1.ADD1/norm_dist[1]
                         LUT5 (Prop_LUT5_I1_O)        0.100     7.594 r  u_warp_collective_core/u_reduce_f32_add/u_aec_fp32_fma/inst/i_synth/FMA_OP.OP/addsub/add/ALIGN_BLK/FRAC_ADDSUB/LOGIC_ADD.FRAC_ADDSUB/STRUCT_ADD1.ADD1/norm_exp_carry_i_12/O
                         net (fo=1, unplaced)         0.141     7.735    u_warp_collective_core/u_reduce_f32_add/u_aec_fp32_fma/inst/i_synth/FMA_OP.OP/addsub/add/ALIGN_BLK/FRAC_ADDSUB/LOGIC_ADD.FRAC_ADDSUB/STRUCT_ADD2.ADD1/RESULT_REG.NORMAL.mant_op[21]_i_12
                         LUT6 (Prop_LUT6_I1_O)        0.100     7.835 r  u_warp_collective_core/u_reduce_f32_add/u_aec_fp32_fma/inst/i_synth/FMA_OP.OP/addsub/add/ALIGN_BLK/FRAC_ADDSUB/LOGIC_ADD.FRAC_ADDSUB/STRUCT_ADD2.ADD1/norm_exp_carry_i_9/O
                         net (fo=7, unplaced)         0.210     8.045    u_warp_collective_core/u_reduce_f32_add/u_aec_fp32_fma/inst/i_synth/FMA_OP.OP/addsub/add/EXP/EXP_OFF.STRUCT_ADD/norm_dist[1]
                         LUT2 (Prop_LUT2_I1_O)        0.037     8.082 r  u_warp_collective_core/u_reduce_f32_add/u_aec_fp32_fma/inst/i_synth/FMA_OP.OP/addsub/add/EXP/EXP_OFF.STRUCT_ADD/norm_exp_carry_i_7/O
                         net (fo=1, unplaced)         0.023     8.105    u_warp_collective_core/u_reduce_f32_add/u_aec_fp32_fma/inst/i_synth/FMA_OP.OP/addsub/add/EXP/EXP_OFF.STRUCT_ADD_n_5
                         CARRY8 (Prop_CARRY8_S[1]_O[6])
                                                      0.224     8.329 r  u_warp_collective_core/u_reduce_f32_add/u_aec_fp32_fma/inst/i_synth/FMA_OP.OP/addsub/add/EXP/norm_exp_carry/O[6]
                         net (fo=4, unplaced)         0.103     8.432    u_warp_collective_core/u_reduce_f32_add/u_aec_fp32_fma/inst/i_synth/FMA_OP.OP/addsub/add/EXP/exp_op[6]
                         LUT4 (Prop_LUT4_I0_O)        0.139     8.571 r  u_warp_collective_core/u_reduce_f32_add/u_aec_fp32_fma/inst/i_synth/FMA_OP.OP/addsub/add/EXP/RESULT_REG.NORMAL.mant_op[21]_i_22/O
                         net (fo=2, unplaced)         0.185     8.756    u_warp_collective_core/u_reduce_f32_add/u_aec_fp32_fma/inst/i_synth/FMA_OP.OP/addsub/add/EXP/EXP_OFF.STRUCT_ADD/RESULT_REG.NORMAL.mant_op[21]_i_5_0
                         LUT6 (Prop_LUT6_I2_O)        0.038     8.794 r  u_warp_collective_core/u_reduce_f32_add/u_aec_fp32_fma/inst/i_synth/FMA_OP.OP/addsub/add/EXP/EXP_OFF.STRUCT_ADD/RESULT_REG.NORMAL.mant_op[21]_i_17/O
                         net (fo=4, unplaced)         0.152     8.946    u_warp_collective_core/u_reduce_f32_add/u_aec_fp32_fma/inst/i_synth/FMA_OP.OP/addsub/add/EXP/EXP_OFF.STRUCT_ADD/conv_exp.downsize_exp/exp_flt_all_one_rnd
                         LUT3 (Prop_LUT3_I0_O)        0.112     9.058 r  u_warp_collective_core/u_reduce_f32_add/u_aec_fp32_fma/inst/i_synth/FMA_OP.OP/addsub/add/EXP/EXP_OFF.STRUCT_ADD/RESULT_REG.NORMAL.mant_op[22]_i_2/O
                         net (fo=6, unplaced)         0.207     9.265    u_warp_collective_core/u_reduce_f32_add/u_aec_fp32_fma/inst/i_synth/FMA_OP.OP/addsub/add/EXP/EXP_OFF.STRUCT_ADD/conv_exp.downsize_exp/state_rnd__5[0]
                         LUT3 (Prop_LUT3_I2_O)        0.038     9.303 r  u_warp_collective_core/u_reduce_f32_add/u_aec_fp32_fma/inst/i_synth/FMA_OP.OP/addsub/add/EXP/EXP_OFF.STRUCT_ADD/RESULT_REG.NORMAL.exp_op[2]_i_2/O
                         net (fo=5, unplaced)         0.203     9.506    u_warp_collective_core/u_reduce_f32_add/u_aec_fp32_fma/inst/i_synth/FMA_OP.OP/addsub/add/EXP/EXP_OFF.STRUCT_ADD/op_state[0]
                         LUT6 (Prop_LUT6_I4_O)        0.038     9.544 r  u_warp_collective_core/u_reduce_f32_add/u_aec_fp32_fma/inst/i_synth/FMA_OP.OP/addsub/add/EXP/EXP_OFF.STRUCT_ADD/RESULT_REG.NORMAL.mant_op[21]_i_1/O
                         net (fo=22, unplaced)        0.237     9.781    u_warp_collective_core/u_reduce_f32_add/u_aec_fp32_fma/inst/i_synth/FMA_OP.OP/addsub/add/OP/RESULT_REG.NORMAL.mant_op_reg[21]_0
                         FDRE                                         r  u_warp_collective_core/u_reduce_f32_add/u_aec_fp32_fma/inst/i_synth/FMA_OP.OP/addsub/add/OP/RESULT_REG.NORMAL.mant_op_reg[6]/R
  -------------------------------------------------------------------    -------------------

                         (clock clk_i rise edge)      5.556     5.556 r  
                                                      0.000     5.556 r  clk_i (IN)
                         net (fo=37177, unset)        0.020     5.576    u_warp_collective_core/u_reduce_f32_add/u_aec_fp32_fma/inst/i_synth/FMA_OP.OP/addsub/add/OP/aclk
                         FDRE                                         r  u_warp_collective_core/u_reduce_f32_add/u_aec_fp32_fma/inst/i_synth/FMA_OP.OP/addsub/add/OP/RESULT_REG.NORMAL.mant_op_reg[6]/C
                         clock pessimism              0.000     5.576    
                         clock uncertainty           -0.035     5.541    
                         FDRE (Setup_FDRE_C_R)       -0.074     5.467    u_warp_collective_core/u_reduce_f32_add/u_aec_fp32_fma/inst/i_synth/FMA_OP.OP/addsub/add/OP/RESULT_REG.NORMAL.mant_op_reg[6]
  -------------------------------------------------------------------
                         required time                          5.467    
                         arrival time                          -9.781    
  -------------------------------------------------------------------
                         slack                                 -4.314    




