Copyright 1986-2022 Xilinx, Inc. All Rights Reserved. Copyright 2022-2023 Advanced Micro Devices, Inc. All Rights Reserved.
--------------------------------------------------------------------------------------------------------------------------------------------------
| Tool Version      : Vivado v.2023.1 (lin64) Build 3865809 Sun May  7 15:04:56 MDT 2023
| Date              : Sun Aug  2 13:18:03 2026
| Host              : localhost.localdomain running 64-bit CentOS Linux release 7.9.2009 (Core)
| Command           : report_timing -max_paths 20 -file cu_top_ooc_critical_paths.rpt
| Design            : cu_top
| Device            : xcu280-fsvh2892
| Speed File        : -2L  PRODUCTION 1.30 05-01-2022
| Design State      : Synthesized
| Temperature Grade : E
--------------------------------------------------------------------------------------------------------------------------------------------------

Timing Report

Slack (MET) :             0.550ns  (required time - arrival time)
  Source:                 u_imem/u_imem_xpm/xpm_memory_base_inst/gen_wr_a.gen_word_narrow.mem_reg_bram_3/CLKBWRCLK
                            (rising edge-triggered cell RAMB36E2 clocked by clk_i  {rise@0.000ns fall@2.778ns period=5.556ns})
  Destination:            u_warp_scheduler/fetch_epoch_q_reg[1][0]/CE
                            (rising edge-triggered cell FDCE clocked by clk_i  {rise@0.000ns fall@2.778ns period=5.556ns})
  Path Group:             clk_i
  Path Type:              Setup (Max at Slow Process Corner)
  Requirement:            5.556ns  (clk_i rise@5.556ns - clk_i rise@0.000ns)
  Data Path Delay:        4.854ns  (logic 1.778ns (36.630%)  route 3.076ns (63.370%))
  Logic Levels:           17  (LUT3=3 LUT4=1 LUT5=2 LUT6=8 MUXF7=2 MUXF8=1)
  Clock Path Skew:        -0.056ns (DCD - SCD + CPR)
    Destination Clock Delay (DCD):    0.020ns = ( 5.576 - 5.556 ) 
    Source Clock Delay      (SCD):    0.076ns
    Clock Pessimism Removal (CPR):    0.000ns
  Clock Uncertainty:      0.035ns  ((TSJ^2 + TIJ^2)^1/2 + DJ) / 2 + PE
    Total System Jitter     (TSJ):    0.071ns
    Total Input Jitter      (TIJ):    0.000ns
    Discrete Jitter          (DJ):    0.000ns
    Phase Error              (PE):    0.000ns

    Location             Delay type                Incr(ns)  Path(ns)    Netlist Resource(s)
  -------------------------------------------------------------------    -------------------
                         (clock clk_i rise edge)      0.000     0.000 r  
                                                      0.000     0.000 r  clk_i (IN)
                         net (fo=43975, unset)        0.076     0.076    u_imem/u_imem_xpm/xpm_memory_base_inst/clka
                         RAMB36E2                                     r  u_imem/u_imem_xpm/xpm_memory_base_inst/gen_wr_a.gen_word_narrow.mem_reg_bram_3/CLKBWRCLK
  -------------------------------------------------------------------    -------------------
                         RAMB36E2 (Prop_RAMB36E2_CLKBWRCLK_DOUTBDOUT[29])
                                                      0.863     0.939 f  u_imem/u_imem_xpm/xpm_memory_base_inst/gen_wr_a.gen_word_narrow.mem_reg_bram_3/DOUTBDOUT[29]
                         net (fo=8, unplaced)         0.219     1.158    u_warp_scheduler/if_data_o[23]
                         LUT4 (Prop_LUT4_I0_O)        0.100     1.258 f  u_warp_scheduler/decoded_src3_reg_o[7]_INST_0_i_4/O
                         net (fo=1, unplaced)         0.185     1.443    u_warp_scheduler/decoded_src3_reg_o[7]_INST_0_i_4_n_0
                         LUT5 (Prop_LUT5_I4_O)        0.038     1.481 f  u_warp_scheduler/decoded_src3_reg_o[7]_INST_0_i_3/O
                         net (fo=1, unplaced)         0.185     1.666    u_warp_scheduler/decoded_src3_reg_o[7]_INST_0_i_3_n_0
                         LUT6 (Prop_LUT6_I5_O)        0.038     1.704 r  u_warp_scheduler/decoded_src3_reg_o[7]_INST_0_i_1/O
                         net (fo=8, unplaced)         0.213     1.917    u_warp_scheduler/gen_wr_a.gen_word_narrow.mem_reg_bram_2
                         LUT3 (Prop_LUT3_I1_O)        0.038     1.955 r  u_warp_scheduler/decoded_src3_reg_o[4]_INST_0/O
                         net (fo=157, unplaced)       0.281     2.236    u_warp_scheduler/decoded_src3_reg_o[1]
                         LUT3 (Prop_LUT3_I2_O)        0.038     2.274 r  u_warp_scheduler/busy_q_i_4214/O
                         net (fo=128, unplaced)       0.276     2.550    u_scoreboard/busy_q_reg_i_979_0
                         LUT5 (Prop_LUT5_I2_O)        0.037     2.587 f  u_scoreboard/busy_q_i_2279/O
                         net (fo=1, unplaced)         0.032     2.619    u_scoreboard/busy_q_i_2279_n_0
                         MUXF7 (Prop_MUXF7_I0_O)      0.069     2.688 f  u_scoreboard/busy_q_reg_i_953/O
                         net (fo=1, unplaced)         0.000     2.688    u_scoreboard/busy_q_reg_i_953_n_0
                         MUXF8 (Prop_MUXF8_I0_O)      0.030     2.718 f  u_scoreboard/busy_q_reg_i_353/O
                         net (fo=1, unplaced)         0.187     2.905    u_scoreboard/busy_q_reg_i_353_n_0
                         LUT6 (Prop_LUT6_I0_O)        0.100     3.005 f  u_scoreboard/busy_q_i_165/O
                         net (fo=1, unplaced)         0.024     3.029    u_scoreboard/busy_q_i_165_n_0
                         MUXF7 (Prop_MUXF7_I0_O)      0.067     3.096 f  u_scoreboard/busy_q_reg_i_70/O
                         net (fo=1, unplaced)         0.139     3.235    u_scoreboard/busy_q_reg_i_70_n_0
                         LUT6 (Prop_LUT6_I0_O)        0.100     3.335 f  u_scoreboard/busy_q_i_29/O
                         net (fo=2, unplaced)         0.185     3.520    u_scoreboard/hit129_in
                         LUT6 (Prop_LUT6_I0_O)        0.038     3.558 f  u_scoreboard/issue_src2_imm_q[31]_i_12/O
                         net (fo=2, unplaced)         0.185     3.743    u_scoreboard/issue_src2_imm_q[31]_i_12_n_0
                         LUT6 (Prop_LUT6_I5_O)        0.038     3.781 f  u_scoreboard/issue_src2_imm_q[31]_i_7/O
                         net (fo=1, unplaced)         0.185     3.966    u_scoreboard/hit15_out
                         LUT6 (Prop_LUT6_I1_O)        0.038     4.004 r  u_scoreboard/issue_src2_imm_q[31]_i_4/O
                         net (fo=3, unplaced)         0.191     4.195    u_scoreboard/busy_q_reg_0
                         LUT6 (Prop_LUT6_I1_O)        0.038     4.233 r  u_scoreboard/fetch_epoch_q[0][7]_i_3/O
                         net (fo=5, unplaced)         0.203     4.436    u_scoreboard/sched_halt_pending
                         LUT3 (Prop_LUT3_I0_O)        0.070     4.506 r  u_scoreboard/halt_hold_q[1]_i_3/O
                         net (fo=10, unplaced)        0.218     4.724    u_warp_scheduler/halt_hold_q_reg[1]_1
                         LUT6 (Prop_LUT6_I5_O)        0.038     4.762 r  u_warp_scheduler/fetch_epoch_q[1][7]_i_1/O
                         net (fo=8, unplaced)         0.168     4.930    u_warp_scheduler/fetch_epoch_q[1][7]_i_1_n_0
                         FDCE                                         r  u_warp_scheduler/fetch_epoch_q_reg[1][0]/CE
  -------------------------------------------------------------------    -------------------

                         (clock clk_i rise edge)      5.556     5.556 r  
                                                      0.000     5.556 r  clk_i (IN)
                         net (fo=43975, unset)        0.020     5.576    u_warp_scheduler/clk_i
                         FDCE                                         r  u_warp_scheduler/fetch_epoch_q_reg[1][0]/C
                         clock pessimism              0.000     5.576    
                         clock uncertainty           -0.035     5.541    
                         FDCE (Setup_FDCE_C_CE)      -0.061     5.480    u_warp_scheduler/fetch_epoch_q_reg[1][0]
  -------------------------------------------------------------------
                         required time                          5.480    
                         arrival time                          -4.930    
  -------------------------------------------------------------------
                         slack                                  0.550    

Slack (MET) :             0.550ns  (required time - arrival time)
  Source:                 u_imem/u_imem_xpm/xpm_memory_base_inst/gen_wr_a.gen_word_narrow.mem_reg_bram_3/CLKBWRCLK
                            (rising edge-triggered cell RAMB36E2 clocked by clk_i  {rise@0.000ns fall@2.778ns period=5.556ns})
  Destination:            u_warp_scheduler/fetch_epoch_q_reg[1][1]/CE
                            (rising edge-triggered cell FDCE clocked by clk_i  {rise@0.000ns fall@2.778ns period=5.556ns})
  Path Group:             clk_i
  Path Type:              Setup (Max at Slow Process Corner)
  Requirement:            5.556ns  (clk_i rise@5.556ns - clk_i rise@0.000ns)
  Data Path Delay:        4.854ns  (logic 1.778ns (36.630%)  route 3.076ns (63.370%))
  Logic Levels:           17  (LUT3=3 LUT4=1 LUT5=2 LUT6=8 MUXF7=2 MUXF8=1)
  Clock Path Skew:        -0.056ns (DCD - SCD + CPR)
    Destination Clock Delay (DCD):    0.020ns = ( 5.576 - 5.556 ) 
    Source Clock Delay      (SCD):    0.076ns
    Clock Pessimism Removal (CPR):    0.000ns
  Clock Uncertainty:      0.035ns  ((TSJ^2 + TIJ^2)^1/2 + DJ) / 2 + PE
    Total System Jitter     (TSJ):    0.071ns
    Total Input Jitter      (TIJ):    0.000ns
    Discrete Jitter          (DJ):    0.000ns
    Phase Error              (PE):    0.000ns

    Location             Delay type                Incr(ns)  Path(ns)    Netlist Resource(s)
  -------------------------------------------------------------------    -------------------
                         (clock clk_i rise edge)      0.000     0.000 r  
                                                      0.000     0.000 r  clk_i (IN)
                         net (fo=43975, unset)        0.076     0.076    u_imem/u_imem_xpm/xpm_memory_base_inst/clka
                         RAMB36E2                                     r  u_imem/u_imem_xpm/xpm_memory_base_inst/gen_wr_a.gen_word_narrow.mem_reg_bram_3/CLKBWRCLK
  -------------------------------------------------------------------    -------------------
                         RAMB36E2 (Prop_RAMB36E2_CLKBWRCLK_DOUTBDOUT[29])
                                                      0.863     0.939 f  u_imem/u_imem_xpm/xpm_memory_base_inst/gen_wr_a.gen_word_narrow.mem_reg_bram_3/DOUTBDOUT[29]
                         net (fo=8, unplaced)         0.219     1.158    u_warp_scheduler/if_data_o[23]
                         LUT4 (Prop_LUT4_I0_O)        0.100     1.258 f  u_warp_scheduler/decoded_src3_reg_o[7]_INST_0_i_4/O
                         net (fo=1, unplaced)         0.185     1.443    u_warp_scheduler/decoded_src3_reg_o[7]_INST_0_i_4_n_0
                         LUT5 (Prop_LUT5_I4_O)        0.038     1.481 f  u_warp_scheduler/decoded_src3_reg_o[7]_INST_0_i_3/O
                         net (fo=1, unplaced)         0.185     1.666    u_warp_scheduler/decoded_src3_reg_o[7]_INST_0_i_3_n_0
                         LUT6 (Prop_LUT6_I5_O)        0.038     1.704 r  u_warp_scheduler/decoded_src3_reg_o[7]_INST_0_i_1/O
                         net (fo=8, unplaced)         0.213     1.917    u_warp_scheduler/gen_wr_a.gen_word_narrow.mem_reg_bram_2
                         LUT3 (Prop_LUT3_I1_O)        0.038     1.955 r  u_warp_scheduler/decoded_src3_reg_o[4]_INST_0/O
                         net (fo=157, unplaced)       0.281     2.236    u_warp_scheduler/decoded_src3_reg_o[1]
                         LUT3 (Prop_LUT3_I2_O)        0.038     2.274 r  u_warp_scheduler/busy_q_i_4214/O
                         net (fo=128, unplaced)       0.276     2.550    u_scoreboard/busy_q_reg_i_979_0
                         LUT5 (Prop_LUT5_I2_O)        0.037     2.587 f  u_scoreboard/busy_q_i_2279/O
                         net (fo=1, unplaced)         0.032     2.619    u_scoreboard/busy_q_i_2279_n_0
                         MUXF7 (Prop_MUXF7_I0_O)      0.069     2.688 f  u_scoreboard/busy_q_reg_i_953/O
                         net (fo=1, unplaced)         0.000     2.688    u_scoreboard/busy_q_reg_i_953_n_0
                         MUXF8 (Prop_MUXF8_I0_O)      0.030     2.718 f  u_scoreboard/busy_q_reg_i_353/O
                         net (fo=1, unplaced)         0.187     2.905    u_scoreboard/busy_q_reg_i_353_n_0
                         LUT6 (Prop_LUT6_I0_O)        0.100     3.005 f  u_scoreboard/busy_q_i_165/O
                         net (fo=1, unplaced)         0.024     3.029    u_scoreboard/busy_q_i_165_n_0
                         MUXF7 (Prop_MUXF7_I0_O)      0.067     3.096 f  u_scoreboard/busy_q_reg_i_70/O
                         net (fo=1, unplaced)         0.139     3.235    u_scoreboard/busy_q_reg_i_70_n_0
                         LUT6 (Prop_LUT6_I0_O)        0.100     3.335 f  u_scoreboard/busy_q_i_29/O
                         net (fo=2, unplaced)         0.185     3.520    u_scoreboard/hit129_in
                         LUT6 (Prop_LUT6_I0_O)        0.038     3.558 f  u_scoreboard/issue_src2_imm_q[31]_i_12/O
                         net (fo=2, unplaced)         0.185     3.743    u_scoreboard/issue_src2_imm_q[31]_i_12_n_0
                         LUT6 (Prop_LUT6_I5_O)        0.038     3.781 f  u_scoreboard/issue_src2_imm_q[31]_i_7/O
                         net (fo=1, unplaced)         0.185     3.966    u_scoreboard/hit15_out
                         LUT6 (Prop_LUT6_I1_O)        0.038     4.004 r  u_scoreboard/issue_src2_imm_q[31]_i_4/O
                         net (fo=3, unplaced)         0.191     4.195    u_scoreboard/busy_q_reg_0
                         LUT6 (Prop_LUT6_I1_O)        0.038     4.233 r  u_scoreboard/fetch_epoch_q[0][7]_i_3/O
                         net (fo=5, unplaced)         0.203     4.436    u_scoreboard/sched_halt_pending
                         LUT3 (Prop_LUT3_I0_O)        0.070     4.506 r  u_scoreboard/halt_hold_q[1]_i_3/O
                         net (fo=10, unplaced)        0.218     4.724    u_warp_scheduler/halt_hold_q_reg[1]_1
                         LUT6 (Prop_LUT6_I5_O)        0.038     4.762 r  u_warp_scheduler/fetch_epoch_q[1][7]_i_1/O
                         net (fo=8, unplaced)         0.168     4.930    u_warp_scheduler/fetch_epoch_q[1][7]_i_1_n_0
                         FDCE                                         r  u_warp_scheduler/fetch_epoch_q_reg[1][1]/CE
  -------------------------------------------------------------------    -------------------

                         (clock clk_i rise edge)      5.556     5.556 r  
                                                      0.000     5.556 r  clk_i (IN)
                         net (fo=43975, unset)        0.020     5.576    u_warp_scheduler/clk_i
                         FDCE                                         r  u_warp_scheduler/fetch_epoch_q_reg[1][1]/C
                         clock pessimism              0.000     5.576    
                         clock uncertainty           -0.035     5.541    
                         FDCE (Setup_FDCE_C_CE)      -0.061     5.480    u_warp_scheduler/fetch_epoch_q_reg[1][1]
  -------------------------------------------------------------------
                         required time                          5.480    
                         arrival time                          -4.930    
  -------------------------------------------------------------------
                         slack                                  0.550    

Slack (MET) :             0.550ns  (required time - arrival time)
  Source:                 u_imem/u_imem_xpm/xpm_memory_base_inst/gen_wr_a.gen_word_narrow.mem_reg_bram_3/CLKBWRCLK
                            (rising edge-triggered cell RAMB36E2 clocked by clk_i  {rise@0.000ns fall@2.778ns period=5.556ns})
  Destination:            u_warp_scheduler/fetch_epoch_q_reg[1][2]/CE
                            (rising edge-triggered cell FDCE clocked by clk_i  {rise@0.000ns fall@2.778ns period=5.556ns})
  Path Group:             clk_i
  Path Type:              Setup (Max at Slow Process Corner)
  Requirement:            5.556ns  (clk_i rise@5.556ns - clk_i rise@0.000ns)
  Data Path Delay:        4.854ns  (logic 1.778ns (36.630%)  route 3.076ns (63.370%))
  Logic Levels:           17  (LUT3=3 LUT4=1 LUT5=2 LUT6=8 MUXF7=2 MUXF8=1)
  Clock Path Skew:        -0.056ns (DCD - SCD + CPR)
    Destination Clock Delay (DCD):    0.020ns = ( 5.576 - 5.556 ) 
    Source Clock Delay      (SCD):    0.076ns
    Clock Pessimism Removal (CPR):    0.000ns
  Clock Uncertainty:      0.035ns  ((TSJ^2 + TIJ^2)^1/2 + DJ) / 2 + PE
    Total System Jitter     (TSJ):    0.071ns
    Total Input Jitter      (TIJ):    0.000ns
    Discrete Jitter          (DJ):    0.000ns
    Phase Error              (PE):    0.000ns

    Location             Delay type                Incr(ns)  Path(ns)    Netlist Resource(s)
  -------------------------------------------------------------------    -------------------
                         (clock clk_i rise edge)      0.000     0.000 r  
                                                      0.000     0.000 r  clk_i (IN)
                         net (fo=43975, unset)        0.076     0.076    u_imem/u_imem_xpm/xpm_memory_base_inst/clka
                         RAMB36E2                                     r  u_imem/u_imem_xpm/xpm_memory_base_inst/gen_wr_a.gen_word_narrow.mem_reg_bram_3/CLKBWRCLK
  -------------------------------------------------------------------    -------------------
                         RAMB36E2 (Prop_RAMB36E2_CLKBWRCLK_DOUTBDOUT[29])
                                                      0.863     0.939 f  u_imem/u_imem_xpm/xpm_memory_base_inst/gen_wr_a.gen_word_narrow.mem_reg_bram_3/DOUTBDOUT[29]
                         net (fo=8, unplaced)         0.219     1.158    u_warp_scheduler/if_data_o[23]
                         LUT4 (Prop_LUT4_I0_O)        0.100     1.258 f  u_warp_scheduler/decoded_src3_reg_o[7]_INST_0_i_4/O
                         net (fo=1, unplaced)         0.185     1.443    u_warp_scheduler/decoded_src3_reg_o[7]_INST_0_i_4_n_0
                         LUT5 (Prop_LUT5_I4_O)        0.038     1.481 f  u_warp_scheduler/decoded_src3_reg_o[7]_INST_0_i_3/O
                         net (fo=1, unplaced)         0.185     1.666    u_warp_scheduler/decoded_src3_reg_o[7]_INST_0_i_3_n_0
                         LUT6 (Prop_LUT6_I5_O)        0.038     1.704 r  u_warp_scheduler/decoded_src3_reg_o[7]_INST_0_i_1/O
                         net (fo=8, unplaced)         0.213     1.917    u_warp_scheduler/gen_wr_a.gen_word_narrow.mem_reg_bram_2
                         LUT3 (Prop_LUT3_I1_O)        0.038     1.955 r  u_warp_scheduler/decoded_src3_reg_o[4]_INST_0/O
                         net (fo=157, unplaced)       0.281     2.236    u_warp_scheduler/decoded_src3_reg_o[1]
                         LUT3 (Prop_LUT3_I2_O)        0.038     2.274 r  u_warp_scheduler/busy_q_i_4214/O
                         net (fo=128, unplaced)       0.276     2.550    u_scoreboard/busy_q_reg_i_979_0
                         LUT5 (Prop_LUT5_I2_O)        0.037     2.587 f  u_scoreboard/busy_q_i_2279/O
                         net (fo=1, unplaced)         0.032     2.619    u_scoreboard/busy_q_i_2279_n_0
                         MUXF7 (Prop_MUXF7_I0_O)      0.069     2.688 f  u_scoreboard/busy_q_reg_i_953/O
                         net (fo=1, unplaced)         0.000     2.688    u_scoreboard/busy_q_reg_i_953_n_0
                         MUXF8 (Prop_MUXF8_I0_O)      0.030     2.718 f  u_scoreboard/busy_q_reg_i_353/O
                         net (fo=1, unplaced)         0.187     2.905    u_scoreboard/busy_q_reg_i_353_n_0
                         LUT6 (Prop_LUT6_I0_O)        0.100     3.005 f  u_scoreboard/busy_q_i_165/O
                         net (fo=1, unplaced)         0.024     3.029    u_scoreboard/busy_q_i_165_n_0
                         MUXF7 (Prop_MUXF7_I0_O)      0.067     3.096 f  u_scoreboard/busy_q_reg_i_70/O
                         net (fo=1, unplaced)         0.139     3.235    u_scoreboard/busy_q_reg_i_70_n_0
                         LUT6 (Prop_LUT6_I0_O)        0.100     3.335 f  u_scoreboard/busy_q_i_29/O
                         net (fo=2, unplaced)         0.185     3.520    u_scoreboard/hit129_in
                         LUT6 (Prop_LUT6_I0_O)        0.038     3.558 f  u_scoreboard/issue_src2_imm_q[31]_i_12/O
                         net (fo=2, unplaced)         0.185     3.743    u_scoreboard/issue_src2_imm_q[31]_i_12_n_0
                         LUT6 (Prop_LUT6_I5_O)        0.038     3.781 f  u_scoreboard/issue_src2_imm_q[31]_i_7/O
                         net (fo=1, unplaced)         0.185     3.966    u_scoreboard/hit15_out
                         LUT6 (Prop_LUT6_I1_O)        0.038     4.004 r  u_scoreboard/issue_src2_imm_q[31]_i_4/O
                         net (fo=3, unplaced)         0.191     4.195    u_scoreboard/busy_q_reg_0
                         LUT6 (Prop_LUT6_I1_O)        0.038     4.233 r  u_scoreboard/fetch_epoch_q[0][7]_i_3/O
                         net (fo=5, unplaced)         0.203     4.436    u_scoreboard/sched_halt_pending
                         LUT3 (Prop_LUT3_I0_O)        0.070     4.506 r  u_scoreboard/halt_hold_q[1]_i_3/O
                         net (fo=10, unplaced)        0.218     4.724    u_warp_scheduler/halt_hold_q_reg[1]_1
                         LUT6 (Prop_LUT6_I5_O)        0.038     4.762 r  u_warp_scheduler/fetch_epoch_q[1][7]_i_1/O
                         net (fo=8, unplaced)         0.168     4.930    u_warp_scheduler/fetch_epoch_q[1][7]_i_1_n_0
                         FDCE                                         r  u_warp_scheduler/fetch_epoch_q_reg[1][2]/CE
  -------------------------------------------------------------------    -------------------

                         (clock clk_i rise edge)      5.556     5.556 r  
                                                      0.000     5.556 r  clk_i (IN)
                         net (fo=43975, unset)        0.020     5.576    u_warp_scheduler/clk_i
                         FDCE                                         r  u_warp_scheduler/fetch_epoch_q_reg[1][2]/C
                         clock pessimism              0.000     5.576    
                         clock uncertainty           -0.035     5.541    
                         FDCE (Setup_FDCE_C_CE)      -0.061     5.480    u_warp_scheduler/fetch_epoch_q_reg[1][2]
  -------------------------------------------------------------------
                         required time                          5.480    
                         arrival time                          -4.930    
  -------------------------------------------------------------------
                         slack                                  0.550    

Slack (MET) :             0.550ns  (required time - arrival time)
  Source:                 u_imem/u_imem_xpm/xpm_memory_base_inst/gen_wr_a.gen_word_narrow.mem_reg_bram_3/CLKBWRCLK
                            (rising edge-triggered cell RAMB36E2 clocked by clk_i  {rise@0.000ns fall@2.778ns period=5.556ns})
  Destination:            u_warp_scheduler/fetch_epoch_q_reg[1][3]/CE
                            (rising edge-triggered cell FDCE clocked by clk_i  {rise@0.000ns fall@2.778ns period=5.556ns})
  Path Group:             clk_i
  Path Type:              Setup (Max at Slow Process Corner)
  Requirement:            5.556ns  (clk_i rise@5.556ns - clk_i rise@0.000ns)
  Data Path Delay:        4.854ns  (logic 1.778ns (36.630%)  route 3.076ns (63.370%))
  Logic Levels:           17  (LUT3=3 LUT4=1 LUT5=2 LUT6=8 MUXF7=2 MUXF8=1)
  Clock Path Skew:        -0.056ns (DCD - SCD + CPR)
    Destination Clock Delay (DCD):    0.020ns = ( 5.576 - 5.556 ) 
    Source Clock Delay      (SCD):    0.076ns
    Clock Pessimism Removal (CPR):    0.000ns
  Clock Uncertainty:      0.035ns  ((TSJ^2 + TIJ^2)^1/2 + DJ) / 2 + PE
    Total System Jitter     (TSJ):    0.071ns
    Total Input Jitter      (TIJ):    0.000ns
    Discrete Jitter          (DJ):    0.000ns
    Phase Error              (PE):    0.000ns

    Location             Delay type                Incr(ns)  Path(ns)    Netlist Resource(s)
  -------------------------------------------------------------------    -------------------
                         (clock clk_i rise edge)      0.000     0.000 r  
                                                      0.000     0.000 r  clk_i (IN)
                         net (fo=43975, unset)        0.076     0.076    u_imem/u_imem_xpm/xpm_memory_base_inst/clka
                         RAMB36E2                                     r  u_imem/u_imem_xpm/xpm_memory_base_inst/gen_wr_a.gen_word_narrow.mem_reg_bram_3/CLKBWRCLK
  -------------------------------------------------------------------    -------------------
                         RAMB36E2 (Prop_RAMB36E2_CLKBWRCLK_DOUTBDOUT[29])
                                                      0.863     0.939 f  u_imem/u_imem_xpm/xpm_memory_base_inst/gen_wr_a.gen_word_narrow.mem_reg_bram_3/DOUTBDOUT[29]
                         net (fo=8, unplaced)         0.219     1.158    u_warp_scheduler/if_data_o[23]
                         LUT4 (Prop_LUT4_I0_O)        0.100     1.258 f  u_warp_scheduler/decoded_src3_reg_o[7]_INST_0_i_4/O
                         net (fo=1, unplaced)         0.185     1.443    u_warp_scheduler/decoded_src3_reg_o[7]_INST_0_i_4_n_0
                         LUT5 (Prop_LUT5_I4_O)        0.038     1.481 f  u_warp_scheduler/decoded_src3_reg_o[7]_INST_0_i_3/O
                         net (fo=1, unplaced)         0.185     1.666    u_warp_scheduler/decoded_src3_reg_o[7]_INST_0_i_3_n_0
                         LUT6 (Prop_LUT6_I5_O)        0.038     1.704 r  u_warp_scheduler/decoded_src3_reg_o[7]_INST_0_i_1/O
                         net (fo=8, unplaced)         0.213     1.917    u_warp_scheduler/gen_wr_a.gen_word_narrow.mem_reg_bram_2
                         LUT3 (Prop_LUT3_I1_O)        0.038     1.955 r  u_warp_scheduler/decoded_src3_reg_o[4]_INST_0/O
                         net (fo=157, unplaced)       0.281     2.236    u_warp_scheduler/decoded_src3_reg_o[1]
                         LUT3 (Prop_LUT3_I2_O)        0.038     2.274 r  u_warp_scheduler/busy_q_i_4214/O
                         net (fo=128, unplaced)       0.276     2.550    u_scoreboard/busy_q_reg_i_979_0
                         LUT5 (Prop_LUT5_I2_O)        0.037     2.587 f  u_scoreboard/busy_q_i_2279/O
                         net (fo=1, unplaced)         0.032     2.619    u_scoreboard/busy_q_i_2279_n_0
                         MUXF7 (Prop_MUXF7_I0_O)      0.069     2.688 f  u_scoreboard/busy_q_reg_i_953/O
                         net (fo=1, unplaced)         0.000     2.688    u_scoreboard/busy_q_reg_i_953_n_0
                         MUXF8 (Prop_MUXF8_I0_O)      0.030     2.718 f  u_scoreboard/busy_q_reg_i_353/O
                         net (fo=1, unplaced)         0.187     2.905    u_scoreboard/busy_q_reg_i_353_n_0
                         LUT6 (Prop_LUT6_I0_O)        0.100     3.005 f  u_scoreboard/busy_q_i_165/O
                         net (fo=1, unplaced)         0.024     3.029    u_scoreboard/busy_q_i_165_n_0
                         MUXF7 (Prop_MUXF7_I0_O)      0.067     3.096 f  u_scoreboard/busy_q_reg_i_70/O
                         net (fo=1, unplaced)         0.139     3.235    u_scoreboard/busy_q_reg_i_70_n_0
                         LUT6 (Prop_LUT6_I0_O)        0.100     3.335 f  u_scoreboard/busy_q_i_29/O
                         net (fo=2, unplaced)         0.185     3.520    u_scoreboard/hit129_in
                         LUT6 (Prop_LUT6_I0_O)        0.038     3.558 f  u_scoreboard/issue_src2_imm_q[31]_i_12/O
                         net (fo=2, unplaced)         0.185     3.743    u_scoreboard/issue_src2_imm_q[31]_i_12_n_0
                         LUT6 (Prop_LUT6_I5_O)        0.038     3.781 f  u_scoreboard/issue_src2_imm_q[31]_i_7/O
                         net (fo=1, unplaced)         0.185     3.966    u_scoreboard/hit15_out
                         LUT6 (Prop_LUT6_I1_O)        0.038     4.004 r  u_scoreboard/issue_src2_imm_q[31]_i_4/O
                         net (fo=3, unplaced)         0.191     4.195    u_scoreboard/busy_q_reg_0
                         LUT6 (Prop_LUT6_I1_O)        0.038     4.233 r  u_scoreboard/fetch_epoch_q[0][7]_i_3/O
                         net (fo=5, unplaced)         0.203     4.436    u_scoreboard/sched_halt_pending
                         LUT3 (Prop_LUT3_I0_O)        0.070     4.506 r  u_scoreboard/halt_hold_q[1]_i_3/O
                         net (fo=10, unplaced)        0.218     4.724    u_warp_scheduler/halt_hold_q_reg[1]_1
                         LUT6 (Prop_LUT6_I5_O)        0.038     4.762 r  u_warp_scheduler/fetch_epoch_q[1][7]_i_1/O
                         net (fo=8, unplaced)         0.168     4.930    u_warp_scheduler/fetch_epoch_q[1][7]_i_1_n_0
                         FDCE                                         r  u_warp_scheduler/fetch_epoch_q_reg[1][3]/CE
  -------------------------------------------------------------------    -------------------

                         (clock clk_i rise edge)      5.556     5.556 r  
                                                      0.000     5.556 r  clk_i (IN)
                         net (fo=43975, unset)        0.020     5.576    u_warp_scheduler/clk_i
                         FDCE                                         r  u_warp_scheduler/fetch_epoch_q_reg[1][3]/C
                         clock pessimism              0.000     5.576    
                         clock uncertainty           -0.035     5.541    
                         FDCE (Setup_FDCE_C_CE)      -0.061     5.480    u_warp_scheduler/fetch_epoch_q_reg[1][3]
  -------------------------------------------------------------------
                         required time                          5.480    
                         arrival time                          -4.930    
  -------------------------------------------------------------------
                         slack                                  0.550    

Slack (MET) :             0.550ns  (required time - arrival time)
  Source:                 u_imem/u_imem_xpm/xpm_memory_base_inst/gen_wr_a.gen_word_narrow.mem_reg_bram_3/CLKBWRCLK
                            (rising edge-triggered cell RAMB36E2 clocked by clk_i  {rise@0.000ns fall@2.778ns period=5.556ns})
  Destination:            u_warp_scheduler/fetch_epoch_q_reg[1][4]/CE
                            (rising edge-triggered cell FDCE clocked by clk_i  {rise@0.000ns fall@2.778ns period=5.556ns})
  Path Group:             clk_i
  Path Type:              Setup (Max at Slow Process Corner)
  Requirement:            5.556ns  (clk_i rise@5.556ns - clk_i rise@0.000ns)
  Data Path Delay:        4.854ns  (logic 1.778ns (36.630%)  route 3.076ns (63.370%))
  Logic Levels:           17  (LUT3=3 LUT4=1 LUT5=2 LUT6=8 MUXF7=2 MUXF8=1)
  Clock Path Skew:        -0.056ns (DCD - SCD + CPR)
    Destination Clock Delay (DCD):    0.020ns = ( 5.576 - 5.556 ) 
    Source Clock Delay      (SCD):    0.076ns
    Clock Pessimism Removal (CPR):    0.000ns
  Clock Uncertainty:      0.035ns  ((TSJ^2 + TIJ^2)^1/2 + DJ) / 2 + PE
    Total System Jitter     (TSJ):    0.071ns
    Total Input Jitter      (TIJ):    0.000ns
    Discrete Jitter          (DJ):    0.000ns
    Phase Error              (PE):    0.000ns

    Location             Delay type                Incr(ns)  Path(ns)    Netlist Resource(s)
  -------------------------------------------------------------------    -------------------
                         (clock clk_i rise edge)      0.000     0.000 r  
                                                      0.000     0.000 r  clk_i (IN)
                         net (fo=43975, unset)        0.076     0.076    u_imem/u_imem_xpm/xpm_memory_base_inst/clka
                         RAMB36E2                                     r  u_imem/u_imem_xpm/xpm_memory_base_inst/gen_wr_a.gen_word_narrow.mem_reg_bram_3/CLKBWRCLK
  -------------------------------------------------------------------    -------------------
                         RAMB36E2 (Prop_RAMB36E2_CLKBWRCLK_DOUTBDOUT[29])
                                                      0.863     0.939 f  u_imem/u_imem_xpm/xpm_memory_base_inst/gen_wr_a.gen_word_narrow.mem_reg_bram_3/DOUTBDOUT[29]
                         net (fo=8, unplaced)         0.219     1.158    u_warp_scheduler/if_data_o[23]
                         LUT4 (Prop_LUT4_I0_O)        0.100     1.258 f  u_warp_scheduler/decoded_src3_reg_o[7]_INST_0_i_4/O
                         net (fo=1, unplaced)         0.185     1.443    u_warp_scheduler/decoded_src3_reg_o[7]_INST_0_i_4_n_0
                         LUT5 (Prop_LUT5_I4_O)        0.038     1.481 f  u_warp_scheduler/decoded_src3_reg_o[7]_INST_0_i_3/O
                         net (fo=1, unplaced)         0.185     1.666    u_warp_scheduler/decoded_src3_reg_o[7]_INST_0_i_3_n_0
                         LUT6 (Prop_LUT6_I5_O)        0.038     1.704 r  u_warp_scheduler/decoded_src3_reg_o[7]_INST_0_i_1/O
                         net (fo=8, unplaced)         0.213     1.917    u_warp_scheduler/gen_wr_a.gen_word_narrow.mem_reg_bram_2
                         LUT3 (Prop_LUT3_I1_O)        0.038     1.955 r  u_warp_scheduler/decoded_src3_reg_o[4]_INST_0/O
                         net (fo=157, unplaced)       0.281     2.236    u_warp_scheduler/decoded_src3_reg_o[1]
                         LUT3 (Prop_LUT3_I2_O)        0.038     2.274 r  u_warp_scheduler/busy_q_i_4214/O
                         net (fo=128, unplaced)       0.276     2.550    u_scoreboard/busy_q_reg_i_979_0
                         LUT5 (Prop_LUT5_I2_O)        0.037     2.587 f  u_scoreboard/busy_q_i_2279/O
                         net (fo=1, unplaced)         0.032     2.619    u_scoreboard/busy_q_i_2279_n_0
                         MUXF7 (Prop_MUXF7_I0_O)      0.069     2.688 f  u_scoreboard/busy_q_reg_i_953/O
                         net (fo=1, unplaced)         0.000     2.688    u_scoreboard/busy_q_reg_i_953_n_0
                         MUXF8 (Prop_MUXF8_I0_O)      0.030     2.718 f  u_scoreboard/busy_q_reg_i_353/O
                         net (fo=1, unplaced)         0.187     2.905    u_scoreboard/busy_q_reg_i_353_n_0
                         LUT6 (Prop_LUT6_I0_O)        0.100     3.005 f  u_scoreboard/busy_q_i_165/O
                         net (fo=1, unplaced)         0.024     3.029    u_scoreboard/busy_q_i_165_n_0
                         MUXF7 (Prop_MUXF7_I0_O)      0.067     3.096 f  u_scoreboard/busy_q_reg_i_70/O
                         net (fo=1, unplaced)         0.139     3.235    u_scoreboard/busy_q_reg_i_70_n_0
                         LUT6 (Prop_LUT6_I0_O)        0.100     3.335 f  u_scoreboard/busy_q_i_29/O
                         net (fo=2, unplaced)         0.185     3.520    u_scoreboard/hit129_in
                         LUT6 (Prop_LUT6_I0_O)        0.038     3.558 f  u_scoreboard/issue_src2_imm_q[31]_i_12/O
                         net (fo=2, unplaced)         0.185     3.743    u_scoreboard/issue_src2_imm_q[31]_i_12_n_0
                         LUT6 (Prop_LUT6_I5_O)        0.038     3.781 f  u_scoreboard/issue_src2_imm_q[31]_i_7/O
                         net (fo=1, unplaced)         0.185     3.966    u_scoreboard/hit15_out
                         LUT6 (Prop_LUT6_I1_O)        0.038     4.004 r  u_scoreboard/issue_src2_imm_q[31]_i_4/O
                         net (fo=3, unplaced)         0.191     4.195    u_scoreboard/busy_q_reg_0
                         LUT6 (Prop_LUT6_I1_O)        0.038     4.233 r  u_scoreboard/fetch_epoch_q[0][7]_i_3/O
                         net (fo=5, unplaced)         0.203     4.436    u_scoreboard/sched_halt_pending
                         LUT3 (Prop_LUT3_I0_O)        0.070     4.506 r  u_scoreboard/halt_hold_q[1]_i_3/O
                         net (fo=10, unplaced)        0.218     4.724    u_warp_scheduler/halt_hold_q_reg[1]_1
                         LUT6 (Prop_LUT6_I5_O)        0.038     4.762 r  u_warp_scheduler/fetch_epoch_q[1][7]_i_1/O
                         net (fo=8, unplaced)         0.168     4.930    u_warp_scheduler/fetch_epoch_q[1][7]_i_1_n_0
                         FDCE                                         r  u_warp_scheduler/fetch_epoch_q_reg[1][4]/CE
  -------------------------------------------------------------------    -------------------

                         (clock clk_i rise edge)      5.556     5.556 r  
                                                      0.000     5.556 r  clk_i (IN)
                         net (fo=43975, unset)        0.020     5.576    u_warp_scheduler/clk_i
                         FDCE                                         r  u_warp_scheduler/fetch_epoch_q_reg[1][4]/C
                         clock pessimism              0.000     5.576    
                         clock uncertainty           -0.035     5.541    
                         FDCE (Setup_FDCE_C_CE)      -0.061     5.480    u_warp_scheduler/fetch_epoch_q_reg[1][4]
  -------------------------------------------------------------------
                         required time                          5.480    
                         arrival time                          -4.930    
  -------------------------------------------------------------------
                         slack                                  0.550    

Slack (MET) :             0.550ns  (required time - arrival time)
  Source:                 u_imem/u_imem_xpm/xpm_memory_base_inst/gen_wr_a.gen_word_narrow.mem_reg_bram_3/CLKBWRCLK
                            (rising edge-triggered cell RAMB36E2 clocked by clk_i  {rise@0.000ns fall@2.778ns period=5.556ns})
  Destination:            u_warp_scheduler/fetch_epoch_q_reg[1][5]/CE
                            (rising edge-triggered cell FDCE clocked by clk_i  {rise@0.000ns fall@2.778ns period=5.556ns})
  Path Group:             clk_i
  Path Type:              Setup (Max at Slow Process Corner)
  Requirement:            5.556ns  (clk_i rise@5.556ns - clk_i rise@0.000ns)
  Data Path Delay:        4.854ns  (logic 1.778ns (36.630%)  route 3.076ns (63.370%))
  Logic Levels:           17  (LUT3=3 LUT4=1 LUT5=2 LUT6=8 MUXF7=2 MUXF8=1)
  Clock Path Skew:        -0.056ns (DCD - SCD + CPR)
    Destination Clock Delay (DCD):    0.020ns = ( 5.576 - 5.556 ) 
    Source Clock Delay      (SCD):    0.076ns
    Clock Pessimism Removal (CPR):    0.000ns
  Clock Uncertainty:      0.035ns  ((TSJ^2 + TIJ^2)^1/2 + DJ) / 2 + PE
    Total System Jitter     (TSJ):    0.071ns
    Total Input Jitter      (TIJ):    0.000ns
    Discrete Jitter          (DJ):    0.000ns
    Phase Error              (PE):    0.000ns

    Location             Delay type                Incr(ns)  Path(ns)    Netlist Resource(s)
  -------------------------------------------------------------------    -------------------
                         (clock clk_i rise edge)      0.000     0.000 r  
                                                      0.000     0.000 r  clk_i (IN)
                         net (fo=43975, unset)        0.076     0.076    u_imem/u_imem_xpm/xpm_memory_base_inst/clka
                         RAMB36E2                                     r  u_imem/u_imem_xpm/xpm_memory_base_inst/gen_wr_a.gen_word_narrow.mem_reg_bram_3/CLKBWRCLK
  -------------------------------------------------------------------    -------------------
                         RAMB36E2 (Prop_RAMB36E2_CLKBWRCLK_DOUTBDOUT[29])
                                                      0.863     0.939 f  u_imem/u_imem_xpm/xpm_memory_base_inst/gen_wr_a.gen_word_narrow.mem_reg_bram_3/DOUTBDOUT[29]
                         net (fo=8, unplaced)         0.219     1.158    u_warp_scheduler/if_data_o[23]
                         LUT4 (Prop_LUT4_I0_O)        0.100     1.258 f  u_warp_scheduler/decoded_src3_reg_o[7]_INST_0_i_4/O
                         net (fo=1, unplaced)         0.185     1.443    u_warp_scheduler/decoded_src3_reg_o[7]_INST_0_i_4_n_0
                         LUT5 (Prop_LUT5_I4_O)        0.038     1.481 f  u_warp_scheduler/decoded_src3_reg_o[7]_INST_0_i_3/O
                         net (fo=1, unplaced)         0.185     1.666    u_warp_scheduler/decoded_src3_reg_o[7]_INST_0_i_3_n_0
                         LUT6 (Prop_LUT6_I5_O)        0.038     1.704 r  u_warp_scheduler/decoded_src3_reg_o[7]_INST_0_i_1/O
                         net (fo=8, unplaced)         0.213     1.917    u_warp_scheduler/gen_wr_a.gen_word_narrow.mem_reg_bram_2
                         LUT3 (Prop_LUT3_I1_O)        0.038     1.955 r  u_warp_scheduler/decoded_src3_reg_o[4]_INST_0/O
                         net (fo=157, unplaced)       0.281     2.236    u_warp_scheduler/decoded_src3_reg_o[1]
                         LUT3 (Prop_LUT3_I2_O)        0.038     2.274 r  u_warp_scheduler/busy_q_i_4214/O
                         net (fo=128, unplaced)       0.276     2.550    u_scoreboard/busy_q_reg_i_979_0
                         LUT5 (Prop_LUT5_I2_O)        0.037     2.587 f  u_scoreboard/busy_q_i_2279/O
                         net (fo=1, unplaced)         0.032     2.619    u_scoreboard/busy_q_i_2279_n_0
                         MUXF7 (Prop_MUXF7_I0_O)      0.069     2.688 f  u_scoreboard/busy_q_reg_i_953/O
                         net (fo=1, unplaced)         0.000     2.688    u_scoreboard/busy_q_reg_i_953_n_0
                         MUXF8 (Prop_MUXF8_I0_O)      0.030     2.718 f  u_scoreboard/busy_q_reg_i_353/O
                         net (fo=1, unplaced)         0.187     2.905    u_scoreboard/busy_q_reg_i_353_n_0
                         LUT6 (Prop_LUT6_I0_O)        0.100     3.005 f  u_scoreboard/busy_q_i_165/O
                         net (fo=1, unplaced)         0.024     3.029    u_scoreboard/busy_q_i_165_n_0
                         MUXF7 (Prop_MUXF7_I0_O)      0.067     3.096 f  u_scoreboard/busy_q_reg_i_70/O
                         net (fo=1, unplaced)         0.139     3.235    u_scoreboard/busy_q_reg_i_70_n_0
                         LUT6 (Prop_LUT6_I0_O)        0.100     3.335 f  u_scoreboard/busy_q_i_29/O
                         net (fo=2, unplaced)         0.185     3.520    u_scoreboard/hit129_in
                         LUT6 (Prop_LUT6_I0_O)        0.038     3.558 f  u_scoreboard/issue_src2_imm_q[31]_i_12/O
                         net (fo=2, unplaced)         0.185     3.743    u_scoreboard/issue_src2_imm_q[31]_i_12_n_0
                         LUT6 (Prop_LUT6_I5_O)        0.038     3.781 f  u_scoreboard/issue_src2_imm_q[31]_i_7/O
                         net (fo=1, unplaced)         0.185     3.966    u_scoreboard/hit15_out
                         LUT6 (Prop_LUT6_I1_O)        0.038     4.004 r  u_scoreboard/issue_src2_imm_q[31]_i_4/O
                         net (fo=3, unplaced)         0.191     4.195    u_scoreboard/busy_q_reg_0
                         LUT6 (Prop_LUT6_I1_O)        0.038     4.233 r  u_scoreboard/fetch_epoch_q[0][7]_i_3/O
                         net (fo=5, unplaced)         0.203     4.436    u_scoreboard/sched_halt_pending
                         LUT3 (Prop_LUT3_I0_O)        0.070     4.506 r  u_scoreboard/halt_hold_q[1]_i_3/O
                         net (fo=10, unplaced)        0.218     4.724    u_warp_scheduler/halt_hold_q_reg[1]_1
                         LUT6 (Prop_LUT6_I5_O)        0.038     4.762 r  u_warp_scheduler/fetch_epoch_q[1][7]_i_1/O
                         net (fo=8, unplaced)         0.168     4.930    u_warp_scheduler/fetch_epoch_q[1][7]_i_1_n_0
                         FDCE                                         r  u_warp_scheduler/fetch_epoch_q_reg[1][5]/CE
  -------------------------------------------------------------------    -------------------

                         (clock clk_i rise edge)      5.556     5.556 r  
                                                      0.000     5.556 r  clk_i (IN)
                         net (fo=43975, unset)        0.020     5.576    u_warp_scheduler/clk_i
                         FDCE                                         r  u_warp_scheduler/fetch_epoch_q_reg[1][5]/C
                         clock pessimism              0.000     5.576    
                         clock uncertainty           -0.035     5.541    
                         FDCE (Setup_FDCE_C_CE)      -0.061     5.480    u_warp_scheduler/fetch_epoch_q_reg[1][5]
  -------------------------------------------------------------------
                         required time                          5.480    
                         arrival time                          -4.930    
  -------------------------------------------------------------------
                         slack                                  0.550    

Slack (MET) :             0.550ns  (required time - arrival time)
  Source:                 u_imem/u_imem_xpm/xpm_memory_base_inst/gen_wr_a.gen_word_narrow.mem_reg_bram_3/CLKBWRCLK
                            (rising edge-triggered cell RAMB36E2 clocked by clk_i  {rise@0.000ns fall@2.778ns period=5.556ns})
  Destination:            u_warp_scheduler/fetch_epoch_q_reg[1][6]/CE
                            (rising edge-triggered cell FDCE clocked by clk_i  {rise@0.000ns fall@2.778ns period=5.556ns})
  Path Group:             clk_i
  Path Type:              Setup (Max at Slow Process Corner)
  Requirement:            5.556ns  (clk_i rise@5.556ns - clk_i rise@0.000ns)
  Data Path Delay:        4.854ns  (logic 1.778ns (36.630%)  route 3.076ns (63.370%))
  Logic Levels:           17  (LUT3=3 LUT4=1 LUT5=2 LUT6=8 MUXF7=2 MUXF8=1)
  Clock Path Skew:        -0.056ns (DCD - SCD + CPR)
    Destination Clock Delay (DCD):    0.020ns = ( 5.576 - 5.556 ) 
    Source Clock Delay      (SCD):    0.076ns
    Clock Pessimism Removal (CPR):    0.000ns
  Clock Uncertainty:      0.035ns  ((TSJ^2 + TIJ^2)^1/2 + DJ) / 2 + PE
    Total System Jitter     (TSJ):    0.071ns
    Total Input Jitter      (TIJ):    0.000ns
    Discrete Jitter          (DJ):    0.000ns
    Phase Error              (PE):    0.000ns

    Location             Delay type                Incr(ns)  Path(ns)    Netlist Resource(s)
  -------------------------------------------------------------------    -------------------
                         (clock clk_i rise edge)      0.000     0.000 r  
                                                      0.000     0.000 r  clk_i (IN)
                         net (fo=43975, unset)        0.076     0.076    u_imem/u_imem_xpm/xpm_memory_base_inst/clka
                         RAMB36E2                                     r  u_imem/u_imem_xpm/xpm_memory_base_inst/gen_wr_a.gen_word_narrow.mem_reg_bram_3/CLKBWRCLK
  -------------------------------------------------------------------    -------------------
                         RAMB36E2 (Prop_RAMB36E2_CLKBWRCLK_DOUTBDOUT[29])
                                                      0.863     0.939 f  u_imem/u_imem_xpm/xpm_memory_base_inst/gen_wr_a.gen_word_narrow.mem_reg_bram_3/DOUTBDOUT[29]
                         net (fo=8, unplaced)         0.219     1.158    u_warp_scheduler/if_data_o[23]
                         LUT4 (Prop_LUT4_I0_O)        0.100     1.258 f  u_warp_scheduler/decoded_src3_reg_o[7]_INST_0_i_4/O
                         net (fo=1, unplaced)         0.185     1.443    u_warp_scheduler/decoded_src3_reg_o[7]_INST_0_i_4_n_0
                         LUT5 (Prop_LUT5_I4_O)        0.038     1.481 f  u_warp_scheduler/decoded_src3_reg_o[7]_INST_0_i_3/O
                         net (fo=1, unplaced)         0.185     1.666    u_warp_scheduler/decoded_src3_reg_o[7]_INST_0_i_3_n_0
                         LUT6 (Prop_LUT6_I5_O)        0.038     1.704 r  u_warp_scheduler/decoded_src3_reg_o[7]_INST_0_i_1/O
                         net (fo=8, unplaced)         0.213     1.917    u_warp_scheduler/gen_wr_a.gen_word_narrow.mem_reg_bram_2
                         LUT3 (Prop_LUT3_I1_O)        0.038     1.955 r  u_warp_scheduler/decoded_src3_reg_o[4]_INST_0/O
                         net (fo=157, unplaced)       0.281     2.236    u_warp_scheduler/decoded_src3_reg_o[1]
                         LUT3 (Prop_LUT3_I2_O)        0.038     2.274 r  u_warp_scheduler/busy_q_i_4214/O
                         net (fo=128, unplaced)       0.276     2.550    u_scoreboard/busy_q_reg_i_979_0
                         LUT5 (Prop_LUT5_I2_O)        0.037     2.587 f  u_scoreboard/busy_q_i_2279/O
                         net (fo=1, unplaced)         0.032     2.619    u_scoreboard/busy_q_i_2279_n_0
                         MUXF7 (Prop_MUXF7_I0_O)      0.069     2.688 f  u_scoreboard/busy_q_reg_i_953/O
                         net (fo=1, unplaced)         0.000     2.688    u_scoreboard/busy_q_reg_i_953_n_0
                         MUXF8 (Prop_MUXF8_I0_O)      0.030     2.718 f  u_scoreboard/busy_q_reg_i_353/O
                         net (fo=1, unplaced)         0.187     2.905    u_scoreboard/busy_q_reg_i_353_n_0
                         LUT6 (Prop_LUT6_I0_O)        0.100     3.005 f  u_scoreboard/busy_q_i_165/O
                         net (fo=1, unplaced)         0.024     3.029    u_scoreboard/busy_q_i_165_n_0
                         MUXF7 (Prop_MUXF7_I0_O)      0.067     3.096 f  u_scoreboard/busy_q_reg_i_70/O
                         net (fo=1, unplaced)         0.139     3.235    u_scoreboard/busy_q_reg_i_70_n_0
                         LUT6 (Prop_LUT6_I0_O)        0.100     3.335 f  u_scoreboard/busy_q_i_29/O
                         net (fo=2, unplaced)         0.185     3.520    u_scoreboard/hit129_in
                         LUT6 (Prop_LUT6_I0_O)        0.038     3.558 f  u_scoreboard/issue_src2_imm_q[31]_i_12/O
                         net (fo=2, unplaced)         0.185     3.743    u_scoreboard/issue_src2_imm_q[31]_i_12_n_0
                         LUT6 (Prop_LUT6_I5_O)        0.038     3.781 f  u_scoreboard/issue_src2_imm_q[31]_i_7/O
                         net (fo=1, unplaced)         0.185     3.966    u_scoreboard/hit15_out
                         LUT6 (Prop_LUT6_I1_O)        0.038     4.004 r  u_scoreboard/issue_src2_imm_q[31]_i_4/O
                         net (fo=3, unplaced)         0.191     4.195    u_scoreboard/busy_q_reg_0
                         LUT6 (Prop_LUT6_I1_O)        0.038     4.233 r  u_scoreboard/fetch_epoch_q[0][7]_i_3/O
                         net (fo=5, unplaced)         0.203     4.436    u_scoreboard/sched_halt_pending
                         LUT3 (Prop_LUT3_I0_O)        0.070     4.506 r  u_scoreboard/halt_hold_q[1]_i_3/O
                         net (fo=10, unplaced)        0.218     4.724    u_warp_scheduler/halt_hold_q_reg[1]_1
                         LUT6 (Prop_LUT6_I5_O)        0.038     4.762 r  u_warp_scheduler/fetch_epoch_q[1][7]_i_1/O
                         net (fo=8, unplaced)         0.168     4.930    u_warp_scheduler/fetch_epoch_q[1][7]_i_1_n_0
                         FDCE                                         r  u_warp_scheduler/fetch_epoch_q_reg[1][6]/CE
  -------------------------------------------------------------------    -------------------

                         (clock clk_i rise edge)      5.556     5.556 r  
                                                      0.000     5.556 r  clk_i (IN)
                         net (fo=43975, unset)        0.020     5.576    u_warp_scheduler/clk_i
                         FDCE                                         r  u_warp_scheduler/fetch_epoch_q_reg[1][6]/C
                         clock pessimism              0.000     5.576    
                         clock uncertainty           -0.035     5.541    
                         FDCE (Setup_FDCE_C_CE)      -0.061     5.480    u_warp_scheduler/fetch_epoch_q_reg[1][6]
  -------------------------------------------------------------------
                         required time                          5.480    
                         arrival time                          -4.930    
  -------------------------------------------------------------------
                         slack                                  0.550    

Slack (MET) :             0.550ns  (required time - arrival time)
  Source:                 u_imem/u_imem_xpm/xpm_memory_base_inst/gen_wr_a.gen_word_narrow.mem_reg_bram_3/CLKBWRCLK
                            (rising edge-triggered cell RAMB36E2 clocked by clk_i  {rise@0.000ns fall@2.778ns period=5.556ns})
  Destination:            u_warp_scheduler/fetch_epoch_q_reg[1][7]/CE
                            (rising edge-triggered cell FDCE clocked by clk_i  {rise@0.000ns fall@2.778ns period=5.556ns})
  Path Group:             clk_i
  Path Type:              Setup (Max at Slow Process Corner)
  Requirement:            5.556ns  (clk_i rise@5.556ns - clk_i rise@0.000ns)
  Data Path Delay:        4.854ns  (logic 1.778ns (36.630%)  route 3.076ns (63.370%))
  Logic Levels:           17  (LUT3=3 LUT4=1 LUT5=2 LUT6=8 MUXF7=2 MUXF8=1)
  Clock Path Skew:        -0.056ns (DCD - SCD + CPR)
    Destination Clock Delay (DCD):    0.020ns = ( 5.576 - 5.556 ) 
    Source Clock Delay      (SCD):    0.076ns
    Clock Pessimism Removal (CPR):    0.000ns
  Clock Uncertainty:      0.035ns  ((TSJ^2 + TIJ^2)^1/2 + DJ) / 2 + PE
    Total System Jitter     (TSJ):    0.071ns
    Total Input Jitter      (TIJ):    0.000ns
    Discrete Jitter          (DJ):    0.000ns
    Phase Error              (PE):    0.000ns

    Location             Delay type                Incr(ns)  Path(ns)    Netlist Resource(s)
  -------------------------------------------------------------------    -------------------
                         (clock clk_i rise edge)      0.000     0.000 r  
                                                      0.000     0.000 r  clk_i (IN)
                         net (fo=43975, unset)        0.076     0.076    u_imem/u_imem_xpm/xpm_memory_base_inst/clka
                         RAMB36E2                                     r  u_imem/u_imem_xpm/xpm_memory_base_inst/gen_wr_a.gen_word_narrow.mem_reg_bram_3/CLKBWRCLK
  -------------------------------------------------------------------    -------------------
                         RAMB36E2 (Prop_RAMB36E2_CLKBWRCLK_DOUTBDOUT[29])
                                                      0.863     0.939 f  u_imem/u_imem_xpm/xpm_memory_base_inst/gen_wr_a.gen_word_narrow.mem_reg_bram_3/DOUTBDOUT[29]
                         net (fo=8, unplaced)         0.219     1.158    u_warp_scheduler/if_data_o[23]
                         LUT4 (Prop_LUT4_I0_O)        0.100     1.258 f  u_warp_scheduler/decoded_src3_reg_o[7]_INST_0_i_4/O
                         net (fo=1, unplaced)         0.185     1.443    u_warp_scheduler/decoded_src3_reg_o[7]_INST_0_i_4_n_0
                         LUT5 (Prop_LUT5_I4_O)        0.038     1.481 f  u_warp_scheduler/decoded_src3_reg_o[7]_INST_0_i_3/O
                         net (fo=1, unplaced)         0.185     1.666    u_warp_scheduler/decoded_src3_reg_o[7]_INST_0_i_3_n_0
                         LUT6 (Prop_LUT6_I5_O)        0.038     1.704 r  u_warp_scheduler/decoded_src3_reg_o[7]_INST_0_i_1/O
                         net (fo=8, unplaced)         0.213     1.917    u_warp_scheduler/gen_wr_a.gen_word_narrow.mem_reg_bram_2
                         LUT3 (Prop_LUT3_I1_O)        0.038     1.955 r  u_warp_scheduler/decoded_src3_reg_o[4]_INST_0/O
                         net (fo=157, unplaced)       0.281     2.236    u_warp_scheduler/decoded_src3_reg_o[1]
                         LUT3 (Prop_LUT3_I2_O)        0.038     2.274 r  u_warp_scheduler/busy_q_i_4214/O
                         net (fo=128, unplaced)       0.276     2.550    u_scoreboard/busy_q_reg_i_979_0
                         LUT5 (Prop_LUT5_I2_O)        0.037     2.587 f  u_scoreboard/busy_q_i_2279/O
                         net (fo=1, unplaced)         0.032     2.619    u_scoreboard/busy_q_i_2279_n_0
                         MUXF7 (Prop_MUXF7_I0_O)      0.069     2.688 f  u_scoreboard/busy_q_reg_i_953/O
                         net (fo=1, unplaced)         0.000     2.688    u_scoreboard/busy_q_reg_i_953_n_0
                         MUXF8 (Prop_MUXF8_I0_O)      0.030     2.718 f  u_scoreboard/busy_q_reg_i_353/O
                         net (fo=1, unplaced)         0.187     2.905    u_scoreboard/busy_q_reg_i_353_n_0
                         LUT6 (Prop_LUT6_I0_O)        0.100     3.005 f  u_scoreboard/busy_q_i_165/O
                         net (fo=1, unplaced)         0.024     3.029    u_scoreboard/busy_q_i_165_n_0
                         MUXF7 (Prop_MUXF7_I0_O)      0.067     3.096 f  u_scoreboard/busy_q_reg_i_70/O
                         net (fo=1, unplaced)         0.139     3.235    u_scoreboard/busy_q_reg_i_70_n_0
                         LUT6 (Prop_LUT6_I0_O)        0.100     3.335 f  u_scoreboard/busy_q_i_29/O
                         net (fo=2, unplaced)         0.185     3.520    u_scoreboard/hit129_in
                         LUT6 (Prop_LUT6_I0_O)        0.038     3.558 f  u_scoreboard/issue_src2_imm_q[31]_i_12/O
                         net (fo=2, unplaced)         0.185     3.743    u_scoreboard/issue_src2_imm_q[31]_i_12_n_0
                         LUT6 (Prop_LUT6_I5_O)        0.038     3.781 f  u_scoreboard/issue_src2_imm_q[31]_i_7/O
                         net (fo=1, unplaced)         0.185     3.966    u_scoreboard/hit15_out
                         LUT6 (Prop_LUT6_I1_O)        0.038     4.004 r  u_scoreboard/issue_src2_imm_q[31]_i_4/O
                         net (fo=3, unplaced)         0.191     4.195    u_scoreboard/busy_q_reg_0
                         LUT6 (Prop_LUT6_I1_O)        0.038     4.233 r  u_scoreboard/fetch_epoch_q[0][7]_i_3/O
                         net (fo=5, unplaced)         0.203     4.436    u_scoreboard/sched_halt_pending
                         LUT3 (Prop_LUT3_I0_O)        0.070     4.506 r  u_scoreboard/halt_hold_q[1]_i_3/O
                         net (fo=10, unplaced)        0.218     4.724    u_warp_scheduler/halt_hold_q_reg[1]_1
                         LUT6 (Prop_LUT6_I5_O)        0.038     4.762 r  u_warp_scheduler/fetch_epoch_q[1][7]_i_1/O
                         net (fo=8, unplaced)         0.168     4.930    u_warp_scheduler/fetch_epoch_q[1][7]_i_1_n_0
                         FDCE                                         r  u_warp_scheduler/fetch_epoch_q_reg[1][7]/CE
  -------------------------------------------------------------------    -------------------

                         (clock clk_i rise edge)      5.556     5.556 r  
                                                      0.000     5.556 r  clk_i (IN)
                         net (fo=43975, unset)        0.020     5.576    u_warp_scheduler/clk_i
                         FDCE                                         r  u_warp_scheduler/fetch_epoch_q_reg[1][7]/C
                         clock pessimism              0.000     5.576    
                         clock uncertainty           -0.035     5.541    
                         FDCE (Setup_FDCE_C_CE)      -0.061     5.480    u_warp_scheduler/fetch_epoch_q_reg[1][7]
  -------------------------------------------------------------------
                         required time                          5.480    
                         arrival time                          -4.930    
  -------------------------------------------------------------------
                         slack                                  0.550    

Slack (MET) :             0.550ns  (required time - arrival time)
  Source:                 u_imem/u_imem_xpm/xpm_memory_base_inst/gen_wr_a.gen_word_narrow.mem_reg_bram_3/CLKBWRCLK
                            (rising edge-triggered cell RAMB36E2 clocked by clk_i  {rise@0.000ns fall@2.778ns period=5.556ns})
  Destination:            u_warp_scheduler/fetch_epoch_q_reg[3][0]/CE
                            (rising edge-triggered cell FDCE clocked by clk_i  {rise@0.000ns fall@2.778ns period=5.556ns})
  Path Group:             clk_i
  Path Type:              Setup (Max at Slow Process Corner)
  Requirement:            5.556ns  (clk_i rise@5.556ns - clk_i rise@0.000ns)
  Data Path Delay:        4.854ns  (logic 1.778ns (36.630%)  route 3.076ns (63.370%))
  Logic Levels:           17  (LUT3=3 LUT4=1 LUT5=2 LUT6=8 MUXF7=2 MUXF8=1)
  Clock Path Skew:        -0.056ns (DCD - SCD + CPR)
    Destination Clock Delay (DCD):    0.020ns = ( 5.576 - 5.556 ) 
    Source Clock Delay      (SCD):    0.076ns
    Clock Pessimism Removal (CPR):    0.000ns
  Clock Uncertainty:      0.035ns  ((TSJ^2 + TIJ^2)^1/2 + DJ) / 2 + PE
    Total System Jitter     (TSJ):    0.071ns
    Total Input Jitter      (TIJ):    0.000ns
    Discrete Jitter          (DJ):    0.000ns
    Phase Error              (PE):    0.000ns

    Location             Delay type                Incr(ns)  Path(ns)    Netlist Resource(s)
  -------------------------------------------------------------------    -------------------
                         (clock clk_i rise edge)      0.000     0.000 r  
                                                      0.000     0.000 r  clk_i (IN)
                         net (fo=43975, unset)        0.076     0.076    u_imem/u_imem_xpm/xpm_memory_base_inst/clka
                         RAMB36E2                                     r  u_imem/u_imem_xpm/xpm_memory_base_inst/gen_wr_a.gen_word_narrow.mem_reg_bram_3/CLKBWRCLK
  -------------------------------------------------------------------    -------------------
                         RAMB36E2 (Prop_RAMB36E2_CLKBWRCLK_DOUTBDOUT[29])
                                                      0.863     0.939 f  u_imem/u_imem_xpm/xpm_memory_base_inst/gen_wr_a.gen_word_narrow.mem_reg_bram_3/DOUTBDOUT[29]
                         net (fo=8, unplaced)         0.219     1.158    u_warp_scheduler/if_data_o[23]
                         LUT4 (Prop_LUT4_I0_O)        0.100     1.258 f  u_warp_scheduler/decoded_src3_reg_o[7]_INST_0_i_4/O
                         net (fo=1, unplaced)         0.185     1.443    u_warp_scheduler/decoded_src3_reg_o[7]_INST_0_i_4_n_0
                         LUT5 (Prop_LUT5_I4_O)        0.038     1.481 f  u_warp_scheduler/decoded_src3_reg_o[7]_INST_0_i_3/O
                         net (fo=1, unplaced)         0.185     1.666    u_warp_scheduler/decoded_src3_reg_o[7]_INST_0_i_3_n_0
                         LUT6 (Prop_LUT6_I5_O)        0.038     1.704 r  u_warp_scheduler/decoded_src3_reg_o[7]_INST_0_i_1/O
                         net (fo=8, unplaced)         0.213     1.917    u_warp_scheduler/gen_wr_a.gen_word_narrow.mem_reg_bram_2
                         LUT3 (Prop_LUT3_I1_O)        0.038     1.955 r  u_warp_scheduler/decoded_src3_reg_o[4]_INST_0/O
                         net (fo=157, unplaced)       0.281     2.236    u_warp_scheduler/decoded_src3_reg_o[1]
                         LUT3 (Prop_LUT3_I2_O)        0.038     2.274 r  u_warp_scheduler/busy_q_i_4214/O
                         net (fo=128, unplaced)       0.276     2.550    u_scoreboard/busy_q_reg_i_979_0
                         LUT5 (Prop_LUT5_I2_O)        0.037     2.587 f  u_scoreboard/busy_q_i_2279/O
                         net (fo=1, unplaced)         0.032     2.619    u_scoreboard/busy_q_i_2279_n_0
                         MUXF7 (Prop_MUXF7_I0_O)      0.069     2.688 f  u_scoreboard/busy_q_reg_i_953/O
                         net (fo=1, unplaced)         0.000     2.688    u_scoreboard/busy_q_reg_i_953_n_0
                         MUXF8 (Prop_MUXF8_I0_O)      0.030     2.718 f  u_scoreboard/busy_q_reg_i_353/O
                         net (fo=1, unplaced)         0.187     2.905    u_scoreboard/busy_q_reg_i_353_n_0
                         LUT6 (Prop_LUT6_I0_O)        0.100     3.005 f  u_scoreboard/busy_q_i_165/O
                         net (fo=1, unplaced)         0.024     3.029    u_scoreboard/busy_q_i_165_n_0
                         MUXF7 (Prop_MUXF7_I0_O)      0.067     3.096 f  u_scoreboard/busy_q_reg_i_70/O
                         net (fo=1, unplaced)         0.139     3.235    u_scoreboard/busy_q_reg_i_70_n_0
                         LUT6 (Prop_LUT6_I0_O)        0.100     3.335 f  u_scoreboard/busy_q_i_29/O
                         net (fo=2, unplaced)         0.185     3.520    u_scoreboard/hit129_in
                         LUT6 (Prop_LUT6_I0_O)        0.038     3.558 f  u_scoreboard/issue_src2_imm_q[31]_i_12/O
                         net (fo=2, unplaced)         0.185     3.743    u_scoreboard/issue_src2_imm_q[31]_i_12_n_0
                         LUT6 (Prop_LUT6_I5_O)        0.038     3.781 f  u_scoreboard/issue_src2_imm_q[31]_i_7/O
                         net (fo=1, unplaced)         0.185     3.966    u_scoreboard/hit15_out
                         LUT6 (Prop_LUT6_I1_O)        0.038     4.004 r  u_scoreboard/issue_src2_imm_q[31]_i_4/O
                         net (fo=3, unplaced)         0.191     4.195    u_scoreboard/busy_q_reg_0
                         LUT6 (Prop_LUT6_I1_O)        0.038     4.233 r  u_scoreboard/fetch_epoch_q[0][7]_i_3/O
                         net (fo=5, unplaced)         0.203     4.436    u_scoreboard/sched_halt_pending
                         LUT3 (Prop_LUT3_I0_O)        0.070     4.506 r  u_scoreboard/halt_hold_q[3]_i_3/O
                         net (fo=10, unplaced)        0.218     4.724    u_warp_scheduler/halt_hold_q_reg[3]_0
                         LUT6 (Prop_LUT6_I5_O)        0.038     4.762 r  u_warp_scheduler/fetch_epoch_q[3][7]_i_1/O
                         net (fo=8, unplaced)         0.168     4.930    u_warp_scheduler/fetch_epoch_q[3][7]_i_1_n_0
                         FDCE                                         r  u_warp_scheduler/fetch_epoch_q_reg[3][0]/CE
  -------------------------------------------------------------------    -------------------

                         (clock clk_i rise edge)      5.556     5.556 r  
                                                      0.000     5.556 r  clk_i (IN)
                         net (fo=43975, unset)        0.020     5.576    u_warp_scheduler/clk_i
                         FDCE                                         r  u_warp_scheduler/fetch_epoch_q_reg[3][0]/C
                         clock pessimism              0.000     5.576    
                         clock uncertainty           -0.035     5.541    
                         FDCE (Setup_FDCE_C_CE)      -0.061     5.480    u_warp_scheduler/fetch_epoch_q_reg[3][0]
  -------------------------------------------------------------------
                         required time                          5.480    
                         arrival time                          -4.930    
  -------------------------------------------------------------------
                         slack                                  0.550    

Slack (MET) :             0.550ns  (required time - arrival time)
  Source:                 u_imem/u_imem_xpm/xpm_memory_base_inst/gen_wr_a.gen_word_narrow.mem_reg_bram_3/CLKBWRCLK
                            (rising edge-triggered cell RAMB36E2 clocked by clk_i  {rise@0.000ns fall@2.778ns period=5.556ns})
  Destination:            u_warp_scheduler/fetch_epoch_q_reg[3][1]/CE
                            (rising edge-triggered cell FDCE clocked by clk_i  {rise@0.000ns fall@2.778ns period=5.556ns})
  Path Group:             clk_i
  Path Type:              Setup (Max at Slow Process Corner)
  Requirement:            5.556ns  (clk_i rise@5.556ns - clk_i rise@0.000ns)
  Data Path Delay:        4.854ns  (logic 1.778ns (36.630%)  route 3.076ns (63.370%))
  Logic Levels:           17  (LUT3=3 LUT4=1 LUT5=2 LUT6=8 MUXF7=2 MUXF8=1)
  Clock Path Skew:        -0.056ns (DCD - SCD + CPR)
    Destination Clock Delay (DCD):    0.020ns = ( 5.576 - 5.556 ) 
    Source Clock Delay      (SCD):    0.076ns
    Clock Pessimism Removal (CPR):    0.000ns
  Clock Uncertainty:      0.035ns  ((TSJ^2 + TIJ^2)^1/2 + DJ) / 2 + PE
    Total System Jitter     (TSJ):    0.071ns
    Total Input Jitter      (TIJ):    0.000ns
    Discrete Jitter          (DJ):    0.000ns
    Phase Error              (PE):    0.000ns

    Location             Delay type                Incr(ns)  Path(ns)    Netlist Resource(s)
  -------------------------------------------------------------------    -------------------
                         (clock clk_i rise edge)      0.000     0.000 r  
                                                      0.000     0.000 r  clk_i (IN)
                         net (fo=43975, unset)        0.076     0.076    u_imem/u_imem_xpm/xpm_memory_base_inst/clka
                         RAMB36E2                                     r  u_imem/u_imem_xpm/xpm_memory_base_inst/gen_wr_a.gen_word_narrow.mem_reg_bram_3/CLKBWRCLK
  -------------------------------------------------------------------    -------------------
                         RAMB36E2 (Prop_RAMB36E2_CLKBWRCLK_DOUTBDOUT[29])
                                                      0.863     0.939 f  u_imem/u_imem_xpm/xpm_memory_base_inst/gen_wr_a.gen_word_narrow.mem_reg_bram_3/DOUTBDOUT[29]
                         net (fo=8, unplaced)         0.219     1.158    u_warp_scheduler/if_data_o[23]
                         LUT4 (Prop_LUT4_I0_O)        0.100     1.258 f  u_warp_scheduler/decoded_src3_reg_o[7]_INST_0_i_4/O
                         net (fo=1, unplaced)         0.185     1.443    u_warp_scheduler/decoded_src3_reg_o[7]_INST_0_i_4_n_0
                         LUT5 (Prop_LUT5_I4_O)        0.038     1.481 f  u_warp_scheduler/decoded_src3_reg_o[7]_INST_0_i_3/O
                         net (fo=1, unplaced)         0.185     1.666    u_warp_scheduler/decoded_src3_reg_o[7]_INST_0_i_3_n_0
                         LUT6 (Prop_LUT6_I5_O)        0.038     1.704 r  u_warp_scheduler/decoded_src3_reg_o[7]_INST_0_i_1/O
                         net (fo=8, unplaced)         0.213     1.917    u_warp_scheduler/gen_wr_a.gen_word_narrow.mem_reg_bram_2
                         LUT3 (Prop_LUT3_I1_O)        0.038     1.955 r  u_warp_scheduler/decoded_src3_reg_o[4]_INST_0/O
                         net (fo=157, unplaced)       0.281     2.236    u_warp_scheduler/decoded_src3_reg_o[1]
                         LUT3 (Prop_LUT3_I2_O)        0.038     2.274 r  u_warp_scheduler/busy_q_i_4214/O
                         net (fo=128, unplaced)       0.276     2.550    u_scoreboard/busy_q_reg_i_979_0
                         LUT5 (Prop_LUT5_I2_O)        0.037     2.587 f  u_scoreboard/busy_q_i_2279/O
                         net (fo=1, unplaced)         0.032     2.619    u_scoreboard/busy_q_i_2279_n_0
                         MUXF7 (Prop_MUXF7_I0_O)      0.069     2.688 f  u_scoreboard/busy_q_reg_i_953/O
                         net (fo=1, unplaced)         0.000     2.688    u_scoreboard/busy_q_reg_i_953_n_0
                         MUXF8 (Prop_MUXF8_I0_O)      0.030     2.718 f  u_scoreboard/busy_q_reg_i_353/O
                         net (fo=1, unplaced)         0.187     2.905    u_scoreboard/busy_q_reg_i_353_n_0
                         LUT6 (Prop_LUT6_I0_O)        0.100     3.005 f  u_scoreboard/busy_q_i_165/O
                         net (fo=1, unplaced)         0.024     3.029    u_scoreboard/busy_q_i_165_n_0
                         MUXF7 (Prop_MUXF7_I0_O)      0.067     3.096 f  u_scoreboard/busy_q_reg_i_70/O
                         net (fo=1, unplaced)         0.139     3.235    u_scoreboard/busy_q_reg_i_70_n_0
                         LUT6 (Prop_LUT6_I0_O)        0.100     3.335 f  u_scoreboard/busy_q_i_29/O
                         net (fo=2, unplaced)         0.185     3.520    u_scoreboard/hit129_in
                         LUT6 (Prop_LUT6_I0_O)        0.038     3.558 f  u_scoreboard/issue_src2_imm_q[31]_i_12/O
                         net (fo=2, unplaced)         0.185     3.743    u_scoreboard/issue_src2_imm_q[31]_i_12_n_0
                         LUT6 (Prop_LUT6_I5_O)        0.038     3.781 f  u_scoreboard/issue_src2_imm_q[31]_i_7/O
                         net (fo=1, unplaced)         0.185     3.966    u_scoreboard/hit15_out
                         LUT6 (Prop_LUT6_I1_O)        0.038     4.004 r  u_scoreboard/issue_src2_imm_q[31]_i_4/O
                         net (fo=3, unplaced)         0.191     4.195    u_scoreboard/busy_q_reg_0
                         LUT6 (Prop_LUT6_I1_O)        0.038     4.233 r  u_scoreboard/fetch_epoch_q[0][7]_i_3/O
                         net (fo=5, unplaced)         0.203     4.436    u_scoreboard/sched_halt_pending
                         LUT3 (Prop_LUT3_I0_O)        0.070     4.506 r  u_scoreboard/halt_hold_q[3]_i_3/O
                         net (fo=10, unplaced)        0.218     4.724    u_warp_scheduler/halt_hold_q_reg[3]_0
                         LUT6 (Prop_LUT6_I5_O)        0.038     4.762 r  u_warp_scheduler/fetch_epoch_q[3][7]_i_1/O
                         net (fo=8, unplaced)         0.168     4.930    u_warp_scheduler/fetch_epoch_q[3][7]_i_1_n_0
                         FDCE                                         r  u_warp_scheduler/fetch_epoch_q_reg[3][1]/CE
  -------------------------------------------------------------------    -------------------

                         (clock clk_i rise edge)      5.556     5.556 r  
                                                      0.000     5.556 r  clk_i (IN)
                         net (fo=43975, unset)        0.020     5.576    u_warp_scheduler/clk_i
                         FDCE                                         r  u_warp_scheduler/fetch_epoch_q_reg[3][1]/C
                         clock pessimism              0.000     5.576    
                         clock uncertainty           -0.035     5.541    
                         FDCE (Setup_FDCE_C_CE)      -0.061     5.480    u_warp_scheduler/fetch_epoch_q_reg[3][1]
  -------------------------------------------------------------------
                         required time                          5.480    
                         arrival time                          -4.930    
  -------------------------------------------------------------------
                         slack                                  0.550    

Slack (MET) :             0.550ns  (required time - arrival time)
  Source:                 u_imem/u_imem_xpm/xpm_memory_base_inst/gen_wr_a.gen_word_narrow.mem_reg_bram_3/CLKBWRCLK
                            (rising edge-triggered cell RAMB36E2 clocked by clk_i  {rise@0.000ns fall@2.778ns period=5.556ns})
  Destination:            u_warp_scheduler/fetch_epoch_q_reg[3][2]/CE
                            (rising edge-triggered cell FDCE clocked by clk_i  {rise@0.000ns fall@2.778ns period=5.556ns})
  Path Group:             clk_i
  Path Type:              Setup (Max at Slow Process Corner)
  Requirement:            5.556ns  (clk_i rise@5.556ns - clk_i rise@0.000ns)
  Data Path Delay:        4.854ns  (logic 1.778ns (36.630%)  route 3.076ns (63.370%))
  Logic Levels:           17  (LUT3=3 LUT4=1 LUT5=2 LUT6=8 MUXF7=2 MUXF8=1)
  Clock Path Skew:        -0.056ns (DCD - SCD + CPR)
    Destination Clock Delay (DCD):    0.020ns = ( 5.576 - 5.556 ) 
    Source Clock Delay      (SCD):    0.076ns
    Clock Pessimism Removal (CPR):    0.000ns
  Clock Uncertainty:      0.035ns  ((TSJ^2 + TIJ^2)^1/2 + DJ) / 2 + PE
    Total System Jitter     (TSJ):    0.071ns
    Total Input Jitter      (TIJ):    0.000ns
    Discrete Jitter          (DJ):    0.000ns
    Phase Error              (PE):    0.000ns

    Location             Delay type                Incr(ns)  Path(ns)    Netlist Resource(s)
  -------------------------------------------------------------------    -------------------
                         (clock clk_i rise edge)      0.000     0.000 r  
                                                      0.000     0.000 r  clk_i (IN)
                         net (fo=43975, unset)        0.076     0.076    u_imem/u_imem_xpm/xpm_memory_base_inst/clka
                         RAMB36E2                                     r  u_imem/u_imem_xpm/xpm_memory_base_inst/gen_wr_a.gen_word_narrow.mem_reg_bram_3/CLKBWRCLK
  -------------------------------------------------------------------    -------------------
                         RAMB36E2 (Prop_RAMB36E2_CLKBWRCLK_DOUTBDOUT[29])
                                                      0.863     0.939 f  u_imem/u_imem_xpm/xpm_memory_base_inst/gen_wr_a.gen_word_narrow.mem_reg_bram_3/DOUTBDOUT[29]
                         net (fo=8, unplaced)         0.219     1.158    u_warp_scheduler/if_data_o[23]
                         LUT4 (Prop_LUT4_I0_O)        0.100     1.258 f  u_warp_scheduler/decoded_src3_reg_o[7]_INST_0_i_4/O
                         net (fo=1, unplaced)         0.185     1.443    u_warp_scheduler/decoded_src3_reg_o[7]_INST_0_i_4_n_0
                         LUT5 (Prop_LUT5_I4_O)        0.038     1.481 f  u_warp_scheduler/decoded_src3_reg_o[7]_INST_0_i_3/O
                         net (fo=1, unplaced)         0.185     1.666    u_warp_scheduler/decoded_src3_reg_o[7]_INST_0_i_3_n_0
                         LUT6 (Prop_LUT6_I5_O)        0.038     1.704 r  u_warp_scheduler/decoded_src3_reg_o[7]_INST_0_i_1/O
                         net (fo=8, unplaced)         0.213     1.917    u_warp_scheduler/gen_wr_a.gen_word_narrow.mem_reg_bram_2
                         LUT3 (Prop_LUT3_I1_O)        0.038     1.955 r  u_warp_scheduler/decoded_src3_reg_o[4]_INST_0/O
                         net (fo=157, unplaced)       0.281     2.236    u_warp_scheduler/decoded_src3_reg_o[1]
                         LUT3 (Prop_LUT3_I2_O)        0.038     2.274 r  u_warp_scheduler/busy_q_i_4214/O
                         net (fo=128, unplaced)       0.276     2.550    u_scoreboard/busy_q_reg_i_979_0
                         LUT5 (Prop_LUT5_I2_O)        0.037     2.587 f  u_scoreboard/busy_q_i_2279/O
                         net (fo=1, unplaced)         0.032     2.619    u_scoreboard/busy_q_i_2279_n_0
                         MUXF7 (Prop_MUXF7_I0_O)      0.069     2.688 f  u_scoreboard/busy_q_reg_i_953/O
                         net (fo=1, unplaced)         0.000     2.688    u_scoreboard/busy_q_reg_i_953_n_0
                         MUXF8 (Prop_MUXF8_I0_O)      0.030     2.718 f  u_scoreboard/busy_q_reg_i_353/O
                         net (fo=1, unplaced)         0.187     2.905    u_scoreboard/busy_q_reg_i_353_n_0
                         LUT6 (Prop_LUT6_I0_O)        0.100     3.005 f  u_scoreboard/busy_q_i_165/O
                         net (fo=1, unplaced)         0.024     3.029    u_scoreboard/busy_q_i_165_n_0
                         MUXF7 (Prop_MUXF7_I0_O)      0.067     3.096 f  u_scoreboard/busy_q_reg_i_70/O
                         net (fo=1, unplaced)         0.139     3.235    u_scoreboard/busy_q_reg_i_70_n_0
                         LUT6 (Prop_LUT6_I0_O)        0.100     3.335 f  u_scoreboard/busy_q_i_29/O
                         net (fo=2, unplaced)         0.185     3.520    u_scoreboard/hit129_in
                         LUT6 (Prop_LUT6_I0_O)        0.038     3.558 f  u_scoreboard/issue_src2_imm_q[31]_i_12/O
                         net (fo=2, unplaced)         0.185     3.743    u_scoreboard/issue_src2_imm_q[31]_i_12_n_0
                         LUT6 (Prop_LUT6_I5_O)        0.038     3.781 f  u_scoreboard/issue_src2_imm_q[31]_i_7/O
                         net (fo=1, unplaced)         0.185     3.966    u_scoreboard/hit15_out
                         LUT6 (Prop_LUT6_I1_O)        0.038     4.004 r  u_scoreboard/issue_src2_imm_q[31]_i_4/O
                         net (fo=3, unplaced)         0.191     4.195    u_scoreboard/busy_q_reg_0
                         LUT6 (Prop_LUT6_I1_O)        0.038     4.233 r  u_scoreboard/fetch_epoch_q[0][7]_i_3/O
                         net (fo=5, unplaced)         0.203     4.436    u_scoreboard/sched_halt_pending
                         LUT3 (Prop_LUT3_I0_O)        0.070     4.506 r  u_scoreboard/halt_hold_q[3]_i_3/O
                         net (fo=10, unplaced)        0.218     4.724    u_warp_scheduler/halt_hold_q_reg[3]_0
                         LUT6 (Prop_LUT6_I5_O)        0.038     4.762 r  u_warp_scheduler/fetch_epoch_q[3][7]_i_1/O
                         net (fo=8, unplaced)         0.168     4.930    u_warp_scheduler/fetch_epoch_q[3][7]_i_1_n_0
                         FDCE                                         r  u_warp_scheduler/fetch_epoch_q_reg[3][2]/CE
  -------------------------------------------------------------------    -------------------

                         (clock clk_i rise edge)      5.556     5.556 r  
                                                      0.000     5.556 r  clk_i (IN)
                         net (fo=43975, unset)        0.020     5.576    u_warp_scheduler/clk_i
                         FDCE                                         r  u_warp_scheduler/fetch_epoch_q_reg[3][2]/C
                         clock pessimism              0.000     5.576    
                         clock uncertainty           -0.035     5.541    
                         FDCE (Setup_FDCE_C_CE)      -0.061     5.480    u_warp_scheduler/fetch_epoch_q_reg[3][2]
  -------------------------------------------------------------------
                         required time                          5.480    
                         arrival time                          -4.930    
  -------------------------------------------------------------------
                         slack                                  0.550    

Slack (MET) :             0.550ns  (required time - arrival time)
  Source:                 u_imem/u_imem_xpm/xpm_memory_base_inst/gen_wr_a.gen_word_narrow.mem_reg_bram_3/CLKBWRCLK
                            (rising edge-triggered cell RAMB36E2 clocked by clk_i  {rise@0.000ns fall@2.778ns period=5.556ns})
  Destination:            u_warp_scheduler/fetch_epoch_q_reg[3][3]/CE
                            (rising edge-triggered cell FDCE clocked by clk_i  {rise@0.000ns fall@2.778ns period=5.556ns})
  Path Group:             clk_i
  Path Type:              Setup (Max at Slow Process Corner)
  Requirement:            5.556ns  (clk_i rise@5.556ns - clk_i rise@0.000ns)
  Data Path Delay:        4.854ns  (logic 1.778ns (36.630%)  route 3.076ns (63.370%))
  Logic Levels:           17  (LUT3=3 LUT4=1 LUT5=2 LUT6=8 MUXF7=2 MUXF8=1)
  Clock Path Skew:        -0.056ns (DCD - SCD + CPR)
    Destination Clock Delay (DCD):    0.020ns = ( 5.576 - 5.556 ) 
    Source Clock Delay      (SCD):    0.076ns
    Clock Pessimism Removal (CPR):    0.000ns
  Clock Uncertainty:      0.035ns  ((TSJ^2 + TIJ^2)^1/2 + DJ) / 2 + PE
    Total System Jitter     (TSJ):    0.071ns
    Total Input Jitter      (TIJ):    0.000ns
    Discrete Jitter          (DJ):    0.000ns
    Phase Error              (PE):    0.000ns

    Location             Delay type                Incr(ns)  Path(ns)    Netlist Resource(s)
  -------------------------------------------------------------------    -------------------
                         (clock clk_i rise edge)      0.000     0.000 r  
                                                      0.000     0.000 r  clk_i (IN)
                         net (fo=43975, unset)        0.076     0.076    u_imem/u_imem_xpm/xpm_memory_base_inst/clka
                         RAMB36E2                                     r  u_imem/u_imem_xpm/xpm_memory_base_inst/gen_wr_a.gen_word_narrow.mem_reg_bram_3/CLKBWRCLK
  -------------------------------------------------------------------    -------------------
                         RAMB36E2 (Prop_RAMB36E2_CLKBWRCLK_DOUTBDOUT[29])
                                                      0.863     0.939 f  u_imem/u_imem_xpm/xpm_memory_base_inst/gen_wr_a.gen_word_narrow.mem_reg_bram_3/DOUTBDOUT[29]
                         net (fo=8, unplaced)         0.219     1.158    u_warp_scheduler/if_data_o[23]
                         LUT4 (Prop_LUT4_I0_O)        0.100     1.258 f  u_warp_scheduler/decoded_src3_reg_o[7]_INST_0_i_4/O
                         net (fo=1, unplaced)         0.185     1.443    u_warp_scheduler/decoded_src3_reg_o[7]_INST_0_i_4_n_0
                         LUT5 (Prop_LUT5_I4_O)        0.038     1.481 f  u_warp_scheduler/decoded_src3_reg_o[7]_INST_0_i_3/O
                         net (fo=1, unplaced)         0.185     1.666    u_warp_scheduler/decoded_src3_reg_o[7]_INST_0_i_3_n_0
                         LUT6 (Prop_LUT6_I5_O)        0.038     1.704 r  u_warp_scheduler/decoded_src3_reg_o[7]_INST_0_i_1/O
                         net (fo=8, unplaced)         0.213     1.917    u_warp_scheduler/gen_wr_a.gen_word_narrow.mem_reg_bram_2
                         LUT3 (Prop_LUT3_I1_O)        0.038     1.955 r  u_warp_scheduler/decoded_src3_reg_o[4]_INST_0/O
                         net (fo=157, unplaced)       0.281     2.236    u_warp_scheduler/decoded_src3_reg_o[1]
                         LUT3 (Prop_LUT3_I2_O)        0.038     2.274 r  u_warp_scheduler/busy_q_i_4214/O
                         net (fo=128, unplaced)       0.276     2.550    u_scoreboard/busy_q_reg_i_979_0
                         LUT5 (Prop_LUT5_I2_O)        0.037     2.587 f  u_scoreboard/busy_q_i_2279/O
                         net (fo=1, unplaced)         0.032     2.619    u_scoreboard/busy_q_i_2279_n_0
                         MUXF7 (Prop_MUXF7_I0_O)      0.069     2.688 f  u_scoreboard/busy_q_reg_i_953/O
                         net (fo=1, unplaced)         0.000     2.688    u_scoreboard/busy_q_reg_i_953_n_0
                         MUXF8 (Prop_MUXF8_I0_O)      0.030     2.718 f  u_scoreboard/busy_q_reg_i_353/O
                         net (fo=1, unplaced)         0.187     2.905    u_scoreboard/busy_q_reg_i_353_n_0
                         LUT6 (Prop_LUT6_I0_O)        0.100     3.005 f  u_scoreboard/busy_q_i_165/O
                         net (fo=1, unplaced)         0.024     3.029    u_scoreboard/busy_q_i_165_n_0
                         MUXF7 (Prop_MUXF7_I0_O)      0.067     3.096 f  u_scoreboard/busy_q_reg_i_70/O
                         net (fo=1, unplaced)         0.139     3.235    u_scoreboard/busy_q_reg_i_70_n_0
                         LUT6 (Prop_LUT6_I0_O)        0.100     3.335 f  u_scoreboard/busy_q_i_29/O
                         net (fo=2, unplaced)         0.185     3.520    u_scoreboard/hit129_in
                         LUT6 (Prop_LUT6_I0_O)        0.038     3.558 f  u_scoreboard/issue_src2_imm_q[31]_i_12/O
                         net (fo=2, unplaced)         0.185     3.743    u_scoreboard/issue_src2_imm_q[31]_i_12_n_0
                         LUT6 (Prop_LUT6_I5_O)        0.038     3.781 f  u_scoreboard/issue_src2_imm_q[31]_i_7/O
                         net (fo=1, unplaced)         0.185     3.966    u_scoreboard/hit15_out
                         LUT6 (Prop_LUT6_I1_O)        0.038     4.004 r  u_scoreboard/issue_src2_imm_q[31]_i_4/O
                         net (fo=3, unplaced)         0.191     4.195    u_scoreboard/busy_q_reg_0
                         LUT6 (Prop_LUT6_I1_O)        0.038     4.233 r  u_scoreboard/fetch_epoch_q[0][7]_i_3/O
                         net (fo=5, unplaced)         0.203     4.436    u_scoreboard/sched_halt_pending
                         LUT3 (Prop_LUT3_I0_O)        0.070     4.506 r  u_scoreboard/halt_hold_q[3]_i_3/O
                         net (fo=10, unplaced)        0.218     4.724    u_warp_scheduler/halt_hold_q_reg[3]_0
                         LUT6 (Prop_LUT6_I5_O)        0.038     4.762 r  u_warp_scheduler/fetch_epoch_q[3][7]_i_1/O
                         net (fo=8, unplaced)         0.168     4.930    u_warp_scheduler/fetch_epoch_q[3][7]_i_1_n_0
                         FDCE                                         r  u_warp_scheduler/fetch_epoch_q_reg[3][3]/CE
  -------------------------------------------------------------------    -------------------

                         (clock clk_i rise edge)      5.556     5.556 r  
                                                      0.000     5.556 r  clk_i (IN)
                         net (fo=43975, unset)        0.020     5.576    u_warp_scheduler/clk_i
                         FDCE                                         r  u_warp_scheduler/fetch_epoch_q_reg[3][3]/C
                         clock pessimism              0.000     5.576    
                         clock uncertainty           -0.035     5.541    
                         FDCE (Setup_FDCE_C_CE)      -0.061     5.480    u_warp_scheduler/fetch_epoch_q_reg[3][3]
  -------------------------------------------------------------------
                         required time                          5.480    
                         arrival time                          -4.930    
  -------------------------------------------------------------------
                         slack                                  0.550    

Slack (MET) :             0.550ns  (required time - arrival time)
  Source:                 u_imem/u_imem_xpm/xpm_memory_base_inst/gen_wr_a.gen_word_narrow.mem_reg_bram_3/CLKBWRCLK
                            (rising edge-triggered cell RAMB36E2 clocked by clk_i  {rise@0.000ns fall@2.778ns period=5.556ns})
  Destination:            u_warp_scheduler/fetch_epoch_q_reg[3][4]/CE
                            (rising edge-triggered cell FDCE clocked by clk_i  {rise@0.000ns fall@2.778ns period=5.556ns})
  Path Group:             clk_i
  Path Type:              Setup (Max at Slow Process Corner)
  Requirement:            5.556ns  (clk_i rise@5.556ns - clk_i rise@0.000ns)
  Data Path Delay:        4.854ns  (logic 1.778ns (36.630%)  route 3.076ns (63.370%))
  Logic Levels:           17  (LUT3=3 LUT4=1 LUT5=2 LUT6=8 MUXF7=2 MUXF8=1)
  Clock Path Skew:        -0.056ns (DCD - SCD + CPR)
    Destination Clock Delay (DCD):    0.020ns = ( 5.576 - 5.556 ) 
    Source Clock Delay      (SCD):    0.076ns
    Clock Pessimism Removal (CPR):    0.000ns
  Clock Uncertainty:      0.035ns  ((TSJ^2 + TIJ^2)^1/2 + DJ) / 2 + PE
    Total System Jitter     (TSJ):    0.071ns
    Total Input Jitter      (TIJ):    0.000ns
    Discrete Jitter          (DJ):    0.000ns
    Phase Error              (PE):    0.000ns

    Location             Delay type                Incr(ns)  Path(ns)    Netlist Resource(s)
  -------------------------------------------------------------------    -------------------
                         (clock clk_i rise edge)      0.000     0.000 r  
                                                      0.000     0.000 r  clk_i (IN)
                         net (fo=43975, unset)        0.076     0.076    u_imem/u_imem_xpm/xpm_memory_base_inst/clka
                         RAMB36E2                                     r  u_imem/u_imem_xpm/xpm_memory_base_inst/gen_wr_a.gen_word_narrow.mem_reg_bram_3/CLKBWRCLK
  -------------------------------------------------------------------    -------------------
                         RAMB36E2 (Prop_RAMB36E2_CLKBWRCLK_DOUTBDOUT[29])
                                                      0.863     0.939 f  u_imem/u_imem_xpm/xpm_memory_base_inst/gen_wr_a.gen_word_narrow.mem_reg_bram_3/DOUTBDOUT[29]
                         net (fo=8, unplaced)         0.219     1.158    u_warp_scheduler/if_data_o[23]
                         LUT4 (Prop_LUT4_I0_O)        0.100     1.258 f  u_warp_scheduler/decoded_src3_reg_o[7]_INST_0_i_4/O
                         net (fo=1, unplaced)         0.185     1.443    u_warp_scheduler/decoded_src3_reg_o[7]_INST_0_i_4_n_0
                         LUT5 (Prop_LUT5_I4_O)        0.038     1.481 f  u_warp_scheduler/decoded_src3_reg_o[7]_INST_0_i_3/O
                         net (fo=1, unplaced)         0.185     1.666    u_warp_scheduler/decoded_src3_reg_o[7]_INST_0_i_3_n_0
                         LUT6 (Prop_LUT6_I5_O)        0.038     1.704 r  u_warp_scheduler/decoded_src3_reg_o[7]_INST_0_i_1/O
                         net (fo=8, unplaced)         0.213     1.917    u_warp_scheduler/gen_wr_a.gen_word_narrow.mem_reg_bram_2
                         LUT3 (Prop_LUT3_I1_O)        0.038     1.955 r  u_warp_scheduler/decoded_src3_reg_o[4]_INST_0/O
                         net (fo=157, unplaced)       0.281     2.236    u_warp_scheduler/decoded_src3_reg_o[1]
                         LUT3 (Prop_LUT3_I2_O)        0.038     2.274 r  u_warp_scheduler/busy_q_i_4214/O
                         net (fo=128, unplaced)       0.276     2.550    u_scoreboard/busy_q_reg_i_979_0
                         LUT5 (Prop_LUT5_I2_O)        0.037     2.587 f  u_scoreboard/busy_q_i_2279/O
                         net (fo=1, unplaced)         0.032     2.619    u_scoreboard/busy_q_i_2279_n_0
                         MUXF7 (Prop_MUXF7_I0_O)      0.069     2.688 f  u_scoreboard/busy_q_reg_i_953/O
                         net (fo=1, unplaced)         0.000     2.688    u_scoreboard/busy_q_reg_i_953_n_0
                         MUXF8 (Prop_MUXF8_I0_O)      0.030     2.718 f  u_scoreboard/busy_q_reg_i_353/O
                         net (fo=1, unplaced)         0.187     2.905    u_scoreboard/busy_q_reg_i_353_n_0
                         LUT6 (Prop_LUT6_I0_O)        0.100     3.005 f  u_scoreboard/busy_q_i_165/O
                         net (fo=1, unplaced)         0.024     3.029    u_scoreboard/busy_q_i_165_n_0
                         MUXF7 (Prop_MUXF7_I0_O)      0.067     3.096 f  u_scoreboard/busy_q_reg_i_70/O
                         net (fo=1, unplaced)         0.139     3.235    u_scoreboard/busy_q_reg_i_70_n_0
                         LUT6 (Prop_LUT6_I0_O)        0.100     3.335 f  u_scoreboard/busy_q_i_29/O
                         net (fo=2, unplaced)         0.185     3.520    u_scoreboard/hit129_in
                         LUT6 (Prop_LUT6_I0_O)        0.038     3.558 f  u_scoreboard/issue_src2_imm_q[31]_i_12/O
                         net (fo=2, unplaced)         0.185     3.743    u_scoreboard/issue_src2_imm_q[31]_i_12_n_0
                         LUT6 (Prop_LUT6_I5_O)        0.038     3.781 f  u_scoreboard/issue_src2_imm_q[31]_i_7/O
                         net (fo=1, unplaced)         0.185     3.966    u_scoreboard/hit15_out
                         LUT6 (Prop_LUT6_I1_O)        0.038     4.004 r  u_scoreboard/issue_src2_imm_q[31]_i_4/O
                         net (fo=3, unplaced)         0.191     4.195    u_scoreboard/busy_q_reg_0
                         LUT6 (Prop_LUT6_I1_O)        0.038     4.233 r  u_scoreboard/fetch_epoch_q[0][7]_i_3/O
                         net (fo=5, unplaced)         0.203     4.436    u_scoreboard/sched_halt_pending
                         LUT3 (Prop_LUT3_I0_O)        0.070     4.506 r  u_scoreboard/halt_hold_q[3]_i_3/O
                         net (fo=10, unplaced)        0.218     4.724    u_warp_scheduler/halt_hold_q_reg[3]_0
                         LUT6 (Prop_LUT6_I5_O)        0.038     4.762 r  u_warp_scheduler/fetch_epoch_q[3][7]_i_1/O
                         net (fo=8, unplaced)         0.168     4.930    u_warp_scheduler/fetch_epoch_q[3][7]_i_1_n_0
                         FDCE                                         r  u_warp_scheduler/fetch_epoch_q_reg[3][4]/CE
  -------------------------------------------------------------------    -------------------

                         (clock clk_i rise edge)      5.556     5.556 r  
                                                      0.000     5.556 r  clk_i (IN)
                         net (fo=43975, unset)        0.020     5.576    u_warp_scheduler/clk_i
                         FDCE                                         r  u_warp_scheduler/fetch_epoch_q_reg[3][4]/C
                         clock pessimism              0.000     5.576    
                         clock uncertainty           -0.035     5.541    
                         FDCE (Setup_FDCE_C_CE)      -0.061     5.480    u_warp_scheduler/fetch_epoch_q_reg[3][4]
  -------------------------------------------------------------------
                         required time                          5.480    
                         arrival time                          -4.930    
  -------------------------------------------------------------------
                         slack                                  0.550    

Slack (MET) :             0.550ns  (required time - arrival time)
  Source:                 u_imem/u_imem_xpm/xpm_memory_base_inst/gen_wr_a.gen_word_narrow.mem_reg_bram_3/CLKBWRCLK
                            (rising edge-triggered cell RAMB36E2 clocked by clk_i  {rise@0.000ns fall@2.778ns period=5.556ns})
  Destination:            u_warp_scheduler/fetch_epoch_q_reg[3][5]/CE
                            (rising edge-triggered cell FDCE clocked by clk_i  {rise@0.000ns fall@2.778ns period=5.556ns})
  Path Group:             clk_i
  Path Type:              Setup (Max at Slow Process Corner)
  Requirement:            5.556ns  (clk_i rise@5.556ns - clk_i rise@0.000ns)
  Data Path Delay:        4.854ns  (logic 1.778ns (36.630%)  route 3.076ns (63.370%))
  Logic Levels:           17  (LUT3=3 LUT4=1 LUT5=2 LUT6=8 MUXF7=2 MUXF8=1)
  Clock Path Skew:        -0.056ns (DCD - SCD + CPR)
    Destination Clock Delay (DCD):    0.020ns = ( 5.576 - 5.556 ) 
    Source Clock Delay      (SCD):    0.076ns
    Clock Pessimism Removal (CPR):    0.000ns
  Clock Uncertainty:      0.035ns  ((TSJ^2 + TIJ^2)^1/2 + DJ) / 2 + PE
    Total System Jitter     (TSJ):    0.071ns
    Total Input Jitter      (TIJ):    0.000ns
    Discrete Jitter          (DJ):    0.000ns
    Phase Error              (PE):    0.000ns

    Location             Delay type                Incr(ns)  Path(ns)    Netlist Resource(s)
  -------------------------------------------------------------------    -------------------
                         (clock clk_i rise edge)      0.000     0.000 r  
                                                      0.000     0.000 r  clk_i (IN)
                         net (fo=43975, unset)        0.076     0.076    u_imem/u_imem_xpm/xpm_memory_base_inst/clka
                         RAMB36E2                                     r  u_imem/u_imem_xpm/xpm_memory_base_inst/gen_wr_a.gen_word_narrow.mem_reg_bram_3/CLKBWRCLK
  -------------------------------------------------------------------    -------------------
                         RAMB36E2 (Prop_RAMB36E2_CLKBWRCLK_DOUTBDOUT[29])
                                                      0.863     0.939 f  u_imem/u_imem_xpm/xpm_memory_base_inst/gen_wr_a.gen_word_narrow.mem_reg_bram_3/DOUTBDOUT[29]
                         net (fo=8, unplaced)         0.219     1.158    u_warp_scheduler/if_data_o[23]
                         LUT4 (Prop_LUT4_I0_O)        0.100     1.258 f  u_warp_scheduler/decoded_src3_reg_o[7]_INST_0_i_4/O
                         net (fo=1, unplaced)         0.185     1.443    u_warp_scheduler/decoded_src3_reg_o[7]_INST_0_i_4_n_0
                         LUT5 (Prop_LUT5_I4_O)        0.038     1.481 f  u_warp_scheduler/decoded_src3_reg_o[7]_INST_0_i_3/O
                         net (fo=1, unplaced)         0.185     1.666    u_warp_scheduler/decoded_src3_reg_o[7]_INST_0_i_3_n_0
                         LUT6 (Prop_LUT6_I5_O)        0.038     1.704 r  u_warp_scheduler/decoded_src3_reg_o[7]_INST_0_i_1/O
                         net (fo=8, unplaced)         0.213     1.917    u_warp_scheduler/gen_wr_a.gen_word_narrow.mem_reg_bram_2
                         LUT3 (Prop_LUT3_I1_O)        0.038     1.955 r  u_warp_scheduler/decoded_src3_reg_o[4]_INST_0/O
                         net (fo=157, unplaced)       0.281     2.236    u_warp_scheduler/decoded_src3_reg_o[1]
                         LUT3 (Prop_LUT3_I2_O)        0.038     2.274 r  u_warp_scheduler/busy_q_i_4214/O
                         net (fo=128, unplaced)       0.276     2.550    u_scoreboard/busy_q_reg_i_979_0
                         LUT5 (Prop_LUT5_I2_O)        0.037     2.587 f  u_scoreboard/busy_q_i_2279/O
                         net (fo=1, unplaced)         0.032     2.619    u_scoreboard/busy_q_i_2279_n_0
                         MUXF7 (Prop_MUXF7_I0_O)      0.069     2.688 f  u_scoreboard/busy_q_reg_i_953/O
                         net (fo=1, unplaced)         0.000     2.688    u_scoreboard/busy_q_reg_i_953_n_0
                         MUXF8 (Prop_MUXF8_I0_O)      0.030     2.718 f  u_scoreboard/busy_q_reg_i_353/O
                         net (fo=1, unplaced)         0.187     2.905    u_scoreboard/busy_q_reg_i_353_n_0
                         LUT6 (Prop_LUT6_I0_O)        0.100     3.005 f  u_scoreboard/busy_q_i_165/O
                         net (fo=1, unplaced)         0.024     3.029    u_scoreboard/busy_q_i_165_n_0
                         MUXF7 (Prop_MUXF7_I0_O)      0.067     3.096 f  u_scoreboard/busy_q_reg_i_70/O
                         net (fo=1, unplaced)         0.139     3.235    u_scoreboard/busy_q_reg_i_70_n_0
                         LUT6 (Prop_LUT6_I0_O)        0.100     3.335 f  u_scoreboard/busy_q_i_29/O
                         net (fo=2, unplaced)         0.185     3.520    u_scoreboard/hit129_in
                         LUT6 (Prop_LUT6_I0_O)        0.038     3.558 f  u_scoreboard/issue_src2_imm_q[31]_i_12/O
                         net (fo=2, unplaced)         0.185     3.743    u_scoreboard/issue_src2_imm_q[31]_i_12_n_0
                         LUT6 (Prop_LUT6_I5_O)        0.038     3.781 f  u_scoreboard/issue_src2_imm_q[31]_i_7/O
                         net (fo=1, unplaced)         0.185     3.966    u_scoreboard/hit15_out
                         LUT6 (Prop_LUT6_I1_O)        0.038     4.004 r  u_scoreboard/issue_src2_imm_q[31]_i_4/O
                         net (fo=3, unplaced)         0.191     4.195    u_scoreboard/busy_q_reg_0
                         LUT6 (Prop_LUT6_I1_O)        0.038     4.233 r  u_scoreboard/fetch_epoch_q[0][7]_i_3/O
                         net (fo=5, unplaced)         0.203     4.436    u_scoreboard/sched_halt_pending
                         LUT3 (Prop_LUT3_I0_O)        0.070     4.506 r  u_scoreboard/halt_hold_q[3]_i_3/O
                         net (fo=10, unplaced)        0.218     4.724    u_warp_scheduler/halt_hold_q_reg[3]_0
                         LUT6 (Prop_LUT6_I5_O)        0.038     4.762 r  u_warp_scheduler/fetch_epoch_q[3][7]_i_1/O
                         net (fo=8, unplaced)         0.168     4.930    u_warp_scheduler/fetch_epoch_q[3][7]_i_1_n_0
                         FDCE                                         r  u_warp_scheduler/fetch_epoch_q_reg[3][5]/CE
  -------------------------------------------------------------------    -------------------

                         (clock clk_i rise edge)      5.556     5.556 r  
                                                      0.000     5.556 r  clk_i (IN)
                         net (fo=43975, unset)        0.020     5.576    u_warp_scheduler/clk_i
                         FDCE                                         r  u_warp_scheduler/fetch_epoch_q_reg[3][5]/C
                         clock pessimism              0.000     5.576    
                         clock uncertainty           -0.035     5.541    
                         FDCE (Setup_FDCE_C_CE)      -0.061     5.480    u_warp_scheduler/fetch_epoch_q_reg[3][5]
  -------------------------------------------------------------------
                         required time                          5.480    
                         arrival time                          -4.930    
  -------------------------------------------------------------------
                         slack                                  0.550    

Slack (MET) :             0.550ns  (required time - arrival time)
  Source:                 u_imem/u_imem_xpm/xpm_memory_base_inst/gen_wr_a.gen_word_narrow.mem_reg_bram_3/CLKBWRCLK
                            (rising edge-triggered cell RAMB36E2 clocked by clk_i  {rise@0.000ns fall@2.778ns period=5.556ns})
  Destination:            u_warp_scheduler/fetch_epoch_q_reg[3][6]/CE
                            (rising edge-triggered cell FDCE clocked by clk_i  {rise@0.000ns fall@2.778ns period=5.556ns})
  Path Group:             clk_i
  Path Type:              Setup (Max at Slow Process Corner)
  Requirement:            5.556ns  (clk_i rise@5.556ns - clk_i rise@0.000ns)
  Data Path Delay:        4.854ns  (logic 1.778ns (36.630%)  route 3.076ns (63.370%))
  Logic Levels:           17  (LUT3=3 LUT4=1 LUT5=2 LUT6=8 MUXF7=2 MUXF8=1)
  Clock Path Skew:        -0.056ns (DCD - SCD + CPR)
    Destination Clock Delay (DCD):    0.020ns = ( 5.576 - 5.556 ) 
    Source Clock Delay      (SCD):    0.076ns
    Clock Pessimism Removal (CPR):    0.000ns
  Clock Uncertainty:      0.035ns  ((TSJ^2 + TIJ^2)^1/2 + DJ) / 2 + PE
    Total System Jitter     (TSJ):    0.071ns
    Total Input Jitter      (TIJ):    0.000ns
    Discrete Jitter          (DJ):    0.000ns
    Phase Error              (PE):    0.000ns

    Location             Delay type                Incr(ns)  Path(ns)    Netlist Resource(s)
  -------------------------------------------------------------------    -------------------
                         (clock clk_i rise edge)      0.000     0.000 r  
                                                      0.000     0.000 r  clk_i (IN)
                         net (fo=43975, unset)        0.076     0.076    u_imem/u_imem_xpm/xpm_memory_base_inst/clka
                         RAMB36E2                                     r  u_imem/u_imem_xpm/xpm_memory_base_inst/gen_wr_a.gen_word_narrow.mem_reg_bram_3/CLKBWRCLK
  -------------------------------------------------------------------    -------------------
                         RAMB36E2 (Prop_RAMB36E2_CLKBWRCLK_DOUTBDOUT[29])
                                                      0.863     0.939 f  u_imem/u_imem_xpm/xpm_memory_base_inst/gen_wr_a.gen_word_narrow.mem_reg_bram_3/DOUTBDOUT[29]
                         net (fo=8, unplaced)         0.219     1.158    u_warp_scheduler/if_data_o[23]
                         LUT4 (Prop_LUT4_I0_O)        0.100     1.258 f  u_warp_scheduler/decoded_src3_reg_o[7]_INST_0_i_4/O
                         net (fo=1, unplaced)         0.185     1.443    u_warp_scheduler/decoded_src3_reg_o[7]_INST_0_i_4_n_0
                         LUT5 (Prop_LUT5_I4_O)        0.038     1.481 f  u_warp_scheduler/decoded_src3_reg_o[7]_INST_0_i_3/O
                         net (fo=1, unplaced)         0.185     1.666    u_warp_scheduler/decoded_src3_reg_o[7]_INST_0_i_3_n_0
                         LUT6 (Prop_LUT6_I5_O)        0.038     1.704 r  u_warp_scheduler/decoded_src3_reg_o[7]_INST_0_i_1/O
                         net (fo=8, unplaced)         0.213     1.917    u_warp_scheduler/gen_wr_a.gen_word_narrow.mem_reg_bram_2
                         LUT3 (Prop_LUT3_I1_O)        0.038     1.955 r  u_warp_scheduler/decoded_src3_reg_o[4]_INST_0/O
                         net (fo=157, unplaced)       0.281     2.236    u_warp_scheduler/decoded_src3_reg_o[1]
                         LUT3 (Prop_LUT3_I2_O)        0.038     2.274 r  u_warp_scheduler/busy_q_i_4214/O
                         net (fo=128, unplaced)       0.276     2.550    u_scoreboard/busy_q_reg_i_979_0
                         LUT5 (Prop_LUT5_I2_O)        0.037     2.587 f  u_scoreboard/busy_q_i_2279/O
                         net (fo=1, unplaced)         0.032     2.619    u_scoreboard/busy_q_i_2279_n_0
                         MUXF7 (Prop_MUXF7_I0_O)      0.069     2.688 f  u_scoreboard/busy_q_reg_i_953/O
                         net (fo=1, unplaced)         0.000     2.688    u_scoreboard/busy_q_reg_i_953_n_0
                         MUXF8 (Prop_MUXF8_I0_O)      0.030     2.718 f  u_scoreboard/busy_q_reg_i_353/O
                         net (fo=1, unplaced)         0.187     2.905    u_scoreboard/busy_q_reg_i_353_n_0
                         LUT6 (Prop_LUT6_I0_O)        0.100     3.005 f  u_scoreboard/busy_q_i_165/O
                         net (fo=1, unplaced)         0.024     3.029    u_scoreboard/busy_q_i_165_n_0
                         MUXF7 (Prop_MUXF7_I0_O)      0.067     3.096 f  u_scoreboard/busy_q_reg_i_70/O
                         net (fo=1, unplaced)         0.139     3.235    u_scoreboard/busy_q_reg_i_70_n_0
                         LUT6 (Prop_LUT6_I0_O)        0.100     3.335 f  u_scoreboard/busy_q_i_29/O
                         net (fo=2, unplaced)         0.185     3.520    u_scoreboard/hit129_in
                         LUT6 (Prop_LUT6_I0_O)        0.038     3.558 f  u_scoreboard/issue_src2_imm_q[31]_i_12/O
                         net (fo=2, unplaced)         0.185     3.743    u_scoreboard/issue_src2_imm_q[31]_i_12_n_0
                         LUT6 (Prop_LUT6_I5_O)        0.038     3.781 f  u_scoreboard/issue_src2_imm_q[31]_i_7/O
                         net (fo=1, unplaced)         0.185     3.966    u_scoreboard/hit15_out
                         LUT6 (Prop_LUT6_I1_O)        0.038     4.004 r  u_scoreboard/issue_src2_imm_q[31]_i_4/O
                         net (fo=3, unplaced)         0.191     4.195    u_scoreboard/busy_q_reg_0
                         LUT6 (Prop_LUT6_I1_O)        0.038     4.233 r  u_scoreboard/fetch_epoch_q[0][7]_i_3/O
                         net (fo=5, unplaced)         0.203     4.436    u_scoreboard/sched_halt_pending
                         LUT3 (Prop_LUT3_I0_O)        0.070     4.506 r  u_scoreboard/halt_hold_q[3]_i_3/O
                         net (fo=10, unplaced)        0.218     4.724    u_warp_scheduler/halt_hold_q_reg[3]_0
                         LUT6 (Prop_LUT6_I5_O)        0.038     4.762 r  u_warp_scheduler/fetch_epoch_q[3][7]_i_1/O
                         net (fo=8, unplaced)         0.168     4.930    u_warp_scheduler/fetch_epoch_q[3][7]_i_1_n_0
                         FDCE                                         r  u_warp_scheduler/fetch_epoch_q_reg[3][6]/CE
  -------------------------------------------------------------------    -------------------

                         (clock clk_i rise edge)      5.556     5.556 r  
                                                      0.000     5.556 r  clk_i (IN)
                         net (fo=43975, unset)        0.020     5.576    u_warp_scheduler/clk_i
                         FDCE                                         r  u_warp_scheduler/fetch_epoch_q_reg[3][6]/C
                         clock pessimism              0.000     5.576    
                         clock uncertainty           -0.035     5.541    
                         FDCE (Setup_FDCE_C_CE)      -0.061     5.480    u_warp_scheduler/fetch_epoch_q_reg[3][6]
  -------------------------------------------------------------------
                         required time                          5.480    
                         arrival time                          -4.930    
  -------------------------------------------------------------------
                         slack                                  0.550    

Slack (MET) :             0.550ns  (required time - arrival time)
  Source:                 u_imem/u_imem_xpm/xpm_memory_base_inst/gen_wr_a.gen_word_narrow.mem_reg_bram_3/CLKBWRCLK
                            (rising edge-triggered cell RAMB36E2 clocked by clk_i  {rise@0.000ns fall@2.778ns period=5.556ns})
  Destination:            u_warp_scheduler/fetch_epoch_q_reg[3][7]/CE
                            (rising edge-triggered cell FDCE clocked by clk_i  {rise@0.000ns fall@2.778ns period=5.556ns})
  Path Group:             clk_i
  Path Type:              Setup (Max at Slow Process Corner)
  Requirement:            5.556ns  (clk_i rise@5.556ns - clk_i rise@0.000ns)
  Data Path Delay:        4.854ns  (logic 1.778ns (36.630%)  route 3.076ns (63.370%))
  Logic Levels:           17  (LUT3=3 LUT4=1 LUT5=2 LUT6=8 MUXF7=2 MUXF8=1)
  Clock Path Skew:        -0.056ns (DCD - SCD + CPR)
    Destination Clock Delay (DCD):    0.020ns = ( 5.576 - 5.556 ) 
    Source Clock Delay      (SCD):    0.076ns
    Clock Pessimism Removal (CPR):    0.000ns
  Clock Uncertainty:      0.035ns  ((TSJ^2 + TIJ^2)^1/2 + DJ) / 2 + PE
    Total System Jitter     (TSJ):    0.071ns
    Total Input Jitter      (TIJ):    0.000ns
    Discrete Jitter          (DJ):    0.000ns
    Phase Error              (PE):    0.000ns

    Location             Delay type                Incr(ns)  Path(ns)    Netlist Resource(s)
  -------------------------------------------------------------------    -------------------
                         (clock clk_i rise edge)      0.000     0.000 r  
                                                      0.000     0.000 r  clk_i (IN)
                         net (fo=43975, unset)        0.076     0.076    u_imem/u_imem_xpm/xpm_memory_base_inst/clka
                         RAMB36E2                                     r  u_imem/u_imem_xpm/xpm_memory_base_inst/gen_wr_a.gen_word_narrow.mem_reg_bram_3/CLKBWRCLK
  -------------------------------------------------------------------    -------------------
                         RAMB36E2 (Prop_RAMB36E2_CLKBWRCLK_DOUTBDOUT[29])
                                                      0.863     0.939 f  u_imem/u_imem_xpm/xpm_memory_base_inst/gen_wr_a.gen_word_narrow.mem_reg_bram_3/DOUTBDOUT[29]
                         net (fo=8, unplaced)         0.219     1.158    u_warp_scheduler/if_data_o[23]
                         LUT4 (Prop_LUT4_I0_O)        0.100     1.258 f  u_warp_scheduler/decoded_src3_reg_o[7]_INST_0_i_4/O
                         net (fo=1, unplaced)         0.185     1.443    u_warp_scheduler/decoded_src3_reg_o[7]_INST_0_i_4_n_0
                         LUT5 (Prop_LUT5_I4_O)        0.038     1.481 f  u_warp_scheduler/decoded_src3_reg_o[7]_INST_0_i_3/O
                         net (fo=1, unplaced)         0.185     1.666    u_warp_scheduler/decoded_src3_reg_o[7]_INST_0_i_3_n_0
                         LUT6 (Prop_LUT6_I5_O)        0.038     1.704 r  u_warp_scheduler/decoded_src3_reg_o[7]_INST_0_i_1/O
                         net (fo=8, unplaced)         0.213     1.917    u_warp_scheduler/gen_wr_a.gen_word_narrow.mem_reg_bram_2
                         LUT3 (Prop_LUT3_I1_O)        0.038     1.955 r  u_warp_scheduler/decoded_src3_reg_o[4]_INST_0/O
                         net (fo=157, unplaced)       0.281     2.236    u_warp_scheduler/decoded_src3_reg_o[1]
                         LUT3 (Prop_LUT3_I2_O)        0.038     2.274 r  u_warp_scheduler/busy_q_i_4214/O
                         net (fo=128, unplaced)       0.276     2.550    u_scoreboard/busy_q_reg_i_979_0
                         LUT5 (Prop_LUT5_I2_O)        0.037     2.587 f  u_scoreboard/busy_q_i_2279/O
                         net (fo=1, unplaced)         0.032     2.619    u_scoreboard/busy_q_i_2279_n_0
                         MUXF7 (Prop_MUXF7_I0_O)      0.069     2.688 f  u_scoreboard/busy_q_reg_i_953/O
                         net (fo=1, unplaced)         0.000     2.688    u_scoreboard/busy_q_reg_i_953_n_0
                         MUXF8 (Prop_MUXF8_I0_O)      0.030     2.718 f  u_scoreboard/busy_q_reg_i_353/O
                         net (fo=1, unplaced)         0.187     2.905    u_scoreboard/busy_q_reg_i_353_n_0
                         LUT6 (Prop_LUT6_I0_O)        0.100     3.005 f  u_scoreboard/busy_q_i_165/O
                         net (fo=1, unplaced)         0.024     3.029    u_scoreboard/busy_q_i_165_n_0
                         MUXF7 (Prop_MUXF7_I0_O)      0.067     3.096 f  u_scoreboard/busy_q_reg_i_70/O
                         net (fo=1, unplaced)         0.139     3.235    u_scoreboard/busy_q_reg_i_70_n_0
                         LUT6 (Prop_LUT6_I0_O)        0.100     3.335 f  u_scoreboard/busy_q_i_29/O
                         net (fo=2, unplaced)         0.185     3.520    u_scoreboard/hit129_in
                         LUT6 (Prop_LUT6_I0_O)        0.038     3.558 f  u_scoreboard/issue_src2_imm_q[31]_i_12/O
                         net (fo=2, unplaced)         0.185     3.743    u_scoreboard/issue_src2_imm_q[31]_i_12_n_0
                         LUT6 (Prop_LUT6_I5_O)        0.038     3.781 f  u_scoreboard/issue_src2_imm_q[31]_i_7/O
                         net (fo=1, unplaced)         0.185     3.966    u_scoreboard/hit15_out
                         LUT6 (Prop_LUT6_I1_O)        0.038     4.004 r  u_scoreboard/issue_src2_imm_q[31]_i_4/O
                         net (fo=3, unplaced)         0.191     4.195    u_scoreboard/busy_q_reg_0
                         LUT6 (Prop_LUT6_I1_O)        0.038     4.233 r  u_scoreboard/fetch_epoch_q[0][7]_i_3/O
                         net (fo=5, unplaced)         0.203     4.436    u_scoreboard/sched_halt_pending
                         LUT3 (Prop_LUT3_I0_O)        0.070     4.506 r  u_scoreboard/halt_hold_q[3]_i_3/O
                         net (fo=10, unplaced)        0.218     4.724    u_warp_scheduler/halt_hold_q_reg[3]_0
                         LUT6 (Prop_LUT6_I5_O)        0.038     4.762 r  u_warp_scheduler/fetch_epoch_q[3][7]_i_1/O
                         net (fo=8, unplaced)         0.168     4.930    u_warp_scheduler/fetch_epoch_q[3][7]_i_1_n_0
                         FDCE                                         r  u_warp_scheduler/fetch_epoch_q_reg[3][7]/CE
  -------------------------------------------------------------------    -------------------

                         (clock clk_i rise edge)      5.556     5.556 r  
                                                      0.000     5.556 r  clk_i (IN)
                         net (fo=43975, unset)        0.020     5.576    u_warp_scheduler/clk_i
                         FDCE                                         r  u_warp_scheduler/fetch_epoch_q_reg[3][7]/C
                         clock pessimism              0.000     5.576    
                         clock uncertainty           -0.035     5.541    
                         FDCE (Setup_FDCE_C_CE)      -0.061     5.480    u_warp_scheduler/fetch_epoch_q_reg[3][7]
  -------------------------------------------------------------------
                         required time                          5.480    
                         arrival time                          -4.930    
  -------------------------------------------------------------------
                         slack                                  0.550    

Slack (MET) :             0.582ns  (required time - arrival time)
  Source:                 u_imem/u_imem_xpm/xpm_memory_base_inst/gen_wr_a.gen_word_narrow.mem_reg_bram_3/CLKBWRCLK
                            (rising edge-triggered cell RAMB36E2 clocked by clk_i  {rise@0.000ns fall@2.778ns period=5.556ns})
  Destination:            u_warp_scheduler/fetch_epoch_q_reg[2][0]/CE
                            (rising edge-triggered cell FDCE clocked by clk_i  {rise@0.000ns fall@2.778ns period=5.556ns})
  Path Group:             clk_i
  Path Type:              Setup (Max at Slow Process Corner)
  Requirement:            5.556ns  (clk_i rise@5.556ns - clk_i rise@0.000ns)
  Data Path Delay:        4.822ns  (logic 1.746ns (36.209%)  route 3.076ns (63.791%))
  Logic Levels:           17  (LUT3=3 LUT4=1 LUT5=2 LUT6=8 MUXF7=2 MUXF8=1)
  Clock Path Skew:        -0.056ns (DCD - SCD + CPR)
    Destination Clock Delay (DCD):    0.020ns = ( 5.576 - 5.556 ) 
    Source Clock Delay      (SCD):    0.076ns
    Clock Pessimism Removal (CPR):    0.000ns
  Clock Uncertainty:      0.035ns  ((TSJ^2 + TIJ^2)^1/2 + DJ) / 2 + PE
    Total System Jitter     (TSJ):    0.071ns
    Total Input Jitter      (TIJ):    0.000ns
    Discrete Jitter          (DJ):    0.000ns
    Phase Error              (PE):    0.000ns

    Location             Delay type                Incr(ns)  Path(ns)    Netlist Resource(s)
  -------------------------------------------------------------------    -------------------
                         (clock clk_i rise edge)      0.000     0.000 r  
                                                      0.000     0.000 r  clk_i (IN)
                         net (fo=43975, unset)        0.076     0.076    u_imem/u_imem_xpm/xpm_memory_base_inst/clka
                         RAMB36E2                                     r  u_imem/u_imem_xpm/xpm_memory_base_inst/gen_wr_a.gen_word_narrow.mem_reg_bram_3/CLKBWRCLK
  -------------------------------------------------------------------    -------------------
                         RAMB36E2 (Prop_RAMB36E2_CLKBWRCLK_DOUTBDOUT[29])
                                                      0.863     0.939 f  u_imem/u_imem_xpm/xpm_memory_base_inst/gen_wr_a.gen_word_narrow.mem_reg_bram_3/DOUTBDOUT[29]
                         net (fo=8, unplaced)         0.219     1.158    u_warp_scheduler/if_data_o[23]
                         LUT4 (Prop_LUT4_I0_O)        0.100     1.258 f  u_warp_scheduler/decoded_src3_reg_o[7]_INST_0_i_4/O
                         net (fo=1, unplaced)         0.185     1.443    u_warp_scheduler/decoded_src3_reg_o[7]_INST_0_i_4_n_0
                         LUT5 (Prop_LUT5_I4_O)        0.038     1.481 f  u_warp_scheduler/decoded_src3_reg_o[7]_INST_0_i_3/O
                         net (fo=1, unplaced)         0.185     1.666    u_warp_scheduler/decoded_src3_reg_o[7]_INST_0_i_3_n_0
                         LUT6 (Prop_LUT6_I5_O)        0.038     1.704 r  u_warp_scheduler/decoded_src3_reg_o[7]_INST_0_i_1/O
                         net (fo=8, unplaced)         0.213     1.917    u_warp_scheduler/gen_wr_a.gen_word_narrow.mem_reg_bram_2
                         LUT3 (Prop_LUT3_I1_O)        0.038     1.955 r  u_warp_scheduler/decoded_src3_reg_o[4]_INST_0/O
                         net (fo=157, unplaced)       0.281     2.236    u_warp_scheduler/decoded_src3_reg_o[1]
                         LUT3 (Prop_LUT3_I2_O)        0.038     2.274 r  u_warp_scheduler/busy_q_i_4214/O
                         net (fo=128, unplaced)       0.276     2.550    u_scoreboard/busy_q_reg_i_979_0
                         LUT5 (Prop_LUT5_I2_O)        0.037     2.587 f  u_scoreboard/busy_q_i_2279/O
                         net (fo=1, unplaced)         0.032     2.619    u_scoreboard/busy_q_i_2279_n_0
                         MUXF7 (Prop_MUXF7_I0_O)      0.069     2.688 f  u_scoreboard/busy_q_reg_i_953/O
                         net (fo=1, unplaced)         0.000     2.688    u_scoreboard/busy_q_reg_i_953_n_0
                         MUXF8 (Prop_MUXF8_I0_O)      0.030     2.718 f  u_scoreboard/busy_q_reg_i_353/O
                         net (fo=1, unplaced)         0.187     2.905    u_scoreboard/busy_q_reg_i_353_n_0
                         LUT6 (Prop_LUT6_I0_O)        0.100     3.005 f  u_scoreboard/busy_q_i_165/O
                         net (fo=1, unplaced)         0.024     3.029    u_scoreboard/busy_q_i_165_n_0
                         MUXF7 (Prop_MUXF7_I0_O)      0.067     3.096 f  u_scoreboard/busy_q_reg_i_70/O
                         net (fo=1, unplaced)         0.139     3.235    u_scoreboard/busy_q_reg_i_70_n_0
                         LUT6 (Prop_LUT6_I0_O)        0.100     3.335 f  u_scoreboard/busy_q_i_29/O
                         net (fo=2, unplaced)         0.185     3.520    u_scoreboard/hit129_in
                         LUT6 (Prop_LUT6_I0_O)        0.038     3.558 f  u_scoreboard/issue_src2_imm_q[31]_i_12/O
                         net (fo=2, unplaced)         0.185     3.743    u_scoreboard/issue_src2_imm_q[31]_i_12_n_0
                         LUT6 (Prop_LUT6_I5_O)        0.038     3.781 f  u_scoreboard/issue_src2_imm_q[31]_i_7/O
                         net (fo=1, unplaced)         0.185     3.966    u_scoreboard/hit15_out
                         LUT6 (Prop_LUT6_I1_O)        0.038     4.004 r  u_scoreboard/issue_src2_imm_q[31]_i_4/O
                         net (fo=3, unplaced)         0.191     4.195    u_scoreboard/busy_q_reg_0
                         LUT6 (Prop_LUT6_I1_O)        0.038     4.233 r  u_scoreboard/fetch_epoch_q[0][7]_i_3/O
                         net (fo=5, unplaced)         0.203     4.436    u_scoreboard/sched_halt_pending
                         LUT3 (Prop_LUT3_I0_O)        0.038     4.474 r  u_scoreboard/halt_hold_q[2]_i_3/O
                         net (fo=10, unplaced)        0.218     4.692    u_warp_scheduler/halt_hold_q_reg[2]_1
                         LUT6 (Prop_LUT6_I5_O)        0.038     4.730 r  u_warp_scheduler/fetch_epoch_q[2][7]_i_1/O
                         net (fo=8, unplaced)         0.168     4.898    u_warp_scheduler/fetch_epoch_q[2][7]_i_1_n_0
                         FDCE                                         r  u_warp_scheduler/fetch_epoch_q_reg[2][0]/CE
  -------------------------------------------------------------------    -------------------

                         (clock clk_i rise edge)      5.556     5.556 r  
                                                      0.000     5.556 r  clk_i (IN)
                         net (fo=43975, unset)        0.020     5.576    u_warp_scheduler/clk_i
                         FDCE                                         r  u_warp_scheduler/fetch_epoch_q_reg[2][0]/C
                         clock pessimism              0.000     5.576    
                         clock uncertainty           -0.035     5.541    
                         FDCE (Setup_FDCE_C_CE)      -0.061     5.480    u_warp_scheduler/fetch_epoch_q_reg[2][0]
  -------------------------------------------------------------------
                         required time                          5.480    
                         arrival time                          -4.898    
  -------------------------------------------------------------------
                         slack                                  0.582    

Slack (MET) :             0.582ns  (required time - arrival time)
  Source:                 u_imem/u_imem_xpm/xpm_memory_base_inst/gen_wr_a.gen_word_narrow.mem_reg_bram_3/CLKBWRCLK
                            (rising edge-triggered cell RAMB36E2 clocked by clk_i  {rise@0.000ns fall@2.778ns period=5.556ns})
  Destination:            u_warp_scheduler/fetch_epoch_q_reg[2][1]/CE
                            (rising edge-triggered cell FDCE clocked by clk_i  {rise@0.000ns fall@2.778ns period=5.556ns})
  Path Group:             clk_i
  Path Type:              Setup (Max at Slow Process Corner)
  Requirement:            5.556ns  (clk_i rise@5.556ns - clk_i rise@0.000ns)
  Data Path Delay:        4.822ns  (logic 1.746ns (36.209%)  route 3.076ns (63.791%))
  Logic Levels:           17  (LUT3=3 LUT4=1 LUT5=2 LUT6=8 MUXF7=2 MUXF8=1)
  Clock Path Skew:        -0.056ns (DCD - SCD + CPR)
    Destination Clock Delay (DCD):    0.020ns = ( 5.576 - 5.556 ) 
    Source Clock Delay      (SCD):    0.076ns
    Clock Pessimism Removal (CPR):    0.000ns
  Clock Uncertainty:      0.035ns  ((TSJ^2 + TIJ^2)^1/2 + DJ) / 2 + PE
    Total System Jitter     (TSJ):    0.071ns
    Total Input Jitter      (TIJ):    0.000ns
    Discrete Jitter          (DJ):    0.000ns
    Phase Error              (PE):    0.000ns

    Location             Delay type                Incr(ns)  Path(ns)    Netlist Resource(s)
  -------------------------------------------------------------------    -------------------
                         (clock clk_i rise edge)      0.000     0.000 r  
                                                      0.000     0.000 r  clk_i (IN)
                         net (fo=43975, unset)        0.076     0.076    u_imem/u_imem_xpm/xpm_memory_base_inst/clka
                         RAMB36E2                                     r  u_imem/u_imem_xpm/xpm_memory_base_inst/gen_wr_a.gen_word_narrow.mem_reg_bram_3/CLKBWRCLK
  -------------------------------------------------------------------    -------------------
                         RAMB36E2 (Prop_RAMB36E2_CLKBWRCLK_DOUTBDOUT[29])
                                                      0.863     0.939 f  u_imem/u_imem_xpm/xpm_memory_base_inst/gen_wr_a.gen_word_narrow.mem_reg_bram_3/DOUTBDOUT[29]
                         net (fo=8, unplaced)         0.219     1.158    u_warp_scheduler/if_data_o[23]
                         LUT4 (Prop_LUT4_I0_O)        0.100     1.258 f  u_warp_scheduler/decoded_src3_reg_o[7]_INST_0_i_4/O
                         net (fo=1, unplaced)         0.185     1.443    u_warp_scheduler/decoded_src3_reg_o[7]_INST_0_i_4_n_0
                         LUT5 (Prop_LUT5_I4_O)        0.038     1.481 f  u_warp_scheduler/decoded_src3_reg_o[7]_INST_0_i_3/O
                         net (fo=1, unplaced)         0.185     1.666    u_warp_scheduler/decoded_src3_reg_o[7]_INST_0_i_3_n_0
                         LUT6 (Prop_LUT6_I5_O)        0.038     1.704 r  u_warp_scheduler/decoded_src3_reg_o[7]_INST_0_i_1/O
                         net (fo=8, unplaced)         0.213     1.917    u_warp_scheduler/gen_wr_a.gen_word_narrow.mem_reg_bram_2
                         LUT3 (Prop_LUT3_I1_O)        0.038     1.955 r  u_warp_scheduler/decoded_src3_reg_o[4]_INST_0/O
                         net (fo=157, unplaced)       0.281     2.236    u_warp_scheduler/decoded_src3_reg_o[1]
                         LUT3 (Prop_LUT3_I2_O)        0.038     2.274 r  u_warp_scheduler/busy_q_i_4214/O
                         net (fo=128, unplaced)       0.276     2.550    u_scoreboard/busy_q_reg_i_979_0
                         LUT5 (Prop_LUT5_I2_O)        0.037     2.587 f  u_scoreboard/busy_q_i_2279/O
                         net (fo=1, unplaced)         0.032     2.619    u_scoreboard/busy_q_i_2279_n_0
                         MUXF7 (Prop_MUXF7_I0_O)      0.069     2.688 f  u_scoreboard/busy_q_reg_i_953/O
                         net (fo=1, unplaced)         0.000     2.688    u_scoreboard/busy_q_reg_i_953_n_0
                         MUXF8 (Prop_MUXF8_I0_O)      0.030     2.718 f  u_scoreboard/busy_q_reg_i_353/O
                         net (fo=1, unplaced)         0.187     2.905    u_scoreboard/busy_q_reg_i_353_n_0
                         LUT6 (Prop_LUT6_I0_O)        0.100     3.005 f  u_scoreboard/busy_q_i_165/O
                         net (fo=1, unplaced)         0.024     3.029    u_scoreboard/busy_q_i_165_n_0
                         MUXF7 (Prop_MUXF7_I0_O)      0.067     3.096 f  u_scoreboard/busy_q_reg_i_70/O
                         net (fo=1, unplaced)         0.139     3.235    u_scoreboard/busy_q_reg_i_70_n_0
                         LUT6 (Prop_LUT6_I0_O)        0.100     3.335 f  u_scoreboard/busy_q_i_29/O
                         net (fo=2, unplaced)         0.185     3.520    u_scoreboard/hit129_in
                         LUT6 (Prop_LUT6_I0_O)        0.038     3.558 f  u_scoreboard/issue_src2_imm_q[31]_i_12/O
                         net (fo=2, unplaced)         0.185     3.743    u_scoreboard/issue_src2_imm_q[31]_i_12_n_0
                         LUT6 (Prop_LUT6_I5_O)        0.038     3.781 f  u_scoreboard/issue_src2_imm_q[31]_i_7/O
                         net (fo=1, unplaced)         0.185     3.966    u_scoreboard/hit15_out
                         LUT6 (Prop_LUT6_I1_O)        0.038     4.004 r  u_scoreboard/issue_src2_imm_q[31]_i_4/O
                         net (fo=3, unplaced)         0.191     4.195    u_scoreboard/busy_q_reg_0
                         LUT6 (Prop_LUT6_I1_O)        0.038     4.233 r  u_scoreboard/fetch_epoch_q[0][7]_i_3/O
                         net (fo=5, unplaced)         0.203     4.436    u_scoreboard/sched_halt_pending
                         LUT3 (Prop_LUT3_I0_O)        0.038     4.474 r  u_scoreboard/halt_hold_q[2]_i_3/O
                         net (fo=10, unplaced)        0.218     4.692    u_warp_scheduler/halt_hold_q_reg[2]_1
                         LUT6 (Prop_LUT6_I5_O)        0.038     4.730 r  u_warp_scheduler/fetch_epoch_q[2][7]_i_1/O
                         net (fo=8, unplaced)         0.168     4.898    u_warp_scheduler/fetch_epoch_q[2][7]_i_1_n_0
                         FDCE                                         r  u_warp_scheduler/fetch_epoch_q_reg[2][1]/CE
  -------------------------------------------------------------------    -------------------

                         (clock clk_i rise edge)      5.556     5.556 r  
                                                      0.000     5.556 r  clk_i (IN)
                         net (fo=43975, unset)        0.020     5.576    u_warp_scheduler/clk_i
                         FDCE                                         r  u_warp_scheduler/fetch_epoch_q_reg[2][1]/C
                         clock pessimism              0.000     5.576    
                         clock uncertainty           -0.035     5.541    
                         FDCE (Setup_FDCE_C_CE)      -0.061     5.480    u_warp_scheduler/fetch_epoch_q_reg[2][1]
  -------------------------------------------------------------------
                         required time                          5.480    
                         arrival time                          -4.898    
  -------------------------------------------------------------------
                         slack                                  0.582    

Slack (MET) :             0.582ns  (required time - arrival time)
  Source:                 u_imem/u_imem_xpm/xpm_memory_base_inst/gen_wr_a.gen_word_narrow.mem_reg_bram_3/CLKBWRCLK
                            (rising edge-triggered cell RAMB36E2 clocked by clk_i  {rise@0.000ns fall@2.778ns period=5.556ns})
  Destination:            u_warp_scheduler/fetch_epoch_q_reg[2][2]/CE
                            (rising edge-triggered cell FDCE clocked by clk_i  {rise@0.000ns fall@2.778ns period=5.556ns})
  Path Group:             clk_i
  Path Type:              Setup (Max at Slow Process Corner)
  Requirement:            5.556ns  (clk_i rise@5.556ns - clk_i rise@0.000ns)
  Data Path Delay:        4.822ns  (logic 1.746ns (36.209%)  route 3.076ns (63.791%))
  Logic Levels:           17  (LUT3=3 LUT4=1 LUT5=2 LUT6=8 MUXF7=2 MUXF8=1)
  Clock Path Skew:        -0.056ns (DCD - SCD + CPR)
    Destination Clock Delay (DCD):    0.020ns = ( 5.576 - 5.556 ) 
    Source Clock Delay      (SCD):    0.076ns
    Clock Pessimism Removal (CPR):    0.000ns
  Clock Uncertainty:      0.035ns  ((TSJ^2 + TIJ^2)^1/2 + DJ) / 2 + PE
    Total System Jitter     (TSJ):    0.071ns
    Total Input Jitter      (TIJ):    0.000ns
    Discrete Jitter          (DJ):    0.000ns
    Phase Error              (PE):    0.000ns

    Location             Delay type                Incr(ns)  Path(ns)    Netlist Resource(s)
  -------------------------------------------------------------------    -------------------
                         (clock clk_i rise edge)      0.000     0.000 r  
                                                      0.000     0.000 r  clk_i (IN)
                         net (fo=43975, unset)        0.076     0.076    u_imem/u_imem_xpm/xpm_memory_base_inst/clka
                         RAMB36E2                                     r  u_imem/u_imem_xpm/xpm_memory_base_inst/gen_wr_a.gen_word_narrow.mem_reg_bram_3/CLKBWRCLK
  -------------------------------------------------------------------    -------------------
                         RAMB36E2 (Prop_RAMB36E2_CLKBWRCLK_DOUTBDOUT[29])
                                                      0.863     0.939 f  u_imem/u_imem_xpm/xpm_memory_base_inst/gen_wr_a.gen_word_narrow.mem_reg_bram_3/DOUTBDOUT[29]
                         net (fo=8, unplaced)         0.219     1.158    u_warp_scheduler/if_data_o[23]
                         LUT4 (Prop_LUT4_I0_O)        0.100     1.258 f  u_warp_scheduler/decoded_src3_reg_o[7]_INST_0_i_4/O
                         net (fo=1, unplaced)         0.185     1.443    u_warp_scheduler/decoded_src3_reg_o[7]_INST_0_i_4_n_0
                         LUT5 (Prop_LUT5_I4_O)        0.038     1.481 f  u_warp_scheduler/decoded_src3_reg_o[7]_INST_0_i_3/O
                         net (fo=1, unplaced)         0.185     1.666    u_warp_scheduler/decoded_src3_reg_o[7]_INST_0_i_3_n_0
                         LUT6 (Prop_LUT6_I5_O)        0.038     1.704 r  u_warp_scheduler/decoded_src3_reg_o[7]_INST_0_i_1/O
                         net (fo=8, unplaced)         0.213     1.917    u_warp_scheduler/gen_wr_a.gen_word_narrow.mem_reg_bram_2
                         LUT3 (Prop_LUT3_I1_O)        0.038     1.955 r  u_warp_scheduler/decoded_src3_reg_o[4]_INST_0/O
                         net (fo=157, unplaced)       0.281     2.236    u_warp_scheduler/decoded_src3_reg_o[1]
                         LUT3 (Prop_LUT3_I2_O)        0.038     2.274 r  u_warp_scheduler/busy_q_i_4214/O
                         net (fo=128, unplaced)       0.276     2.550    u_scoreboard/busy_q_reg_i_979_0
                         LUT5 (Prop_LUT5_I2_O)        0.037     2.587 f  u_scoreboard/busy_q_i_2279/O
                         net (fo=1, unplaced)         0.032     2.619    u_scoreboard/busy_q_i_2279_n_0
                         MUXF7 (Prop_MUXF7_I0_O)      0.069     2.688 f  u_scoreboard/busy_q_reg_i_953/O
                         net (fo=1, unplaced)         0.000     2.688    u_scoreboard/busy_q_reg_i_953_n_0
                         MUXF8 (Prop_MUXF8_I0_O)      0.030     2.718 f  u_scoreboard/busy_q_reg_i_353/O
                         net (fo=1, unplaced)         0.187     2.905    u_scoreboard/busy_q_reg_i_353_n_0
                         LUT6 (Prop_LUT6_I0_O)        0.100     3.005 f  u_scoreboard/busy_q_i_165/O
                         net (fo=1, unplaced)         0.024     3.029    u_scoreboard/busy_q_i_165_n_0
                         MUXF7 (Prop_MUXF7_I0_O)      0.067     3.096 f  u_scoreboard/busy_q_reg_i_70/O
                         net (fo=1, unplaced)         0.139     3.235    u_scoreboard/busy_q_reg_i_70_n_0
                         LUT6 (Prop_LUT6_I0_O)        0.100     3.335 f  u_scoreboard/busy_q_i_29/O
                         net (fo=2, unplaced)         0.185     3.520    u_scoreboard/hit129_in
                         LUT6 (Prop_LUT6_I0_O)        0.038     3.558 f  u_scoreboard/issue_src2_imm_q[31]_i_12/O
                         net (fo=2, unplaced)         0.185     3.743    u_scoreboard/issue_src2_imm_q[31]_i_12_n_0
                         LUT6 (Prop_LUT6_I5_O)        0.038     3.781 f  u_scoreboard/issue_src2_imm_q[31]_i_7/O
                         net (fo=1, unplaced)         0.185     3.966    u_scoreboard/hit15_out
                         LUT6 (Prop_LUT6_I1_O)        0.038     4.004 r  u_scoreboard/issue_src2_imm_q[31]_i_4/O
                         net (fo=3, unplaced)         0.191     4.195    u_scoreboard/busy_q_reg_0
                         LUT6 (Prop_LUT6_I1_O)        0.038     4.233 r  u_scoreboard/fetch_epoch_q[0][7]_i_3/O
                         net (fo=5, unplaced)         0.203     4.436    u_scoreboard/sched_halt_pending
                         LUT3 (Prop_LUT3_I0_O)        0.038     4.474 r  u_scoreboard/halt_hold_q[2]_i_3/O
                         net (fo=10, unplaced)        0.218     4.692    u_warp_scheduler/halt_hold_q_reg[2]_1
                         LUT6 (Prop_LUT6_I5_O)        0.038     4.730 r  u_warp_scheduler/fetch_epoch_q[2][7]_i_1/O
                         net (fo=8, unplaced)         0.168     4.898    u_warp_scheduler/fetch_epoch_q[2][7]_i_1_n_0
                         FDCE                                         r  u_warp_scheduler/fetch_epoch_q_reg[2][2]/CE
  -------------------------------------------------------------------    -------------------

                         (clock clk_i rise edge)      5.556     5.556 r  
                                                      0.000     5.556 r  clk_i (IN)
                         net (fo=43975, unset)        0.020     5.576    u_warp_scheduler/clk_i
                         FDCE                                         r  u_warp_scheduler/fetch_epoch_q_reg[2][2]/C
                         clock pessimism              0.000     5.576    
                         clock uncertainty           -0.035     5.541    
                         FDCE (Setup_FDCE_C_CE)      -0.061     5.480    u_warp_scheduler/fetch_epoch_q_reg[2][2]
  -------------------------------------------------------------------
                         required time                          5.480    
                         arrival time                          -4.898    
  -------------------------------------------------------------------
                         slack                                  0.582    

Slack (MET) :             0.582ns  (required time - arrival time)
  Source:                 u_imem/u_imem_xpm/xpm_memory_base_inst/gen_wr_a.gen_word_narrow.mem_reg_bram_3/CLKBWRCLK
                            (rising edge-triggered cell RAMB36E2 clocked by clk_i  {rise@0.000ns fall@2.778ns period=5.556ns})
  Destination:            u_warp_scheduler/fetch_epoch_q_reg[2][3]/CE
                            (rising edge-triggered cell FDCE clocked by clk_i  {rise@0.000ns fall@2.778ns period=5.556ns})
  Path Group:             clk_i
  Path Type:              Setup (Max at Slow Process Corner)
  Requirement:            5.556ns  (clk_i rise@5.556ns - clk_i rise@0.000ns)
  Data Path Delay:        4.822ns  (logic 1.746ns (36.209%)  route 3.076ns (63.791%))
  Logic Levels:           17  (LUT3=3 LUT4=1 LUT5=2 LUT6=8 MUXF7=2 MUXF8=1)
  Clock Path Skew:        -0.056ns (DCD - SCD + CPR)
    Destination Clock Delay (DCD):    0.020ns = ( 5.576 - 5.556 ) 
    Source Clock Delay      (SCD):    0.076ns
    Clock Pessimism Removal (CPR):    0.000ns
  Clock Uncertainty:      0.035ns  ((TSJ^2 + TIJ^2)^1/2 + DJ) / 2 + PE
    Total System Jitter     (TSJ):    0.071ns
    Total Input Jitter      (TIJ):    0.000ns
    Discrete Jitter          (DJ):    0.000ns
    Phase Error              (PE):    0.000ns

    Location             Delay type                Incr(ns)  Path(ns)    Netlist Resource(s)
  -------------------------------------------------------------------    -------------------
                         (clock clk_i rise edge)      0.000     0.000 r  
                                                      0.000     0.000 r  clk_i (IN)
                         net (fo=43975, unset)        0.076     0.076    u_imem/u_imem_xpm/xpm_memory_base_inst/clka
                         RAMB36E2                                     r  u_imem/u_imem_xpm/xpm_memory_base_inst/gen_wr_a.gen_word_narrow.mem_reg_bram_3/CLKBWRCLK
  -------------------------------------------------------------------    -------------------
                         RAMB36E2 (Prop_RAMB36E2_CLKBWRCLK_DOUTBDOUT[29])
                                                      0.863     0.939 f  u_imem/u_imem_xpm/xpm_memory_base_inst/gen_wr_a.gen_word_narrow.mem_reg_bram_3/DOUTBDOUT[29]
                         net (fo=8, unplaced)         0.219     1.158    u_warp_scheduler/if_data_o[23]
                         LUT4 (Prop_LUT4_I0_O)        0.100     1.258 f  u_warp_scheduler/decoded_src3_reg_o[7]_INST_0_i_4/O
                         net (fo=1, unplaced)         0.185     1.443    u_warp_scheduler/decoded_src3_reg_o[7]_INST_0_i_4_n_0
                         LUT5 (Prop_LUT5_I4_O)        0.038     1.481 f  u_warp_scheduler/decoded_src3_reg_o[7]_INST_0_i_3/O
                         net (fo=1, unplaced)         0.185     1.666    u_warp_scheduler/decoded_src3_reg_o[7]_INST_0_i_3_n_0
                         LUT6 (Prop_LUT6_I5_O)        0.038     1.704 r  u_warp_scheduler/decoded_src3_reg_o[7]_INST_0_i_1/O
                         net (fo=8, unplaced)         0.213     1.917    u_warp_scheduler/gen_wr_a.gen_word_narrow.mem_reg_bram_2
                         LUT3 (Prop_LUT3_I1_O)        0.038     1.955 r  u_warp_scheduler/decoded_src3_reg_o[4]_INST_0/O
                         net (fo=157, unplaced)       0.281     2.236    u_warp_scheduler/decoded_src3_reg_o[1]
                         LUT3 (Prop_LUT3_I2_O)        0.038     2.274 r  u_warp_scheduler/busy_q_i_4214/O
                         net (fo=128, unplaced)       0.276     2.550    u_scoreboard/busy_q_reg_i_979_0
                         LUT5 (Prop_LUT5_I2_O)        0.037     2.587 f  u_scoreboard/busy_q_i_2279/O
                         net (fo=1, unplaced)         0.032     2.619    u_scoreboard/busy_q_i_2279_n_0
                         MUXF7 (Prop_MUXF7_I0_O)      0.069     2.688 f  u_scoreboard/busy_q_reg_i_953/O
                         net (fo=1, unplaced)         0.000     2.688    u_scoreboard/busy_q_reg_i_953_n_0
                         MUXF8 (Prop_MUXF8_I0_O)      0.030     2.718 f  u_scoreboard/busy_q_reg_i_353/O
                         net (fo=1, unplaced)         0.187     2.905    u_scoreboard/busy_q_reg_i_353_n_0
                         LUT6 (Prop_LUT6_I0_O)        0.100     3.005 f  u_scoreboard/busy_q_i_165/O
                         net (fo=1, unplaced)         0.024     3.029    u_scoreboard/busy_q_i_165_n_0
                         MUXF7 (Prop_MUXF7_I0_O)      0.067     3.096 f  u_scoreboard/busy_q_reg_i_70/O
                         net (fo=1, unplaced)         0.139     3.235    u_scoreboard/busy_q_reg_i_70_n_0
                         LUT6 (Prop_LUT6_I0_O)        0.100     3.335 f  u_scoreboard/busy_q_i_29/O
                         net (fo=2, unplaced)         0.185     3.520    u_scoreboard/hit129_in
                         LUT6 (Prop_LUT6_I0_O)        0.038     3.558 f  u_scoreboard/issue_src2_imm_q[31]_i_12/O
                         net (fo=2, unplaced)         0.185     3.743    u_scoreboard/issue_src2_imm_q[31]_i_12_n_0
                         LUT6 (Prop_LUT6_I5_O)        0.038     3.781 f  u_scoreboard/issue_src2_imm_q[31]_i_7/O
                         net (fo=1, unplaced)         0.185     3.966    u_scoreboard/hit15_out
                         LUT6 (Prop_LUT6_I1_O)        0.038     4.004 r  u_scoreboard/issue_src2_imm_q[31]_i_4/O
                         net (fo=3, unplaced)         0.191     4.195    u_scoreboard/busy_q_reg_0
                         LUT6 (Prop_LUT6_I1_O)        0.038     4.233 r  u_scoreboard/fetch_epoch_q[0][7]_i_3/O
                         net (fo=5, unplaced)         0.203     4.436    u_scoreboard/sched_halt_pending
                         LUT3 (Prop_LUT3_I0_O)        0.038     4.474 r  u_scoreboard/halt_hold_q[2]_i_3/O
                         net (fo=10, unplaced)        0.218     4.692    u_warp_scheduler/halt_hold_q_reg[2]_1
                         LUT6 (Prop_LUT6_I5_O)        0.038     4.730 r  u_warp_scheduler/fetch_epoch_q[2][7]_i_1/O
                         net (fo=8, unplaced)         0.168     4.898    u_warp_scheduler/fetch_epoch_q[2][7]_i_1_n_0
                         FDCE                                         r  u_warp_scheduler/fetch_epoch_q_reg[2][3]/CE
  -------------------------------------------------------------------    -------------------

                         (clock clk_i rise edge)      5.556     5.556 r  
                                                      0.000     5.556 r  clk_i (IN)
                         net (fo=43975, unset)        0.020     5.576    u_warp_scheduler/clk_i
                         FDCE                                         r  u_warp_scheduler/fetch_epoch_q_reg[2][3]/C
                         clock pessimism              0.000     5.576    
                         clock uncertainty           -0.035     5.541    
                         FDCE (Setup_FDCE_C_CE)      -0.061     5.480    u_warp_scheduler/fetch_epoch_q_reg[2][3]
  -------------------------------------------------------------------
                         required time                          5.480    
                         arrival time                          -4.898    
  -------------------------------------------------------------------
                         slack                                  0.582    




