Copyright 1986-2022 Xilinx, Inc. All Rights Reserved. Copyright 2022-2023 Advanced Micro Devices, Inc. All Rights Reserved.
--------------------------------------------------------------------------------------------------------------------------------------------------
| Tool Version      : Vivado v.2023.1 (lin64) Build 3865809 Sun May  7 15:04:56 MDT 2023
| Date              : Sun Aug  2 13:33:03 2026
| Host              : localhost.localdomain running 64-bit CentOS Linux release 7.9.2009 (Core)
| Command           : report_timing -max_paths 20 -file cu_top_ooc_critical_paths.rpt
| Design            : cu_top
| Device            : xcu280-fsvh2892
| Speed File        : -2L  PRODUCTION 1.30 05-01-2022
| Design State      : Synthesized
| Temperature Grade : E
--------------------------------------------------------------------------------------------------------------------------------------------------

Timing Report

Slack (MET) :             0.784ns  (required time - arrival time)
  Source:                 u_imem/u_imem_xpm/xpm_memory_base_inst/gen_wr_a.gen_word_narrow.mem_reg_bram_3/CLKBWRCLK
                            (rising edge-triggered cell RAMB36E2 clocked by clk_i  {rise@0.000ns fall@2.778ns period=5.556ns})
  Destination:            u_warp_scheduler/fetch_epoch_q_reg[1][0]/CE
                            (rising edge-triggered cell FDCE clocked by clk_i  {rise@0.000ns fall@2.778ns period=5.556ns})
  Path Group:             clk_i
  Path Type:              Setup (Max at Slow Process Corner)
  Requirement:            5.556ns  (clk_i rise@5.556ns - clk_i rise@0.000ns)
  Data Path Delay:        4.620ns  (logic 1.868ns (40.433%)  route 2.752ns (59.567%))
  Logic Levels:           15  (LUT3=2 LUT4=1 LUT5=3 LUT6=7 MUXF7=1 MUXF8=1)
  Clock Path Skew:        -0.056ns (DCD - SCD + CPR)
    Destination Clock Delay (DCD):    0.020ns = ( 5.576 - 5.556 ) 
    Source Clock Delay      (SCD):    0.076ns
    Clock Pessimism Removal (CPR):    0.000ns
  Clock Uncertainty:      0.035ns  ((TSJ^2 + TIJ^2)^1/2 + DJ) / 2 + PE
    Total System Jitter     (TSJ):    0.071ns
    Total Input Jitter      (TIJ):    0.000ns
    Discrete Jitter          (DJ):    0.000ns
    Phase Error              (PE):    0.000ns

    Location             Delay type                Incr(ns)  Path(ns)    Netlist Resource(s)
  -------------------------------------------------------------------    -------------------
                         (clock clk_i rise edge)      0.000     0.000 r  
                                                      0.000     0.000 r  clk_i (IN)
                         net (fo=43396, unset)        0.076     0.076    u_imem/u_imem_xpm/xpm_memory_base_inst/clka
                         RAMB36E2                                     r  u_imem/u_imem_xpm/xpm_memory_base_inst/gen_wr_a.gen_word_narrow.mem_reg_bram_3/CLKBWRCLK
  -------------------------------------------------------------------    -------------------
                         RAMB36E2 (Prop_RAMB36E2_CLKBWRCLK_DOUTBDOUT[29])
                                                      0.863     0.939 f  u_imem/u_imem_xpm/xpm_memory_base_inst/gen_wr_a.gen_word_narrow.mem_reg_bram_3/DOUTBDOUT[29]
                         net (fo=8, unplaced)         0.219     1.158    u_issue_stage/if_data_o[30]
                         LUT4 (Prop_LUT4_I0_O)        0.139     1.297 f  u_issue_stage/decoded_src3_reg_o[7]_INST_0_i_4/O
                         net (fo=1, unplaced)         0.185     1.482    u_issue_stage/decoded_src3_reg_o[7]_INST_0_i_4_n_0
                         LUT5 (Prop_LUT5_I4_O)        0.070     1.552 f  u_issue_stage/decoded_src3_reg_o[7]_INST_0_i_3/O
                         net (fo=1, unplaced)         0.185     1.737    u_issue_stage/decoded_src3_reg_o[7]_INST_0_i_3_n_0
                         LUT6 (Prop_LUT6_I5_O)        0.038     1.775 r  u_issue_stage/decoded_src3_reg_o[7]_INST_0_i_1/O
                         net (fo=17, unplaced)        0.230     2.005    u_issue_stage/gen_wr_a.gen_word_narrow.mem_reg_bram_2
                         LUT3 (Prop_LUT3_I1_O)        0.038     2.043 r  u_issue_stage/busy_q_i_2450/O
                         net (fo=128, unplaced)       0.276     2.319    u_scoreboard/busy_q_i_1101_0
                         LUT5 (Prop_LUT5_I2_O)        0.038     2.357 f  u_scoreboard/busy_q_i_2186/O
                         net (fo=4, unplaced)         0.153     2.510    u_scoreboard/busy_q_i_2186_n_0
                         LUT6 (Prop_LUT6_I0_O)        0.099     2.609 f  u_scoreboard/busy_q_i_1098/O
                         net (fo=1, unplaced)         0.032     2.641    u_scoreboard/busy_q_i_1098_n_0
                         MUXF7 (Prop_MUXF7_I0_O)      0.069     2.710 f  u_scoreboard/busy_q_reg_i_441/O
                         net (fo=1, unplaced)         0.000     2.710    u_scoreboard/busy_q_reg_i_441_n_0
                         MUXF8 (Prop_MUXF8_I0_O)      0.030     2.740 f  u_scoreboard/busy_q_reg_i_180/O
                         net (fo=1, unplaced)         0.187     2.927    u_scoreboard/busy_q_reg_i_180_n_0
                         LUT6 (Prop_LUT6_I0_O)        0.100     3.027 f  u_scoreboard/busy_q_i_76/O
                         net (fo=1, unplaced)         0.141     3.168    u_scoreboard/busy_q_i_76_n_0
                         LUT6 (Prop_LUT6_I0_O)        0.100     3.268 f  u_scoreboard/busy_q_i_35/O
                         net (fo=1, unplaced)         0.141     3.409    u_scoreboard/busy_q_i_35_n_0
                         LUT5 (Prop_LUT5_I1_O)        0.100     3.509 f  u_scoreboard/busy_q_i_11/O
                         net (fo=2, unplaced)         0.185     3.694    u_scoreboard/raw_src3
                         LUT6 (Prop_LUT6_I1_O)        0.038     3.732 r  u_scoreboard/issue_src2_imm_q[31]_i_4/O
                         net (fo=16, unplaced)        0.229     3.961    u_scoreboard/busy_q_reg_0
                         LUT6 (Prop_LUT6_I0_O)        0.038     3.999 r  u_scoreboard/fetch_epoch_q[0][7]_i_3/O
                         net (fo=5, unplaced)         0.203     4.202    u_scoreboard/sched_halt_pending
                         LUT3 (Prop_LUT3_I0_O)        0.070     4.272 r  u_scoreboard/halt_hold_q[1]_i_3/O
                         net (fo=10, unplaced)        0.218     4.490    u_warp_scheduler/halt_hold_q_reg[1]_1
                         LUT6 (Prop_LUT6_I5_O)        0.038     4.528 r  u_warp_scheduler/fetch_epoch_q[1][7]_i_1/O
                         net (fo=8, unplaced)         0.168     4.696    u_warp_scheduler/fetch_epoch_q[1][7]_i_1_n_0
                         FDCE                                         r  u_warp_scheduler/fetch_epoch_q_reg[1][0]/CE
  -------------------------------------------------------------------    -------------------

                         (clock clk_i rise edge)      5.556     5.556 r  
                                                      0.000     5.556 r  clk_i (IN)
                         net (fo=43396, unset)        0.020     5.576    u_warp_scheduler/clk_i
                         FDCE                                         r  u_warp_scheduler/fetch_epoch_q_reg[1][0]/C
                         clock pessimism              0.000     5.576    
                         clock uncertainty           -0.035     5.541    
                         FDCE (Setup_FDCE_C_CE)      -0.061     5.480    u_warp_scheduler/fetch_epoch_q_reg[1][0]
  -------------------------------------------------------------------
                         required time                          5.480    
                         arrival time                          -4.696    
  -------------------------------------------------------------------
                         slack                                  0.784    

Slack (MET) :             0.784ns  (required time - arrival time)
  Source:                 u_imem/u_imem_xpm/xpm_memory_base_inst/gen_wr_a.gen_word_narrow.mem_reg_bram_3/CLKBWRCLK
                            (rising edge-triggered cell RAMB36E2 clocked by clk_i  {rise@0.000ns fall@2.778ns period=5.556ns})
  Destination:            u_warp_scheduler/fetch_epoch_q_reg[1][1]/CE
                            (rising edge-triggered cell FDCE clocked by clk_i  {rise@0.000ns fall@2.778ns period=5.556ns})
  Path Group:             clk_i
  Path Type:              Setup (Max at Slow Process Corner)
  Requirement:            5.556ns  (clk_i rise@5.556ns - clk_i rise@0.000ns)
  Data Path Delay:        4.620ns  (logic 1.868ns (40.433%)  route 2.752ns (59.567%))
  Logic Levels:           15  (LUT3=2 LUT4=1 LUT5=3 LUT6=7 MUXF7=1 MUXF8=1)
  Clock Path Skew:        -0.056ns (DCD - SCD + CPR)
    Destination Clock Delay (DCD):    0.020ns = ( 5.576 - 5.556 ) 
    Source Clock Delay      (SCD):    0.076ns
    Clock Pessimism Removal (CPR):    0.000ns
  Clock Uncertainty:      0.035ns  ((TSJ^2 + TIJ^2)^1/2 + DJ) / 2 + PE
    Total System Jitter     (TSJ):    0.071ns
    Total Input Jitter      (TIJ):    0.000ns
    Discrete Jitter          (DJ):    0.000ns
    Phase Error              (PE):    0.000ns

    Location             Delay type                Incr(ns)  Path(ns)    Netlist Resource(s)
  -------------------------------------------------------------------    -------------------
                         (clock clk_i rise edge)      0.000     0.000 r  
                                                      0.000     0.000 r  clk_i (IN)
                         net (fo=43396, unset)        0.076     0.076    u_imem/u_imem_xpm/xpm_memory_base_inst/clka
                         RAMB36E2                                     r  u_imem/u_imem_xpm/xpm_memory_base_inst/gen_wr_a.gen_word_narrow.mem_reg_bram_3/CLKBWRCLK
  -------------------------------------------------------------------    -------------------
                         RAMB36E2 (Prop_RAMB36E2_CLKBWRCLK_DOUTBDOUT[29])
                                                      0.863     0.939 f  u_imem/u_imem_xpm/xpm_memory_base_inst/gen_wr_a.gen_word_narrow.mem_reg_bram_3/DOUTBDOUT[29]
                         net (fo=8, unplaced)         0.219     1.158    u_issue_stage/if_data_o[30]
                         LUT4 (Prop_LUT4_I0_O)        0.139     1.297 f  u_issue_stage/decoded_src3_reg_o[7]_INST_0_i_4/O
                         net (fo=1, unplaced)         0.185     1.482    u_issue_stage/decoded_src3_reg_o[7]_INST_0_i_4_n_0
                         LUT5 (Prop_LUT5_I4_O)        0.070     1.552 f  u_issue_stage/decoded_src3_reg_o[7]_INST_0_i_3/O
                         net (fo=1, unplaced)         0.185     1.737    u_issue_stage/decoded_src3_reg_o[7]_INST_0_i_3_n_0
                         LUT6 (Prop_LUT6_I5_O)        0.038     1.775 r  u_issue_stage/decoded_src3_reg_o[7]_INST_0_i_1/O
                         net (fo=17, unplaced)        0.230     2.005    u_issue_stage/gen_wr_a.gen_word_narrow.mem_reg_bram_2
                         LUT3 (Prop_LUT3_I1_O)        0.038     2.043 r  u_issue_stage/busy_q_i_2450/O
                         net (fo=128, unplaced)       0.276     2.319    u_scoreboard/busy_q_i_1101_0
                         LUT5 (Prop_LUT5_I2_O)        0.038     2.357 f  u_scoreboard/busy_q_i_2186/O
                         net (fo=4, unplaced)         0.153     2.510    u_scoreboard/busy_q_i_2186_n_0
                         LUT6 (Prop_LUT6_I0_O)        0.099     2.609 f  u_scoreboard/busy_q_i_1098/O
                         net (fo=1, unplaced)         0.032     2.641    u_scoreboard/busy_q_i_1098_n_0
                         MUXF7 (Prop_MUXF7_I0_O)      0.069     2.710 f  u_scoreboard/busy_q_reg_i_441/O
                         net (fo=1, unplaced)         0.000     2.710    u_scoreboard/busy_q_reg_i_441_n_0
                         MUXF8 (Prop_MUXF8_I0_O)      0.030     2.740 f  u_scoreboard/busy_q_reg_i_180/O
                         net (fo=1, unplaced)         0.187     2.927    u_scoreboard/busy_q_reg_i_180_n_0
                         LUT6 (Prop_LUT6_I0_O)        0.100     3.027 f  u_scoreboard/busy_q_i_76/O
                         net (fo=1, unplaced)         0.141     3.168    u_scoreboard/busy_q_i_76_n_0
                         LUT6 (Prop_LUT6_I0_O)        0.100     3.268 f  u_scoreboard/busy_q_i_35/O
                         net (fo=1, unplaced)         0.141     3.409    u_scoreboard/busy_q_i_35_n_0
                         LUT5 (Prop_LUT5_I1_O)        0.100     3.509 f  u_scoreboard/busy_q_i_11/O
                         net (fo=2, unplaced)         0.185     3.694    u_scoreboard/raw_src3
                         LUT6 (Prop_LUT6_I1_O)        0.038     3.732 r  u_scoreboard/issue_src2_imm_q[31]_i_4/O
                         net (fo=16, unplaced)        0.229     3.961    u_scoreboard/busy_q_reg_0
                         LUT6 (Prop_LUT6_I0_O)        0.038     3.999 r  u_scoreboard/fetch_epoch_q[0][7]_i_3/O
                         net (fo=5, unplaced)         0.203     4.202    u_scoreboard/sched_halt_pending
                         LUT3 (Prop_LUT3_I0_O)        0.070     4.272 r  u_scoreboard/halt_hold_q[1]_i_3/O
                         net (fo=10, unplaced)        0.218     4.490    u_warp_scheduler/halt_hold_q_reg[1]_1
                         LUT6 (Prop_LUT6_I5_O)        0.038     4.528 r  u_warp_scheduler/fetch_epoch_q[1][7]_i_1/O
                         net (fo=8, unplaced)         0.168     4.696    u_warp_scheduler/fetch_epoch_q[1][7]_i_1_n_0
                         FDCE                                         r  u_warp_scheduler/fetch_epoch_q_reg[1][1]/CE
  -------------------------------------------------------------------    -------------------

                         (clock clk_i rise edge)      5.556     5.556 r  
                                                      0.000     5.556 r  clk_i (IN)
                         net (fo=43396, unset)        0.020     5.576    u_warp_scheduler/clk_i
                         FDCE                                         r  u_warp_scheduler/fetch_epoch_q_reg[1][1]/C
                         clock pessimism              0.000     5.576    
                         clock uncertainty           -0.035     5.541    
                         FDCE (Setup_FDCE_C_CE)      -0.061     5.480    u_warp_scheduler/fetch_epoch_q_reg[1][1]
  -------------------------------------------------------------------
                         required time                          5.480    
                         arrival time                          -4.696    
  -------------------------------------------------------------------
                         slack                                  0.784    

Slack (MET) :             0.784ns  (required time - arrival time)
  Source:                 u_imem/u_imem_xpm/xpm_memory_base_inst/gen_wr_a.gen_word_narrow.mem_reg_bram_3/CLKBWRCLK
                            (rising edge-triggered cell RAMB36E2 clocked by clk_i  {rise@0.000ns fall@2.778ns period=5.556ns})
  Destination:            u_warp_scheduler/fetch_epoch_q_reg[1][2]/CE
                            (rising edge-triggered cell FDCE clocked by clk_i  {rise@0.000ns fall@2.778ns period=5.556ns})
  Path Group:             clk_i
  Path Type:              Setup (Max at Slow Process Corner)
  Requirement:            5.556ns  (clk_i rise@5.556ns - clk_i rise@0.000ns)
  Data Path Delay:        4.620ns  (logic 1.868ns (40.433%)  route 2.752ns (59.567%))
  Logic Levels:           15  (LUT3=2 LUT4=1 LUT5=3 LUT6=7 MUXF7=1 MUXF8=1)
  Clock Path Skew:        -0.056ns (DCD - SCD + CPR)
    Destination Clock Delay (DCD):    0.020ns = ( 5.576 - 5.556 ) 
    Source Clock Delay      (SCD):    0.076ns
    Clock Pessimism Removal (CPR):    0.000ns
  Clock Uncertainty:      0.035ns  ((TSJ^2 + TIJ^2)^1/2 + DJ) / 2 + PE
    Total System Jitter     (TSJ):    0.071ns
    Total Input Jitter      (TIJ):    0.000ns
    Discrete Jitter          (DJ):    0.000ns
    Phase Error              (PE):    0.000ns

    Location             Delay type                Incr(ns)  Path(ns)    Netlist Resource(s)
  -------------------------------------------------------------------    -------------------
                         (clock clk_i rise edge)      0.000     0.000 r  
                                                      0.000     0.000 r  clk_i (IN)
                         net (fo=43396, unset)        0.076     0.076    u_imem/u_imem_xpm/xpm_memory_base_inst/clka
                         RAMB36E2                                     r  u_imem/u_imem_xpm/xpm_memory_base_inst/gen_wr_a.gen_word_narrow.mem_reg_bram_3/CLKBWRCLK
  -------------------------------------------------------------------    -------------------
                         RAMB36E2 (Prop_RAMB36E2_CLKBWRCLK_DOUTBDOUT[29])
                                                      0.863     0.939 f  u_imem/u_imem_xpm/xpm_memory_base_inst/gen_wr_a.gen_word_narrow.mem_reg_bram_3/DOUTBDOUT[29]
                         net (fo=8, unplaced)         0.219     1.158    u_issue_stage/if_data_o[30]
                         LUT4 (Prop_LUT4_I0_O)        0.139     1.297 f  u_issue_stage/decoded_src3_reg_o[7]_INST_0_i_4/O
                         net (fo=1, unplaced)         0.185     1.482    u_issue_stage/decoded_src3_reg_o[7]_INST_0_i_4_n_0
                         LUT5 (Prop_LUT5_I4_O)        0.070     1.552 f  u_issue_stage/decoded_src3_reg_o[7]_INST_0_i_3/O
                         net (fo=1, unplaced)         0.185     1.737    u_issue_stage/decoded_src3_reg_o[7]_INST_0_i_3_n_0
                         LUT6 (Prop_LUT6_I5_O)        0.038     1.775 r  u_issue_stage/decoded_src3_reg_o[7]_INST_0_i_1/O
                         net (fo=17, unplaced)        0.230     2.005    u_issue_stage/gen_wr_a.gen_word_narrow.mem_reg_bram_2
                         LUT3 (Prop_LUT3_I1_O)        0.038     2.043 r  u_issue_stage/busy_q_i_2450/O
                         net (fo=128, unplaced)       0.276     2.319    u_scoreboard/busy_q_i_1101_0
                         LUT5 (Prop_LUT5_I2_O)        0.038     2.357 f  u_scoreboard/busy_q_i_2186/O
                         net (fo=4, unplaced)         0.153     2.510    u_scoreboard/busy_q_i_2186_n_0
                         LUT6 (Prop_LUT6_I0_O)        0.099     2.609 f  u_scoreboard/busy_q_i_1098/O
                         net (fo=1, unplaced)         0.032     2.641    u_scoreboard/busy_q_i_1098_n_0
                         MUXF7 (Prop_MUXF7_I0_O)      0.069     2.710 f  u_scoreboard/busy_q_reg_i_441/O
                         net (fo=1, unplaced)         0.000     2.710    u_scoreboard/busy_q_reg_i_441_n_0
                         MUXF8 (Prop_MUXF8_I0_O)      0.030     2.740 f  u_scoreboard/busy_q_reg_i_180/O
                         net (fo=1, unplaced)         0.187     2.927    u_scoreboard/busy_q_reg_i_180_n_0
                         LUT6 (Prop_LUT6_I0_O)        0.100     3.027 f  u_scoreboard/busy_q_i_76/O
                         net (fo=1, unplaced)         0.141     3.168    u_scoreboard/busy_q_i_76_n_0
                         LUT6 (Prop_LUT6_I0_O)        0.100     3.268 f  u_scoreboard/busy_q_i_35/O
                         net (fo=1, unplaced)         0.141     3.409    u_scoreboard/busy_q_i_35_n_0
                         LUT5 (Prop_LUT5_I1_O)        0.100     3.509 f  u_scoreboard/busy_q_i_11/O
                         net (fo=2, unplaced)         0.185     3.694    u_scoreboard/raw_src3
                         LUT6 (Prop_LUT6_I1_O)        0.038     3.732 r  u_scoreboard/issue_src2_imm_q[31]_i_4/O
                         net (fo=16, unplaced)        0.229     3.961    u_scoreboard/busy_q_reg_0
                         LUT6 (Prop_LUT6_I0_O)        0.038     3.999 r  u_scoreboard/fetch_epoch_q[0][7]_i_3/O
                         net (fo=5, unplaced)         0.203     4.202    u_scoreboard/sched_halt_pending
                         LUT3 (Prop_LUT3_I0_O)        0.070     4.272 r  u_scoreboard/halt_hold_q[1]_i_3/O
                         net (fo=10, unplaced)        0.218     4.490    u_warp_scheduler/halt_hold_q_reg[1]_1
                         LUT6 (Prop_LUT6_I5_O)        0.038     4.528 r  u_warp_scheduler/fetch_epoch_q[1][7]_i_1/O
                         net (fo=8, unplaced)         0.168     4.696    u_warp_scheduler/fetch_epoch_q[1][7]_i_1_n_0
                         FDCE                                         r  u_warp_scheduler/fetch_epoch_q_reg[1][2]/CE
  -------------------------------------------------------------------    -------------------

                         (clock clk_i rise edge)      5.556     5.556 r  
                                                      0.000     5.556 r  clk_i (IN)
                         net (fo=43396, unset)        0.020     5.576    u_warp_scheduler/clk_i
                         FDCE                                         r  u_warp_scheduler/fetch_epoch_q_reg[1][2]/C
                         clock pessimism              0.000     5.576    
                         clock uncertainty           -0.035     5.541    
                         FDCE (Setup_FDCE_C_CE)      -0.061     5.480    u_warp_scheduler/fetch_epoch_q_reg[1][2]
  -------------------------------------------------------------------
                         required time                          5.480    
                         arrival time                          -4.696    
  -------------------------------------------------------------------
                         slack                                  0.784    

Slack (MET) :             0.784ns  (required time - arrival time)
  Source:                 u_imem/u_imem_xpm/xpm_memory_base_inst/gen_wr_a.gen_word_narrow.mem_reg_bram_3/CLKBWRCLK
                            (rising edge-triggered cell RAMB36E2 clocked by clk_i  {rise@0.000ns fall@2.778ns period=5.556ns})
  Destination:            u_warp_scheduler/fetch_epoch_q_reg[1][3]/CE
                            (rising edge-triggered cell FDCE clocked by clk_i  {rise@0.000ns fall@2.778ns period=5.556ns})
  Path Group:             clk_i
  Path Type:              Setup (Max at Slow Process Corner)
  Requirement:            5.556ns  (clk_i rise@5.556ns - clk_i rise@0.000ns)
  Data Path Delay:        4.620ns  (logic 1.868ns (40.433%)  route 2.752ns (59.567%))
  Logic Levels:           15  (LUT3=2 LUT4=1 LUT5=3 LUT6=7 MUXF7=1 MUXF8=1)
  Clock Path Skew:        -0.056ns (DCD - SCD + CPR)
    Destination Clock Delay (DCD):    0.020ns = ( 5.576 - 5.556 ) 
    Source Clock Delay      (SCD):    0.076ns
    Clock Pessimism Removal (CPR):    0.000ns
  Clock Uncertainty:      0.035ns  ((TSJ^2 + TIJ^2)^1/2 + DJ) / 2 + PE
    Total System Jitter     (TSJ):    0.071ns
    Total Input Jitter      (TIJ):    0.000ns
    Discrete Jitter          (DJ):    0.000ns
    Phase Error              (PE):    0.000ns

    Location             Delay type                Incr(ns)  Path(ns)    Netlist Resource(s)
  -------------------------------------------------------------------    -------------------
                         (clock clk_i rise edge)      0.000     0.000 r  
                                                      0.000     0.000 r  clk_i (IN)
                         net (fo=43396, unset)        0.076     0.076    u_imem/u_imem_xpm/xpm_memory_base_inst/clka
                         RAMB36E2                                     r  u_imem/u_imem_xpm/xpm_memory_base_inst/gen_wr_a.gen_word_narrow.mem_reg_bram_3/CLKBWRCLK
  -------------------------------------------------------------------    -------------------
                         RAMB36E2 (Prop_RAMB36E2_CLKBWRCLK_DOUTBDOUT[29])
                                                      0.863     0.939 f  u_imem/u_imem_xpm/xpm_memory_base_inst/gen_wr_a.gen_word_narrow.mem_reg_bram_3/DOUTBDOUT[29]
                         net (fo=8, unplaced)         0.219     1.158    u_issue_stage/if_data_o[30]
                         LUT4 (Prop_LUT4_I0_O)        0.139     1.297 f  u_issue_stage/decoded_src3_reg_o[7]_INST_0_i_4/O
                         net (fo=1, unplaced)         0.185     1.482    u_issue_stage/decoded_src3_reg_o[7]_INST_0_i_4_n_0
                         LUT5 (Prop_LUT5_I4_O)        0.070     1.552 f  u_issue_stage/decoded_src3_reg_o[7]_INST_0_i_3/O
                         net (fo=1, unplaced)         0.185     1.737    u_issue_stage/decoded_src3_reg_o[7]_INST_0_i_3_n_0
                         LUT6 (Prop_LUT6_I5_O)        0.038     1.775 r  u_issue_stage/decoded_src3_reg_o[7]_INST_0_i_1/O
                         net (fo=17, unplaced)        0.230     2.005    u_issue_stage/gen_wr_a.gen_word_narrow.mem_reg_bram_2
                         LUT3 (Prop_LUT3_I1_O)        0.038     2.043 r  u_issue_stage/busy_q_i_2450/O
                         net (fo=128, unplaced)       0.276     2.319    u_scoreboard/busy_q_i_1101_0
                         LUT5 (Prop_LUT5_I2_O)        0.038     2.357 f  u_scoreboard/busy_q_i_2186/O
                         net (fo=4, unplaced)         0.153     2.510    u_scoreboard/busy_q_i_2186_n_0
                         LUT6 (Prop_LUT6_I0_O)        0.099     2.609 f  u_scoreboard/busy_q_i_1098/O
                         net (fo=1, unplaced)         0.032     2.641    u_scoreboard/busy_q_i_1098_n_0
                         MUXF7 (Prop_MUXF7_I0_O)      0.069     2.710 f  u_scoreboard/busy_q_reg_i_441/O
                         net (fo=1, unplaced)         0.000     2.710    u_scoreboard/busy_q_reg_i_441_n_0
                         MUXF8 (Prop_MUXF8_I0_O)      0.030     2.740 f  u_scoreboard/busy_q_reg_i_180/O
                         net (fo=1, unplaced)         0.187     2.927    u_scoreboard/busy_q_reg_i_180_n_0
                         LUT6 (Prop_LUT6_I0_O)        0.100     3.027 f  u_scoreboard/busy_q_i_76/O
                         net (fo=1, unplaced)         0.141     3.168    u_scoreboard/busy_q_i_76_n_0
                         LUT6 (Prop_LUT6_I0_O)        0.100     3.268 f  u_scoreboard/busy_q_i_35/O
                         net (fo=1, unplaced)         0.141     3.409    u_scoreboard/busy_q_i_35_n_0
                         LUT5 (Prop_LUT5_I1_O)        0.100     3.509 f  u_scoreboard/busy_q_i_11/O
                         net (fo=2, unplaced)         0.185     3.694    u_scoreboard/raw_src3
                         LUT6 (Prop_LUT6_I1_O)        0.038     3.732 r  u_scoreboard/issue_src2_imm_q[31]_i_4/O
                         net (fo=16, unplaced)        0.229     3.961    u_scoreboard/busy_q_reg_0
                         LUT6 (Prop_LUT6_I0_O)        0.038     3.999 r  u_scoreboard/fetch_epoch_q[0][7]_i_3/O
                         net (fo=5, unplaced)         0.203     4.202    u_scoreboard/sched_halt_pending
                         LUT3 (Prop_LUT3_I0_O)        0.070     4.272 r  u_scoreboard/halt_hold_q[1]_i_3/O
                         net (fo=10, unplaced)        0.218     4.490    u_warp_scheduler/halt_hold_q_reg[1]_1
                         LUT6 (Prop_LUT6_I5_O)        0.038     4.528 r  u_warp_scheduler/fetch_epoch_q[1][7]_i_1/O
                         net (fo=8, unplaced)         0.168     4.696    u_warp_scheduler/fetch_epoch_q[1][7]_i_1_n_0
                         FDCE                                         r  u_warp_scheduler/fetch_epoch_q_reg[1][3]/CE
  -------------------------------------------------------------------    -------------------

                         (clock clk_i rise edge)      5.556     5.556 r  
                                                      0.000     5.556 r  clk_i (IN)
                         net (fo=43396, unset)        0.020     5.576    u_warp_scheduler/clk_i
                         FDCE                                         r  u_warp_scheduler/fetch_epoch_q_reg[1][3]/C
                         clock pessimism              0.000     5.576    
                         clock uncertainty           -0.035     5.541    
                         FDCE (Setup_FDCE_C_CE)      -0.061     5.480    u_warp_scheduler/fetch_epoch_q_reg[1][3]
  -------------------------------------------------------------------
                         required time                          5.480    
                         arrival time                          -4.696    
  -------------------------------------------------------------------
                         slack                                  0.784    

Slack (MET) :             0.784ns  (required time - arrival time)
  Source:                 u_imem/u_imem_xpm/xpm_memory_base_inst/gen_wr_a.gen_word_narrow.mem_reg_bram_3/CLKBWRCLK
                            (rising edge-triggered cell RAMB36E2 clocked by clk_i  {rise@0.000ns fall@2.778ns period=5.556ns})
  Destination:            u_warp_scheduler/fetch_epoch_q_reg[1][4]/CE
                            (rising edge-triggered cell FDCE clocked by clk_i  {rise@0.000ns fall@2.778ns period=5.556ns})
  Path Group:             clk_i
  Path Type:              Setup (Max at Slow Process Corner)
  Requirement:            5.556ns  (clk_i rise@5.556ns - clk_i rise@0.000ns)
  Data Path Delay:        4.620ns  (logic 1.868ns (40.433%)  route 2.752ns (59.567%))
  Logic Levels:           15  (LUT3=2 LUT4=1 LUT5=3 LUT6=7 MUXF7=1 MUXF8=1)
  Clock Path Skew:        -0.056ns (DCD - SCD + CPR)
    Destination Clock Delay (DCD):    0.020ns = ( 5.576 - 5.556 ) 
    Source Clock Delay      (SCD):    0.076ns
    Clock Pessimism Removal (CPR):    0.000ns
  Clock Uncertainty:      0.035ns  ((TSJ^2 + TIJ^2)^1/2 + DJ) / 2 + PE
    Total System Jitter     (TSJ):    0.071ns
    Total Input Jitter      (TIJ):    0.000ns
    Discrete Jitter          (DJ):    0.000ns
    Phase Error              (PE):    0.000ns

    Location             Delay type                Incr(ns)  Path(ns)    Netlist Resource(s)
  -------------------------------------------------------------------    -------------------
                         (clock clk_i rise edge)      0.000     0.000 r  
                                                      0.000     0.000 r  clk_i (IN)
                         net (fo=43396, unset)        0.076     0.076    u_imem/u_imem_xpm/xpm_memory_base_inst/clka
                         RAMB36E2                                     r  u_imem/u_imem_xpm/xpm_memory_base_inst/gen_wr_a.gen_word_narrow.mem_reg_bram_3/CLKBWRCLK
  -------------------------------------------------------------------    -------------------
                         RAMB36E2 (Prop_RAMB36E2_CLKBWRCLK_DOUTBDOUT[29])
                                                      0.863     0.939 f  u_imem/u_imem_xpm/xpm_memory_base_inst/gen_wr_a.gen_word_narrow.mem_reg_bram_3/DOUTBDOUT[29]
                         net (fo=8, unplaced)         0.219     1.158    u_issue_stage/if_data_o[30]
                         LUT4 (Prop_LUT4_I0_O)        0.139     1.297 f  u_issue_stage/decoded_src3_reg_o[7]_INST_0_i_4/O
                         net (fo=1, unplaced)         0.185     1.482    u_issue_stage/decoded_src3_reg_o[7]_INST_0_i_4_n_0
                         LUT5 (Prop_LUT5_I4_O)        0.070     1.552 f  u_issue_stage/decoded_src3_reg_o[7]_INST_0_i_3/O
                         net (fo=1, unplaced)         0.185     1.737    u_issue_stage/decoded_src3_reg_o[7]_INST_0_i_3_n_0
                         LUT6 (Prop_LUT6_I5_O)        0.038     1.775 r  u_issue_stage/decoded_src3_reg_o[7]_INST_0_i_1/O
                         net (fo=17, unplaced)        0.230     2.005    u_issue_stage/gen_wr_a.gen_word_narrow.mem_reg_bram_2
                         LUT3 (Prop_LUT3_I1_O)        0.038     2.043 r  u_issue_stage/busy_q_i_2450/O
                         net (fo=128, unplaced)       0.276     2.319    u_scoreboard/busy_q_i_1101_0
                         LUT5 (Prop_LUT5_I2_O)        0.038     2.357 f  u_scoreboard/busy_q_i_2186/O
                         net (fo=4, unplaced)         0.153     2.510    u_scoreboard/busy_q_i_2186_n_0
                         LUT6 (Prop_LUT6_I0_O)        0.099     2.609 f  u_scoreboard/busy_q_i_1098/O
                         net (fo=1, unplaced)         0.032     2.641    u_scoreboard/busy_q_i_1098_n_0
                         MUXF7 (Prop_MUXF7_I0_O)      0.069     2.710 f  u_scoreboard/busy_q_reg_i_441/O
                         net (fo=1, unplaced)         0.000     2.710    u_scoreboard/busy_q_reg_i_441_n_0
                         MUXF8 (Prop_MUXF8_I0_O)      0.030     2.740 f  u_scoreboard/busy_q_reg_i_180/O
                         net (fo=1, unplaced)         0.187     2.927    u_scoreboard/busy_q_reg_i_180_n_0
                         LUT6 (Prop_LUT6_I0_O)        0.100     3.027 f  u_scoreboard/busy_q_i_76/O
                         net (fo=1, unplaced)         0.141     3.168    u_scoreboard/busy_q_i_76_n_0
                         LUT6 (Prop_LUT6_I0_O)        0.100     3.268 f  u_scoreboard/busy_q_i_35/O
                         net (fo=1, unplaced)         0.141     3.409    u_scoreboard/busy_q_i_35_n_0
                         LUT5 (Prop_LUT5_I1_O)        0.100     3.509 f  u_scoreboard/busy_q_i_11/O
                         net (fo=2, unplaced)         0.185     3.694    u_scoreboard/raw_src3
                         LUT6 (Prop_LUT6_I1_O)        0.038     3.732 r  u_scoreboard/issue_src2_imm_q[31]_i_4/O
                         net (fo=16, unplaced)        0.229     3.961    u_scoreboard/busy_q_reg_0
                         LUT6 (Prop_LUT6_I0_O)        0.038     3.999 r  u_scoreboard/fetch_epoch_q[0][7]_i_3/O
                         net (fo=5, unplaced)         0.203     4.202    u_scoreboard/sched_halt_pending
                         LUT3 (Prop_LUT3_I0_O)        0.070     4.272 r  u_scoreboard/halt_hold_q[1]_i_3/O
                         net (fo=10, unplaced)        0.218     4.490    u_warp_scheduler/halt_hold_q_reg[1]_1
                         LUT6 (Prop_LUT6_I5_O)        0.038     4.528 r  u_warp_scheduler/fetch_epoch_q[1][7]_i_1/O
                         net (fo=8, unplaced)         0.168     4.696    u_warp_scheduler/fetch_epoch_q[1][7]_i_1_n_0
                         FDCE                                         r  u_warp_scheduler/fetch_epoch_q_reg[1][4]/CE
  -------------------------------------------------------------------    -------------------

                         (clock clk_i rise edge)      5.556     5.556 r  
                                                      0.000     5.556 r  clk_i (IN)
                         net (fo=43396, unset)        0.020     5.576    u_warp_scheduler/clk_i
                         FDCE                                         r  u_warp_scheduler/fetch_epoch_q_reg[1][4]/C
                         clock pessimism              0.000     5.576    
                         clock uncertainty           -0.035     5.541    
                         FDCE (Setup_FDCE_C_CE)      -0.061     5.480    u_warp_scheduler/fetch_epoch_q_reg[1][4]
  -------------------------------------------------------------------
                         required time                          5.480    
                         arrival time                          -4.696    
  -------------------------------------------------------------------
                         slack                                  0.784    

Slack (MET) :             0.784ns  (required time - arrival time)
  Source:                 u_imem/u_imem_xpm/xpm_memory_base_inst/gen_wr_a.gen_word_narrow.mem_reg_bram_3/CLKBWRCLK
                            (rising edge-triggered cell RAMB36E2 clocked by clk_i  {rise@0.000ns fall@2.778ns period=5.556ns})
  Destination:            u_warp_scheduler/fetch_epoch_q_reg[1][5]/CE
                            (rising edge-triggered cell FDCE clocked by clk_i  {rise@0.000ns fall@2.778ns period=5.556ns})
  Path Group:             clk_i
  Path Type:              Setup (Max at Slow Process Corner)
  Requirement:            5.556ns  (clk_i rise@5.556ns - clk_i rise@0.000ns)
  Data Path Delay:        4.620ns  (logic 1.868ns (40.433%)  route 2.752ns (59.567%))
  Logic Levels:           15  (LUT3=2 LUT4=1 LUT5=3 LUT6=7 MUXF7=1 MUXF8=1)
  Clock Path Skew:        -0.056ns (DCD - SCD + CPR)
    Destination Clock Delay (DCD):    0.020ns = ( 5.576 - 5.556 ) 
    Source Clock Delay      (SCD):    0.076ns
    Clock Pessimism Removal (CPR):    0.000ns
  Clock Uncertainty:      0.035ns  ((TSJ^2 + TIJ^2)^1/2 + DJ) / 2 + PE
    Total System Jitter     (TSJ):    0.071ns
    Total Input Jitter      (TIJ):    0.000ns
    Discrete Jitter          (DJ):    0.000ns
    Phase Error              (PE):    0.000ns

    Location             Delay type                Incr(ns)  Path(ns)    Netlist Resource(s)
  -------------------------------------------------------------------    -------------------
                         (clock clk_i rise edge)      0.000     0.000 r  
                                                      0.000     0.000 r  clk_i (IN)
                         net (fo=43396, unset)        0.076     0.076    u_imem/u_imem_xpm/xpm_memory_base_inst/clka
                         RAMB36E2                                     r  u_imem/u_imem_xpm/xpm_memory_base_inst/gen_wr_a.gen_word_narrow.mem_reg_bram_3/CLKBWRCLK
  -------------------------------------------------------------------    -------------------
                         RAMB36E2 (Prop_RAMB36E2_CLKBWRCLK_DOUTBDOUT[29])
                                                      0.863     0.939 f  u_imem/u_imem_xpm/xpm_memory_base_inst/gen_wr_a.gen_word_narrow.mem_reg_bram_3/DOUTBDOUT[29]
                         net (fo=8, unplaced)         0.219     1.158    u_issue_stage/if_data_o[30]
                         LUT4 (Prop_LUT4_I0_O)        0.139     1.297 f  u_issue_stage/decoded_src3_reg_o[7]_INST_0_i_4/O
                         net (fo=1, unplaced)         0.185     1.482    u_issue_stage/decoded_src3_reg_o[7]_INST_0_i_4_n_0
                         LUT5 (Prop_LUT5_I4_O)        0.070     1.552 f  u_issue_stage/decoded_src3_reg_o[7]_INST_0_i_3/O
                         net (fo=1, unplaced)         0.185     1.737    u_issue_stage/decoded_src3_reg_o[7]_INST_0_i_3_n_0
                         LUT6 (Prop_LUT6_I5_O)        0.038     1.775 r  u_issue_stage/decoded_src3_reg_o[7]_INST_0_i_1/O
                         net (fo=17, unplaced)        0.230     2.005    u_issue_stage/gen_wr_a.gen_word_narrow.mem_reg_bram_2
                         LUT3 (Prop_LUT3_I1_O)        0.038     2.043 r  u_issue_stage/busy_q_i_2450/O
                         net (fo=128, unplaced)       0.276     2.319    u_scoreboard/busy_q_i_1101_0
                         LUT5 (Prop_LUT5_I2_O)        0.038     2.357 f  u_scoreboard/busy_q_i_2186/O
                         net (fo=4, unplaced)         0.153     2.510    u_scoreboard/busy_q_i_2186_n_0
                         LUT6 (Prop_LUT6_I0_O)        0.099     2.609 f  u_scoreboard/busy_q_i_1098/O
                         net (fo=1, unplaced)         0.032     2.641    u_scoreboard/busy_q_i_1098_n_0
                         MUXF7 (Prop_MUXF7_I0_O)      0.069     2.710 f  u_scoreboard/busy_q_reg_i_441/O
                         net (fo=1, unplaced)         0.000     2.710    u_scoreboard/busy_q_reg_i_441_n_0
                         MUXF8 (Prop_MUXF8_I0_O)      0.030     2.740 f  u_scoreboard/busy_q_reg_i_180/O
                         net (fo=1, unplaced)         0.187     2.927    u_scoreboard/busy_q_reg_i_180_n_0
                         LUT6 (Prop_LUT6_I0_O)        0.100     3.027 f  u_scoreboard/busy_q_i_76/O
                         net (fo=1, unplaced)         0.141     3.168    u_scoreboard/busy_q_i_76_n_0
                         LUT6 (Prop_LUT6_I0_O)        0.100     3.268 f  u_scoreboard/busy_q_i_35/O
                         net (fo=1, unplaced)         0.141     3.409    u_scoreboard/busy_q_i_35_n_0
                         LUT5 (Prop_LUT5_I1_O)        0.100     3.509 f  u_scoreboard/busy_q_i_11/O
                         net (fo=2, unplaced)         0.185     3.694    u_scoreboard/raw_src3
                         LUT6 (Prop_LUT6_I1_O)        0.038     3.732 r  u_scoreboard/issue_src2_imm_q[31]_i_4/O
                         net (fo=16, unplaced)        0.229     3.961    u_scoreboard/busy_q_reg_0
                         LUT6 (Prop_LUT6_I0_O)        0.038     3.999 r  u_scoreboard/fetch_epoch_q[0][7]_i_3/O
                         net (fo=5, unplaced)         0.203     4.202    u_scoreboard/sched_halt_pending
                         LUT3 (Prop_LUT3_I0_O)        0.070     4.272 r  u_scoreboard/halt_hold_q[1]_i_3/O
                         net (fo=10, unplaced)        0.218     4.490    u_warp_scheduler/halt_hold_q_reg[1]_1
                         LUT6 (Prop_LUT6_I5_O)        0.038     4.528 r  u_warp_scheduler/fetch_epoch_q[1][7]_i_1/O
                         net (fo=8, unplaced)         0.168     4.696    u_warp_scheduler/fetch_epoch_q[1][7]_i_1_n_0
                         FDCE                                         r  u_warp_scheduler/fetch_epoch_q_reg[1][5]/CE
  -------------------------------------------------------------------    -------------------

                         (clock clk_i rise edge)      5.556     5.556 r  
                                                      0.000     5.556 r  clk_i (IN)
                         net (fo=43396, unset)        0.020     5.576    u_warp_scheduler/clk_i
                         FDCE                                         r  u_warp_scheduler/fetch_epoch_q_reg[1][5]/C
                         clock pessimism              0.000     5.576    
                         clock uncertainty           -0.035     5.541    
                         FDCE (Setup_FDCE_C_CE)      -0.061     5.480    u_warp_scheduler/fetch_epoch_q_reg[1][5]
  -------------------------------------------------------------------
                         required time                          5.480    
                         arrival time                          -4.696    
  -------------------------------------------------------------------
                         slack                                  0.784    

Slack (MET) :             0.784ns  (required time - arrival time)
  Source:                 u_imem/u_imem_xpm/xpm_memory_base_inst/gen_wr_a.gen_word_narrow.mem_reg_bram_3/CLKBWRCLK
                            (rising edge-triggered cell RAMB36E2 clocked by clk_i  {rise@0.000ns fall@2.778ns period=5.556ns})
  Destination:            u_warp_scheduler/fetch_epoch_q_reg[1][6]/CE
                            (rising edge-triggered cell FDCE clocked by clk_i  {rise@0.000ns fall@2.778ns period=5.556ns})
  Path Group:             clk_i
  Path Type:              Setup (Max at Slow Process Corner)
  Requirement:            5.556ns  (clk_i rise@5.556ns - clk_i rise@0.000ns)
  Data Path Delay:        4.620ns  (logic 1.868ns (40.433%)  route 2.752ns (59.567%))
  Logic Levels:           15  (LUT3=2 LUT4=1 LUT5=3 LUT6=7 MUXF7=1 MUXF8=1)
  Clock Path Skew:        -0.056ns (DCD - SCD + CPR)
    Destination Clock Delay (DCD):    0.020ns = ( 5.576 - 5.556 ) 
    Source Clock Delay      (SCD):    0.076ns
    Clock Pessimism Removal (CPR):    0.000ns
  Clock Uncertainty:      0.035ns  ((TSJ^2 + TIJ^2)^1/2 + DJ) / 2 + PE
    Total System Jitter     (TSJ):    0.071ns
    Total Input Jitter      (TIJ):    0.000ns
    Discrete Jitter          (DJ):    0.000ns
    Phase Error              (PE):    0.000ns

    Location             Delay type                Incr(ns)  Path(ns)    Netlist Resource(s)
  -------------------------------------------------------------------    -------------------
                         (clock clk_i rise edge)      0.000     0.000 r  
                                                      0.000     0.000 r  clk_i (IN)
                         net (fo=43396, unset)        0.076     0.076    u_imem/u_imem_xpm/xpm_memory_base_inst/clka
                         RAMB36E2                                     r  u_imem/u_imem_xpm/xpm_memory_base_inst/gen_wr_a.gen_word_narrow.mem_reg_bram_3/CLKBWRCLK
  -------------------------------------------------------------------    -------------------
                         RAMB36E2 (Prop_RAMB36E2_CLKBWRCLK_DOUTBDOUT[29])
                                                      0.863     0.939 f  u_imem/u_imem_xpm/xpm_memory_base_inst/gen_wr_a.gen_word_narrow.mem_reg_bram_3/DOUTBDOUT[29]
                         net (fo=8, unplaced)         0.219     1.158    u_issue_stage/if_data_o[30]
                         LUT4 (Prop_LUT4_I0_O)        0.139     1.297 f  u_issue_stage/decoded_src3_reg_o[7]_INST_0_i_4/O
                         net (fo=1, unplaced)         0.185     1.482    u_issue_stage/decoded_src3_reg_o[7]_INST_0_i_4_n_0
                         LUT5 (Prop_LUT5_I4_O)        0.070     1.552 f  u_issue_stage/decoded_src3_reg_o[7]_INST_0_i_3/O
                         net (fo=1, unplaced)         0.185     1.737    u_issue_stage/decoded_src3_reg_o[7]_INST_0_i_3_n_0
                         LUT6 (Prop_LUT6_I5_O)        0.038     1.775 r  u_issue_stage/decoded_src3_reg_o[7]_INST_0_i_1/O
                         net (fo=17, unplaced)        0.230     2.005    u_issue_stage/gen_wr_a.gen_word_narrow.mem_reg_bram_2
                         LUT3 (Prop_LUT3_I1_O)        0.038     2.043 r  u_issue_stage/busy_q_i_2450/O
                         net (fo=128, unplaced)       0.276     2.319    u_scoreboard/busy_q_i_1101_0
                         LUT5 (Prop_LUT5_I2_O)        0.038     2.357 f  u_scoreboard/busy_q_i_2186/O
                         net (fo=4, unplaced)         0.153     2.510    u_scoreboard/busy_q_i_2186_n_0
                         LUT6 (Prop_LUT6_I0_O)        0.099     2.609 f  u_scoreboard/busy_q_i_1098/O
                         net (fo=1, unplaced)         0.032     2.641    u_scoreboard/busy_q_i_1098_n_0
                         MUXF7 (Prop_MUXF7_I0_O)      0.069     2.710 f  u_scoreboard/busy_q_reg_i_441/O
                         net (fo=1, unplaced)         0.000     2.710    u_scoreboard/busy_q_reg_i_441_n_0
                         MUXF8 (Prop_MUXF8_I0_O)      0.030     2.740 f  u_scoreboard/busy_q_reg_i_180/O
                         net (fo=1, unplaced)         0.187     2.927    u_scoreboard/busy_q_reg_i_180_n_0
                         LUT6 (Prop_LUT6_I0_O)        0.100     3.027 f  u_scoreboard/busy_q_i_76/O
                         net (fo=1, unplaced)         0.141     3.168    u_scoreboard/busy_q_i_76_n_0
                         LUT6 (Prop_LUT6_I0_O)        0.100     3.268 f  u_scoreboard/busy_q_i_35/O
                         net (fo=1, unplaced)         0.141     3.409    u_scoreboard/busy_q_i_35_n_0
                         LUT5 (Prop_LUT5_I1_O)        0.100     3.509 f  u_scoreboard/busy_q_i_11/O
                         net (fo=2, unplaced)         0.185     3.694    u_scoreboard/raw_src3
                         LUT6 (Prop_LUT6_I1_O)        0.038     3.732 r  u_scoreboard/issue_src2_imm_q[31]_i_4/O
                         net (fo=16, unplaced)        0.229     3.961    u_scoreboard/busy_q_reg_0
                         LUT6 (Prop_LUT6_I0_O)        0.038     3.999 r  u_scoreboard/fetch_epoch_q[0][7]_i_3/O
                         net (fo=5, unplaced)         0.203     4.202    u_scoreboard/sched_halt_pending
                         LUT3 (Prop_LUT3_I0_O)        0.070     4.272 r  u_scoreboard/halt_hold_q[1]_i_3/O
                         net (fo=10, unplaced)        0.218     4.490    u_warp_scheduler/halt_hold_q_reg[1]_1
                         LUT6 (Prop_LUT6_I5_O)        0.038     4.528 r  u_warp_scheduler/fetch_epoch_q[1][7]_i_1/O
                         net (fo=8, unplaced)         0.168     4.696    u_warp_scheduler/fetch_epoch_q[1][7]_i_1_n_0
                         FDCE                                         r  u_warp_scheduler/fetch_epoch_q_reg[1][6]/CE
  -------------------------------------------------------------------    -------------------

                         (clock clk_i rise edge)      5.556     5.556 r  
                                                      0.000     5.556 r  clk_i (IN)
                         net (fo=43396, unset)        0.020     5.576    u_warp_scheduler/clk_i
                         FDCE                                         r  u_warp_scheduler/fetch_epoch_q_reg[1][6]/C
                         clock pessimism              0.000     5.576    
                         clock uncertainty           -0.035     5.541    
                         FDCE (Setup_FDCE_C_CE)      -0.061     5.480    u_warp_scheduler/fetch_epoch_q_reg[1][6]
  -------------------------------------------------------------------
                         required time                          5.480    
                         arrival time                          -4.696    
  -------------------------------------------------------------------
                         slack                                  0.784    

Slack (MET) :             0.784ns  (required time - arrival time)
  Source:                 u_imem/u_imem_xpm/xpm_memory_base_inst/gen_wr_a.gen_word_narrow.mem_reg_bram_3/CLKBWRCLK
                            (rising edge-triggered cell RAMB36E2 clocked by clk_i  {rise@0.000ns fall@2.778ns period=5.556ns})
  Destination:            u_warp_scheduler/fetch_epoch_q_reg[1][7]/CE
                            (rising edge-triggered cell FDCE clocked by clk_i  {rise@0.000ns fall@2.778ns period=5.556ns})
  Path Group:             clk_i
  Path Type:              Setup (Max at Slow Process Corner)
  Requirement:            5.556ns  (clk_i rise@5.556ns - clk_i rise@0.000ns)
  Data Path Delay:        4.620ns  (logic 1.868ns (40.433%)  route 2.752ns (59.567%))
  Logic Levels:           15  (LUT3=2 LUT4=1 LUT5=3 LUT6=7 MUXF7=1 MUXF8=1)
  Clock Path Skew:        -0.056ns (DCD - SCD + CPR)
    Destination Clock Delay (DCD):    0.020ns = ( 5.576 - 5.556 ) 
    Source Clock Delay      (SCD):    0.076ns
    Clock Pessimism Removal (CPR):    0.000ns
  Clock Uncertainty:      0.035ns  ((TSJ^2 + TIJ^2)^1/2 + DJ) / 2 + PE
    Total System Jitter     (TSJ):    0.071ns
    Total Input Jitter      (TIJ):    0.000ns
    Discrete Jitter          (DJ):    0.000ns
    Phase Error              (PE):    0.000ns

    Location             Delay type                Incr(ns)  Path(ns)    Netlist Resource(s)
  -------------------------------------------------------------------    -------------------
                         (clock clk_i rise edge)      0.000     0.000 r  
                                                      0.000     0.000 r  clk_i (IN)
                         net (fo=43396, unset)        0.076     0.076    u_imem/u_imem_xpm/xpm_memory_base_inst/clka
                         RAMB36E2                                     r  u_imem/u_imem_xpm/xpm_memory_base_inst/gen_wr_a.gen_word_narrow.mem_reg_bram_3/CLKBWRCLK
  -------------------------------------------------------------------    -------------------
                         RAMB36E2 (Prop_RAMB36E2_CLKBWRCLK_DOUTBDOUT[29])
                                                      0.863     0.939 f  u_imem/u_imem_xpm/xpm_memory_base_inst/gen_wr_a.gen_word_narrow.mem_reg_bram_3/DOUTBDOUT[29]
                         net (fo=8, unplaced)         0.219     1.158    u_issue_stage/if_data_o[30]
                         LUT4 (Prop_LUT4_I0_O)        0.139     1.297 f  u_issue_stage/decoded_src3_reg_o[7]_INST_0_i_4/O
                         net (fo=1, unplaced)         0.185     1.482    u_issue_stage/decoded_src3_reg_o[7]_INST_0_i_4_n_0
                         LUT5 (Prop_LUT5_I4_O)        0.070     1.552 f  u_issue_stage/decoded_src3_reg_o[7]_INST_0_i_3/O
                         net (fo=1, unplaced)         0.185     1.737    u_issue_stage/decoded_src3_reg_o[7]_INST_0_i_3_n_0
                         LUT6 (Prop_LUT6_I5_O)        0.038     1.775 r  u_issue_stage/decoded_src3_reg_o[7]_INST_0_i_1/O
                         net (fo=17, unplaced)        0.230     2.005    u_issue_stage/gen_wr_a.gen_word_narrow.mem_reg_bram_2
                         LUT3 (Prop_LUT3_I1_O)        0.038     2.043 r  u_issue_stage/busy_q_i_2450/O
                         net (fo=128, unplaced)       0.276     2.319    u_scoreboard/busy_q_i_1101_0
                         LUT5 (Prop_LUT5_I2_O)        0.038     2.357 f  u_scoreboard/busy_q_i_2186/O
                         net (fo=4, unplaced)         0.153     2.510    u_scoreboard/busy_q_i_2186_n_0
                         LUT6 (Prop_LUT6_I0_O)        0.099     2.609 f  u_scoreboard/busy_q_i_1098/O
                         net (fo=1, unplaced)         0.032     2.641    u_scoreboard/busy_q_i_1098_n_0
                         MUXF7 (Prop_MUXF7_I0_O)      0.069     2.710 f  u_scoreboard/busy_q_reg_i_441/O
                         net (fo=1, unplaced)         0.000     2.710    u_scoreboard/busy_q_reg_i_441_n_0
                         MUXF8 (Prop_MUXF8_I0_O)      0.030     2.740 f  u_scoreboard/busy_q_reg_i_180/O
                         net (fo=1, unplaced)         0.187     2.927    u_scoreboard/busy_q_reg_i_180_n_0
                         LUT6 (Prop_LUT6_I0_O)        0.100     3.027 f  u_scoreboard/busy_q_i_76/O
                         net (fo=1, unplaced)         0.141     3.168    u_scoreboard/busy_q_i_76_n_0
                         LUT6 (Prop_LUT6_I0_O)        0.100     3.268 f  u_scoreboard/busy_q_i_35/O
                         net (fo=1, unplaced)         0.141     3.409    u_scoreboard/busy_q_i_35_n_0
                         LUT5 (Prop_LUT5_I1_O)        0.100     3.509 f  u_scoreboard/busy_q_i_11/O
                         net (fo=2, unplaced)         0.185     3.694    u_scoreboard/raw_src3
                         LUT6 (Prop_LUT6_I1_O)        0.038     3.732 r  u_scoreboard/issue_src2_imm_q[31]_i_4/O
                         net (fo=16, unplaced)        0.229     3.961    u_scoreboard/busy_q_reg_0
                         LUT6 (Prop_LUT6_I0_O)        0.038     3.999 r  u_scoreboard/fetch_epoch_q[0][7]_i_3/O
                         net (fo=5, unplaced)         0.203     4.202    u_scoreboard/sched_halt_pending
                         LUT3 (Prop_LUT3_I0_O)        0.070     4.272 r  u_scoreboard/halt_hold_q[1]_i_3/O
                         net (fo=10, unplaced)        0.218     4.490    u_warp_scheduler/halt_hold_q_reg[1]_1
                         LUT6 (Prop_LUT6_I5_O)        0.038     4.528 r  u_warp_scheduler/fetch_epoch_q[1][7]_i_1/O
                         net (fo=8, unplaced)         0.168     4.696    u_warp_scheduler/fetch_epoch_q[1][7]_i_1_n_0
                         FDCE                                         r  u_warp_scheduler/fetch_epoch_q_reg[1][7]/CE
  -------------------------------------------------------------------    -------------------

                         (clock clk_i rise edge)      5.556     5.556 r  
                                                      0.000     5.556 r  clk_i (IN)
                         net (fo=43396, unset)        0.020     5.576    u_warp_scheduler/clk_i
                         FDCE                                         r  u_warp_scheduler/fetch_epoch_q_reg[1][7]/C
                         clock pessimism              0.000     5.576    
                         clock uncertainty           -0.035     5.541    
                         FDCE (Setup_FDCE_C_CE)      -0.061     5.480    u_warp_scheduler/fetch_epoch_q_reg[1][7]
  -------------------------------------------------------------------
                         required time                          5.480    
                         arrival time                          -4.696    
  -------------------------------------------------------------------
                         slack                                  0.784    

Slack (MET) :             0.784ns  (required time - arrival time)
  Source:                 u_imem/u_imem_xpm/xpm_memory_base_inst/gen_wr_a.gen_word_narrow.mem_reg_bram_3/CLKBWRCLK
                            (rising edge-triggered cell RAMB36E2 clocked by clk_i  {rise@0.000ns fall@2.778ns period=5.556ns})
  Destination:            u_warp_scheduler/fetch_epoch_q_reg[3][0]/CE
                            (rising edge-triggered cell FDCE clocked by clk_i  {rise@0.000ns fall@2.778ns period=5.556ns})
  Path Group:             clk_i
  Path Type:              Setup (Max at Slow Process Corner)
  Requirement:            5.556ns  (clk_i rise@5.556ns - clk_i rise@0.000ns)
  Data Path Delay:        4.620ns  (logic 1.868ns (40.433%)  route 2.752ns (59.567%))
  Logic Levels:           15  (LUT3=2 LUT4=1 LUT5=3 LUT6=7 MUXF7=1 MUXF8=1)
  Clock Path Skew:        -0.056ns (DCD - SCD + CPR)
    Destination Clock Delay (DCD):    0.020ns = ( 5.576 - 5.556 ) 
    Source Clock Delay      (SCD):    0.076ns
    Clock Pessimism Removal (CPR):    0.000ns
  Clock Uncertainty:      0.035ns  ((TSJ^2 + TIJ^2)^1/2 + DJ) / 2 + PE
    Total System Jitter     (TSJ):    0.071ns
    Total Input Jitter      (TIJ):    0.000ns
    Discrete Jitter          (DJ):    0.000ns
    Phase Error              (PE):    0.000ns

    Location             Delay type                Incr(ns)  Path(ns)    Netlist Resource(s)
  -------------------------------------------------------------------    -------------------
                         (clock clk_i rise edge)      0.000     0.000 r  
                                                      0.000     0.000 r  clk_i (IN)
                         net (fo=43396, unset)        0.076     0.076    u_imem/u_imem_xpm/xpm_memory_base_inst/clka
                         RAMB36E2                                     r  u_imem/u_imem_xpm/xpm_memory_base_inst/gen_wr_a.gen_word_narrow.mem_reg_bram_3/CLKBWRCLK
  -------------------------------------------------------------------    -------------------
                         RAMB36E2 (Prop_RAMB36E2_CLKBWRCLK_DOUTBDOUT[29])
                                                      0.863     0.939 f  u_imem/u_imem_xpm/xpm_memory_base_inst/gen_wr_a.gen_word_narrow.mem_reg_bram_3/DOUTBDOUT[29]
                         net (fo=8, unplaced)         0.219     1.158    u_issue_stage/if_data_o[30]
                         LUT4 (Prop_LUT4_I0_O)        0.139     1.297 f  u_issue_stage/decoded_src3_reg_o[7]_INST_0_i_4/O
                         net (fo=1, unplaced)         0.185     1.482    u_issue_stage/decoded_src3_reg_o[7]_INST_0_i_4_n_0
                         LUT5 (Prop_LUT5_I4_O)        0.070     1.552 f  u_issue_stage/decoded_src3_reg_o[7]_INST_0_i_3/O
                         net (fo=1, unplaced)         0.185     1.737    u_issue_stage/decoded_src3_reg_o[7]_INST_0_i_3_n_0
                         LUT6 (Prop_LUT6_I5_O)        0.038     1.775 r  u_issue_stage/decoded_src3_reg_o[7]_INST_0_i_1/O
                         net (fo=17, unplaced)        0.230     2.005    u_issue_stage/gen_wr_a.gen_word_narrow.mem_reg_bram_2
                         LUT3 (Prop_LUT3_I1_O)        0.038     2.043 r  u_issue_stage/busy_q_i_2450/O
                         net (fo=128, unplaced)       0.276     2.319    u_scoreboard/busy_q_i_1101_0
                         LUT5 (Prop_LUT5_I2_O)        0.038     2.357 f  u_scoreboard/busy_q_i_2186/O
                         net (fo=4, unplaced)         0.153     2.510    u_scoreboard/busy_q_i_2186_n_0
                         LUT6 (Prop_LUT6_I0_O)        0.099     2.609 f  u_scoreboard/busy_q_i_1098/O
                         net (fo=1, unplaced)         0.032     2.641    u_scoreboard/busy_q_i_1098_n_0
                         MUXF7 (Prop_MUXF7_I0_O)      0.069     2.710 f  u_scoreboard/busy_q_reg_i_441/O
                         net (fo=1, unplaced)         0.000     2.710    u_scoreboard/busy_q_reg_i_441_n_0
                         MUXF8 (Prop_MUXF8_I0_O)      0.030     2.740 f  u_scoreboard/busy_q_reg_i_180/O
                         net (fo=1, unplaced)         0.187     2.927    u_scoreboard/busy_q_reg_i_180_n_0
                         LUT6 (Prop_LUT6_I0_O)        0.100     3.027 f  u_scoreboard/busy_q_i_76/O
                         net (fo=1, unplaced)         0.141     3.168    u_scoreboard/busy_q_i_76_n_0
                         LUT6 (Prop_LUT6_I0_O)        0.100     3.268 f  u_scoreboard/busy_q_i_35/O
                         net (fo=1, unplaced)         0.141     3.409    u_scoreboard/busy_q_i_35_n_0
                         LUT5 (Prop_LUT5_I1_O)        0.100     3.509 f  u_scoreboard/busy_q_i_11/O
                         net (fo=2, unplaced)         0.185     3.694    u_scoreboard/raw_src3
                         LUT6 (Prop_LUT6_I1_O)        0.038     3.732 r  u_scoreboard/issue_src2_imm_q[31]_i_4/O
                         net (fo=16, unplaced)        0.229     3.961    u_scoreboard/busy_q_reg_0
                         LUT6 (Prop_LUT6_I0_O)        0.038     3.999 r  u_scoreboard/fetch_epoch_q[0][7]_i_3/O
                         net (fo=5, unplaced)         0.203     4.202    u_scoreboard/sched_halt_pending
                         LUT3 (Prop_LUT3_I0_O)        0.070     4.272 r  u_scoreboard/halt_hold_q[3]_i_3/O
                         net (fo=10, unplaced)        0.218     4.490    u_warp_scheduler/halt_hold_q_reg[3]_0
                         LUT6 (Prop_LUT6_I5_O)        0.038     4.528 r  u_warp_scheduler/fetch_epoch_q[3][7]_i_1/O
                         net (fo=8, unplaced)         0.168     4.696    u_warp_scheduler/fetch_epoch_q[3][7]_i_1_n_0
                         FDCE                                         r  u_warp_scheduler/fetch_epoch_q_reg[3][0]/CE
  -------------------------------------------------------------------    -------------------

                         (clock clk_i rise edge)      5.556     5.556 r  
                                                      0.000     5.556 r  clk_i (IN)
                         net (fo=43396, unset)        0.020     5.576    u_warp_scheduler/clk_i
                         FDCE                                         r  u_warp_scheduler/fetch_epoch_q_reg[3][0]/C
                         clock pessimism              0.000     5.576    
                         clock uncertainty           -0.035     5.541    
                         FDCE (Setup_FDCE_C_CE)      -0.061     5.480    u_warp_scheduler/fetch_epoch_q_reg[3][0]
  -------------------------------------------------------------------
                         required time                          5.480    
                         arrival time                          -4.696    
  -------------------------------------------------------------------
                         slack                                  0.784    

Slack (MET) :             0.784ns  (required time - arrival time)
  Source:                 u_imem/u_imem_xpm/xpm_memory_base_inst/gen_wr_a.gen_word_narrow.mem_reg_bram_3/CLKBWRCLK
                            (rising edge-triggered cell RAMB36E2 clocked by clk_i  {rise@0.000ns fall@2.778ns period=5.556ns})
  Destination:            u_warp_scheduler/fetch_epoch_q_reg[3][1]/CE
                            (rising edge-triggered cell FDCE clocked by clk_i  {rise@0.000ns fall@2.778ns period=5.556ns})
  Path Group:             clk_i
  Path Type:              Setup (Max at Slow Process Corner)
  Requirement:            5.556ns  (clk_i rise@5.556ns - clk_i rise@0.000ns)
  Data Path Delay:        4.620ns  (logic 1.868ns (40.433%)  route 2.752ns (59.567%))
  Logic Levels:           15  (LUT3=2 LUT4=1 LUT5=3 LUT6=7 MUXF7=1 MUXF8=1)
  Clock Path Skew:        -0.056ns (DCD - SCD + CPR)
    Destination Clock Delay (DCD):    0.020ns = ( 5.576 - 5.556 ) 
    Source Clock Delay      (SCD):    0.076ns
    Clock Pessimism Removal (CPR):    0.000ns
  Clock Uncertainty:      0.035ns  ((TSJ^2 + TIJ^2)^1/2 + DJ) / 2 + PE
    Total System Jitter     (TSJ):    0.071ns
    Total Input Jitter      (TIJ):    0.000ns
    Discrete Jitter          (DJ):    0.000ns
    Phase Error              (PE):    0.000ns

    Location             Delay type                Incr(ns)  Path(ns)    Netlist Resource(s)
  -------------------------------------------------------------------    -------------------
                         (clock clk_i rise edge)      0.000     0.000 r  
                                                      0.000     0.000 r  clk_i (IN)
                         net (fo=43396, unset)        0.076     0.076    u_imem/u_imem_xpm/xpm_memory_base_inst/clka
                         RAMB36E2                                     r  u_imem/u_imem_xpm/xpm_memory_base_inst/gen_wr_a.gen_word_narrow.mem_reg_bram_3/CLKBWRCLK
  -------------------------------------------------------------------    -------------------
                         RAMB36E2 (Prop_RAMB36E2_CLKBWRCLK_DOUTBDOUT[29])
                                                      0.863     0.939 f  u_imem/u_imem_xpm/xpm_memory_base_inst/gen_wr_a.gen_word_narrow.mem_reg_bram_3/DOUTBDOUT[29]
                         net (fo=8, unplaced)         0.219     1.158    u_issue_stage/if_data_o[30]
                         LUT4 (Prop_LUT4_I0_O)        0.139     1.297 f  u_issue_stage/decoded_src3_reg_o[7]_INST_0_i_4/O
                         net (fo=1, unplaced)         0.185     1.482    u_issue_stage/decoded_src3_reg_o[7]_INST_0_i_4_n_0
                         LUT5 (Prop_LUT5_I4_O)        0.070     1.552 f  u_issue_stage/decoded_src3_reg_o[7]_INST_0_i_3/O
                         net (fo=1, unplaced)         0.185     1.737    u_issue_stage/decoded_src3_reg_o[7]_INST_0_i_3_n_0
                         LUT6 (Prop_LUT6_I5_O)        0.038     1.775 r  u_issue_stage/decoded_src3_reg_o[7]_INST_0_i_1/O
                         net (fo=17, unplaced)        0.230     2.005    u_issue_stage/gen_wr_a.gen_word_narrow.mem_reg_bram_2
                         LUT3 (Prop_LUT3_I1_O)        0.038     2.043 r  u_issue_stage/busy_q_i_2450/O
                         net (fo=128, unplaced)       0.276     2.319    u_scoreboard/busy_q_i_1101_0
                         LUT5 (Prop_LUT5_I2_O)        0.038     2.357 f  u_scoreboard/busy_q_i_2186/O
                         net (fo=4, unplaced)         0.153     2.510    u_scoreboard/busy_q_i_2186_n_0
                         LUT6 (Prop_LUT6_I0_O)        0.099     2.609 f  u_scoreboard/busy_q_i_1098/O
                         net (fo=1, unplaced)         0.032     2.641    u_scoreboard/busy_q_i_1098_n_0
                         MUXF7 (Prop_MUXF7_I0_O)      0.069     2.710 f  u_scoreboard/busy_q_reg_i_441/O
                         net (fo=1, unplaced)         0.000     2.710    u_scoreboard/busy_q_reg_i_441_n_0
                         MUXF8 (Prop_MUXF8_I0_O)      0.030     2.740 f  u_scoreboard/busy_q_reg_i_180/O
                         net (fo=1, unplaced)         0.187     2.927    u_scoreboard/busy_q_reg_i_180_n_0
                         LUT6 (Prop_LUT6_I0_O)        0.100     3.027 f  u_scoreboard/busy_q_i_76/O
                         net (fo=1, unplaced)         0.141     3.168    u_scoreboard/busy_q_i_76_n_0
                         LUT6 (Prop_LUT6_I0_O)        0.100     3.268 f  u_scoreboard/busy_q_i_35/O
                         net (fo=1, unplaced)         0.141     3.409    u_scoreboard/busy_q_i_35_n_0
                         LUT5 (Prop_LUT5_I1_O)        0.100     3.509 f  u_scoreboard/busy_q_i_11/O
                         net (fo=2, unplaced)         0.185     3.694    u_scoreboard/raw_src3
                         LUT6 (Prop_LUT6_I1_O)        0.038     3.732 r  u_scoreboard/issue_src2_imm_q[31]_i_4/O
                         net (fo=16, unplaced)        0.229     3.961    u_scoreboard/busy_q_reg_0
                         LUT6 (Prop_LUT6_I0_O)        0.038     3.999 r  u_scoreboard/fetch_epoch_q[0][7]_i_3/O
                         net (fo=5, unplaced)         0.203     4.202    u_scoreboard/sched_halt_pending
                         LUT3 (Prop_LUT3_I0_O)        0.070     4.272 r  u_scoreboard/halt_hold_q[3]_i_3/O
                         net (fo=10, unplaced)        0.218     4.490    u_warp_scheduler/halt_hold_q_reg[3]_0
                         LUT6 (Prop_LUT6_I5_O)        0.038     4.528 r  u_warp_scheduler/fetch_epoch_q[3][7]_i_1/O
                         net (fo=8, unplaced)         0.168     4.696    u_warp_scheduler/fetch_epoch_q[3][7]_i_1_n_0
                         FDCE                                         r  u_warp_scheduler/fetch_epoch_q_reg[3][1]/CE
  -------------------------------------------------------------------    -------------------

                         (clock clk_i rise edge)      5.556     5.556 r  
                                                      0.000     5.556 r  clk_i (IN)
                         net (fo=43396, unset)        0.020     5.576    u_warp_scheduler/clk_i
                         FDCE                                         r  u_warp_scheduler/fetch_epoch_q_reg[3][1]/C
                         clock pessimism              0.000     5.576    
                         clock uncertainty           -0.035     5.541    
                         FDCE (Setup_FDCE_C_CE)      -0.061     5.480    u_warp_scheduler/fetch_epoch_q_reg[3][1]
  -------------------------------------------------------------------
                         required time                          5.480    
                         arrival time                          -4.696    
  -------------------------------------------------------------------
                         slack                                  0.784    

Slack (MET) :             0.784ns  (required time - arrival time)
  Source:                 u_imem/u_imem_xpm/xpm_memory_base_inst/gen_wr_a.gen_word_narrow.mem_reg_bram_3/CLKBWRCLK
                            (rising edge-triggered cell RAMB36E2 clocked by clk_i  {rise@0.000ns fall@2.778ns period=5.556ns})
  Destination:            u_warp_scheduler/fetch_epoch_q_reg[3][2]/CE
                            (rising edge-triggered cell FDCE clocked by clk_i  {rise@0.000ns fall@2.778ns period=5.556ns})
  Path Group:             clk_i
  Path Type:              Setup (Max at Slow Process Corner)
  Requirement:            5.556ns  (clk_i rise@5.556ns - clk_i rise@0.000ns)
  Data Path Delay:        4.620ns  (logic 1.868ns (40.433%)  route 2.752ns (59.567%))
  Logic Levels:           15  (LUT3=2 LUT4=1 LUT5=3 LUT6=7 MUXF7=1 MUXF8=1)
  Clock Path Skew:        -0.056ns (DCD - SCD + CPR)
    Destination Clock Delay (DCD):    0.020ns = ( 5.576 - 5.556 ) 
    Source Clock Delay      (SCD):    0.076ns
    Clock Pessimism Removal (CPR):    0.000ns
  Clock Uncertainty:      0.035ns  ((TSJ^2 + TIJ^2)^1/2 + DJ) / 2 + PE
    Total System Jitter     (TSJ):    0.071ns
    Total Input Jitter      (TIJ):    0.000ns
    Discrete Jitter          (DJ):    0.000ns
    Phase Error              (PE):    0.000ns

    Location             Delay type                Incr(ns)  Path(ns)    Netlist Resource(s)
  -------------------------------------------------------------------    -------------------
                         (clock clk_i rise edge)      0.000     0.000 r  
                                                      0.000     0.000 r  clk_i (IN)
                         net (fo=43396, unset)        0.076     0.076    u_imem/u_imem_xpm/xpm_memory_base_inst/clka
                         RAMB36E2                                     r  u_imem/u_imem_xpm/xpm_memory_base_inst/gen_wr_a.gen_word_narrow.mem_reg_bram_3/CLKBWRCLK
  -------------------------------------------------------------------    -------------------
                         RAMB36E2 (Prop_RAMB36E2_CLKBWRCLK_DOUTBDOUT[29])
                                                      0.863     0.939 f  u_imem/u_imem_xpm/xpm_memory_base_inst/gen_wr_a.gen_word_narrow.mem_reg_bram_3/DOUTBDOUT[29]
                         net (fo=8, unplaced)         0.219     1.158    u_issue_stage/if_data_o[30]
                         LUT4 (Prop_LUT4_I0_O)        0.139     1.297 f  u_issue_stage/decoded_src3_reg_o[7]_INST_0_i_4/O
                         net (fo=1, unplaced)         0.185     1.482    u_issue_stage/decoded_src3_reg_o[7]_INST_0_i_4_n_0
                         LUT5 (Prop_LUT5_I4_O)        0.070     1.552 f  u_issue_stage/decoded_src3_reg_o[7]_INST_0_i_3/O
                         net (fo=1, unplaced)         0.185     1.737    u_issue_stage/decoded_src3_reg_o[7]_INST_0_i_3_n_0
                         LUT6 (Prop_LUT6_I5_O)        0.038     1.775 r  u_issue_stage/decoded_src3_reg_o[7]_INST_0_i_1/O
                         net (fo=17, unplaced)        0.230     2.005    u_issue_stage/gen_wr_a.gen_word_narrow.mem_reg_bram_2
                         LUT3 (Prop_LUT3_I1_O)        0.038     2.043 r  u_issue_stage/busy_q_i_2450/O
                         net (fo=128, unplaced)       0.276     2.319    u_scoreboard/busy_q_i_1101_0
                         LUT5 (Prop_LUT5_I2_O)        0.038     2.357 f  u_scoreboard/busy_q_i_2186/O
                         net (fo=4, unplaced)         0.153     2.510    u_scoreboard/busy_q_i_2186_n_0
                         LUT6 (Prop_LUT6_I0_O)        0.099     2.609 f  u_scoreboard/busy_q_i_1098/O
                         net (fo=1, unplaced)         0.032     2.641    u_scoreboard/busy_q_i_1098_n_0
                         MUXF7 (Prop_MUXF7_I0_O)      0.069     2.710 f  u_scoreboard/busy_q_reg_i_441/O
                         net (fo=1, unplaced)         0.000     2.710    u_scoreboard/busy_q_reg_i_441_n_0
                         MUXF8 (Prop_MUXF8_I0_O)      0.030     2.740 f  u_scoreboard/busy_q_reg_i_180/O
                         net (fo=1, unplaced)         0.187     2.927    u_scoreboard/busy_q_reg_i_180_n_0
                         LUT6 (Prop_LUT6_I0_O)        0.100     3.027 f  u_scoreboard/busy_q_i_76/O
                         net (fo=1, unplaced)         0.141     3.168    u_scoreboard/busy_q_i_76_n_0
                         LUT6 (Prop_LUT6_I0_O)        0.100     3.268 f  u_scoreboard/busy_q_i_35/O
                         net (fo=1, unplaced)         0.141     3.409    u_scoreboard/busy_q_i_35_n_0
                         LUT5 (Prop_LUT5_I1_O)        0.100     3.509 f  u_scoreboard/busy_q_i_11/O
                         net (fo=2, unplaced)         0.185     3.694    u_scoreboard/raw_src3
                         LUT6 (Prop_LUT6_I1_O)        0.038     3.732 r  u_scoreboard/issue_src2_imm_q[31]_i_4/O
                         net (fo=16, unplaced)        0.229     3.961    u_scoreboard/busy_q_reg_0
                         LUT6 (Prop_LUT6_I0_O)        0.038     3.999 r  u_scoreboard/fetch_epoch_q[0][7]_i_3/O
                         net (fo=5, unplaced)         0.203     4.202    u_scoreboard/sched_halt_pending
                         LUT3 (Prop_LUT3_I0_O)        0.070     4.272 r  u_scoreboard/halt_hold_q[3]_i_3/O
                         net (fo=10, unplaced)        0.218     4.490    u_warp_scheduler/halt_hold_q_reg[3]_0
                         LUT6 (Prop_LUT6_I5_O)        0.038     4.528 r  u_warp_scheduler/fetch_epoch_q[3][7]_i_1/O
                         net (fo=8, unplaced)         0.168     4.696    u_warp_scheduler/fetch_epoch_q[3][7]_i_1_n_0
                         FDCE                                         r  u_warp_scheduler/fetch_epoch_q_reg[3][2]/CE
  -------------------------------------------------------------------    -------------------

                         (clock clk_i rise edge)      5.556     5.556 r  
                                                      0.000     5.556 r  clk_i (IN)
                         net (fo=43396, unset)        0.020     5.576    u_warp_scheduler/clk_i
                         FDCE                                         r  u_warp_scheduler/fetch_epoch_q_reg[3][2]/C
                         clock pessimism              0.000     5.576    
                         clock uncertainty           -0.035     5.541    
                         FDCE (Setup_FDCE_C_CE)      -0.061     5.480    u_warp_scheduler/fetch_epoch_q_reg[3][2]
  -------------------------------------------------------------------
                         required time                          5.480    
                         arrival time                          -4.696    
  -------------------------------------------------------------------
                         slack                                  0.784    

Slack (MET) :             0.784ns  (required time - arrival time)
  Source:                 u_imem/u_imem_xpm/xpm_memory_base_inst/gen_wr_a.gen_word_narrow.mem_reg_bram_3/CLKBWRCLK
                            (rising edge-triggered cell RAMB36E2 clocked by clk_i  {rise@0.000ns fall@2.778ns period=5.556ns})
  Destination:            u_warp_scheduler/fetch_epoch_q_reg[3][3]/CE
                            (rising edge-triggered cell FDCE clocked by clk_i  {rise@0.000ns fall@2.778ns period=5.556ns})
  Path Group:             clk_i
  Path Type:              Setup (Max at Slow Process Corner)
  Requirement:            5.556ns  (clk_i rise@5.556ns - clk_i rise@0.000ns)
  Data Path Delay:        4.620ns  (logic 1.868ns (40.433%)  route 2.752ns (59.567%))
  Logic Levels:           15  (LUT3=2 LUT4=1 LUT5=3 LUT6=7 MUXF7=1 MUXF8=1)
  Clock Path Skew:        -0.056ns (DCD - SCD + CPR)
    Destination Clock Delay (DCD):    0.020ns = ( 5.576 - 5.556 ) 
    Source Clock Delay      (SCD):    0.076ns
    Clock Pessimism Removal (CPR):    0.000ns
  Clock Uncertainty:      0.035ns  ((TSJ^2 + TIJ^2)^1/2 + DJ) / 2 + PE
    Total System Jitter     (TSJ):    0.071ns
    Total Input Jitter      (TIJ):    0.000ns
    Discrete Jitter          (DJ):    0.000ns
    Phase Error              (PE):    0.000ns

    Location             Delay type                Incr(ns)  Path(ns)    Netlist Resource(s)
  -------------------------------------------------------------------    -------------------
                         (clock clk_i rise edge)      0.000     0.000 r  
                                                      0.000     0.000 r  clk_i (IN)
                         net (fo=43396, unset)        0.076     0.076    u_imem/u_imem_xpm/xpm_memory_base_inst/clka
                         RAMB36E2                                     r  u_imem/u_imem_xpm/xpm_memory_base_inst/gen_wr_a.gen_word_narrow.mem_reg_bram_3/CLKBWRCLK
  -------------------------------------------------------------------    -------------------
                         RAMB36E2 (Prop_RAMB36E2_CLKBWRCLK_DOUTBDOUT[29])
                                                      0.863     0.939 f  u_imem/u_imem_xpm/xpm_memory_base_inst/gen_wr_a.gen_word_narrow.mem_reg_bram_3/DOUTBDOUT[29]
                         net (fo=8, unplaced)         0.219     1.158    u_issue_stage/if_data_o[30]
                         LUT4 (Prop_LUT4_I0_O)        0.139     1.297 f  u_issue_stage/decoded_src3_reg_o[7]_INST_0_i_4/O
                         net (fo=1, unplaced)         0.185     1.482    u_issue_stage/decoded_src3_reg_o[7]_INST_0_i_4_n_0
                         LUT5 (Prop_LUT5_I4_O)        0.070     1.552 f  u_issue_stage/decoded_src3_reg_o[7]_INST_0_i_3/O
                         net (fo=1, unplaced)         0.185     1.737    u_issue_stage/decoded_src3_reg_o[7]_INST_0_i_3_n_0
                         LUT6 (Prop_LUT6_I5_O)        0.038     1.775 r  u_issue_stage/decoded_src3_reg_o[7]_INST_0_i_1/O
                         net (fo=17, unplaced)        0.230     2.005    u_issue_stage/gen_wr_a.gen_word_narrow.mem_reg_bram_2
                         LUT3 (Prop_LUT3_I1_O)        0.038     2.043 r  u_issue_stage/busy_q_i_2450/O
                         net (fo=128, unplaced)       0.276     2.319    u_scoreboard/busy_q_i_1101_0
                         LUT5 (Prop_LUT5_I2_O)        0.038     2.357 f  u_scoreboard/busy_q_i_2186/O
                         net (fo=4, unplaced)         0.153     2.510    u_scoreboard/busy_q_i_2186_n_0
                         LUT6 (Prop_LUT6_I0_O)        0.099     2.609 f  u_scoreboard/busy_q_i_1098/O
                         net (fo=1, unplaced)         0.032     2.641    u_scoreboard/busy_q_i_1098_n_0
                         MUXF7 (Prop_MUXF7_I0_O)      0.069     2.710 f  u_scoreboard/busy_q_reg_i_441/O
                         net (fo=1, unplaced)         0.000     2.710    u_scoreboard/busy_q_reg_i_441_n_0
                         MUXF8 (Prop_MUXF8_I0_O)      0.030     2.740 f  u_scoreboard/busy_q_reg_i_180/O
                         net (fo=1, unplaced)         0.187     2.927    u_scoreboard/busy_q_reg_i_180_n_0
                         LUT6 (Prop_LUT6_I0_O)        0.100     3.027 f  u_scoreboard/busy_q_i_76/O
                         net (fo=1, unplaced)         0.141     3.168    u_scoreboard/busy_q_i_76_n_0
                         LUT6 (Prop_LUT6_I0_O)        0.100     3.268 f  u_scoreboard/busy_q_i_35/O
                         net (fo=1, unplaced)         0.141     3.409    u_scoreboard/busy_q_i_35_n_0
                         LUT5 (Prop_LUT5_I1_O)        0.100     3.509 f  u_scoreboard/busy_q_i_11/O
                         net (fo=2, unplaced)         0.185     3.694    u_scoreboard/raw_src3
                         LUT6 (Prop_LUT6_I1_O)        0.038     3.732 r  u_scoreboard/issue_src2_imm_q[31]_i_4/O
                         net (fo=16, unplaced)        0.229     3.961    u_scoreboard/busy_q_reg_0
                         LUT6 (Prop_LUT6_I0_O)        0.038     3.999 r  u_scoreboard/fetch_epoch_q[0][7]_i_3/O
                         net (fo=5, unplaced)         0.203     4.202    u_scoreboard/sched_halt_pending
                         LUT3 (Prop_LUT3_I0_O)        0.070     4.272 r  u_scoreboard/halt_hold_q[3]_i_3/O
                         net (fo=10, unplaced)        0.218     4.490    u_warp_scheduler/halt_hold_q_reg[3]_0
                         LUT6 (Prop_LUT6_I5_O)        0.038     4.528 r  u_warp_scheduler/fetch_epoch_q[3][7]_i_1/O
                         net (fo=8, unplaced)         0.168     4.696    u_warp_scheduler/fetch_epoch_q[3][7]_i_1_n_0
                         FDCE                                         r  u_warp_scheduler/fetch_epoch_q_reg[3][3]/CE
  -------------------------------------------------------------------    -------------------

                         (clock clk_i rise edge)      5.556     5.556 r  
                                                      0.000     5.556 r  clk_i (IN)
                         net (fo=43396, unset)        0.020     5.576    u_warp_scheduler/clk_i
                         FDCE                                         r  u_warp_scheduler/fetch_epoch_q_reg[3][3]/C
                         clock pessimism              0.000     5.576    
                         clock uncertainty           -0.035     5.541    
                         FDCE (Setup_FDCE_C_CE)      -0.061     5.480    u_warp_scheduler/fetch_epoch_q_reg[3][3]
  -------------------------------------------------------------------
                         required time                          5.480    
                         arrival time                          -4.696    
  -------------------------------------------------------------------
                         slack                                  0.784    

Slack (MET) :             0.784ns  (required time - arrival time)
  Source:                 u_imem/u_imem_xpm/xpm_memory_base_inst/gen_wr_a.gen_word_narrow.mem_reg_bram_3/CLKBWRCLK
                            (rising edge-triggered cell RAMB36E2 clocked by clk_i  {rise@0.000ns fall@2.778ns period=5.556ns})
  Destination:            u_warp_scheduler/fetch_epoch_q_reg[3][4]/CE
                            (rising edge-triggered cell FDCE clocked by clk_i  {rise@0.000ns fall@2.778ns period=5.556ns})
  Path Group:             clk_i
  Path Type:              Setup (Max at Slow Process Corner)
  Requirement:            5.556ns  (clk_i rise@5.556ns - clk_i rise@0.000ns)
  Data Path Delay:        4.620ns  (logic 1.868ns (40.433%)  route 2.752ns (59.567%))
  Logic Levels:           15  (LUT3=2 LUT4=1 LUT5=3 LUT6=7 MUXF7=1 MUXF8=1)
  Clock Path Skew:        -0.056ns (DCD - SCD + CPR)
    Destination Clock Delay (DCD):    0.020ns = ( 5.576 - 5.556 ) 
    Source Clock Delay      (SCD):    0.076ns
    Clock Pessimism Removal (CPR):    0.000ns
  Clock Uncertainty:      0.035ns  ((TSJ^2 + TIJ^2)^1/2 + DJ) / 2 + PE
    Total System Jitter     (TSJ):    0.071ns
    Total Input Jitter      (TIJ):    0.000ns
    Discrete Jitter          (DJ):    0.000ns
    Phase Error              (PE):    0.000ns

    Location             Delay type                Incr(ns)  Path(ns)    Netlist Resource(s)
  -------------------------------------------------------------------    -------------------
                         (clock clk_i rise edge)      0.000     0.000 r  
                                                      0.000     0.000 r  clk_i (IN)
                         net (fo=43396, unset)        0.076     0.076    u_imem/u_imem_xpm/xpm_memory_base_inst/clka
                         RAMB36E2                                     r  u_imem/u_imem_xpm/xpm_memory_base_inst/gen_wr_a.gen_word_narrow.mem_reg_bram_3/CLKBWRCLK
  -------------------------------------------------------------------    -------------------
                         RAMB36E2 (Prop_RAMB36E2_CLKBWRCLK_DOUTBDOUT[29])
                                                      0.863     0.939 f  u_imem/u_imem_xpm/xpm_memory_base_inst/gen_wr_a.gen_word_narrow.mem_reg_bram_3/DOUTBDOUT[29]
                         net (fo=8, unplaced)         0.219     1.158    u_issue_stage/if_data_o[30]
                         LUT4 (Prop_LUT4_I0_O)        0.139     1.297 f  u_issue_stage/decoded_src3_reg_o[7]_INST_0_i_4/O
                         net (fo=1, unplaced)         0.185     1.482    u_issue_stage/decoded_src3_reg_o[7]_INST_0_i_4_n_0
                         LUT5 (Prop_LUT5_I4_O)        0.070     1.552 f  u_issue_stage/decoded_src3_reg_o[7]_INST_0_i_3/O
                         net (fo=1, unplaced)         0.185     1.737    u_issue_stage/decoded_src3_reg_o[7]_INST_0_i_3_n_0
                         LUT6 (Prop_LUT6_I5_O)        0.038     1.775 r  u_issue_stage/decoded_src3_reg_o[7]_INST_0_i_1/O
                         net (fo=17, unplaced)        0.230     2.005    u_issue_stage/gen_wr_a.gen_word_narrow.mem_reg_bram_2
                         LUT3 (Prop_LUT3_I1_O)        0.038     2.043 r  u_issue_stage/busy_q_i_2450/O
                         net (fo=128, unplaced)       0.276     2.319    u_scoreboard/busy_q_i_1101_0
                         LUT5 (Prop_LUT5_I2_O)        0.038     2.357 f  u_scoreboard/busy_q_i_2186/O
                         net (fo=4, unplaced)         0.153     2.510    u_scoreboard/busy_q_i_2186_n_0
                         LUT6 (Prop_LUT6_I0_O)        0.099     2.609 f  u_scoreboard/busy_q_i_1098/O
                         net (fo=1, unplaced)         0.032     2.641    u_scoreboard/busy_q_i_1098_n_0
                         MUXF7 (Prop_MUXF7_I0_O)      0.069     2.710 f  u_scoreboard/busy_q_reg_i_441/O
                         net (fo=1, unplaced)         0.000     2.710    u_scoreboard/busy_q_reg_i_441_n_0
                         MUXF8 (Prop_MUXF8_I0_O)      0.030     2.740 f  u_scoreboard/busy_q_reg_i_180/O
                         net (fo=1, unplaced)         0.187     2.927    u_scoreboard/busy_q_reg_i_180_n_0
                         LUT6 (Prop_LUT6_I0_O)        0.100     3.027 f  u_scoreboard/busy_q_i_76/O
                         net (fo=1, unplaced)         0.141     3.168    u_scoreboard/busy_q_i_76_n_0
                         LUT6 (Prop_LUT6_I0_O)        0.100     3.268 f  u_scoreboard/busy_q_i_35/O
                         net (fo=1, unplaced)         0.141     3.409    u_scoreboard/busy_q_i_35_n_0
                         LUT5 (Prop_LUT5_I1_O)        0.100     3.509 f  u_scoreboard/busy_q_i_11/O
                         net (fo=2, unplaced)         0.185     3.694    u_scoreboard/raw_src3
                         LUT6 (Prop_LUT6_I1_O)        0.038     3.732 r  u_scoreboard/issue_src2_imm_q[31]_i_4/O
                         net (fo=16, unplaced)        0.229     3.961    u_scoreboard/busy_q_reg_0
                         LUT6 (Prop_LUT6_I0_O)        0.038     3.999 r  u_scoreboard/fetch_epoch_q[0][7]_i_3/O
                         net (fo=5, unplaced)         0.203     4.202    u_scoreboard/sched_halt_pending
                         LUT3 (Prop_LUT3_I0_O)        0.070     4.272 r  u_scoreboard/halt_hold_q[3]_i_3/O
                         net (fo=10, unplaced)        0.218     4.490    u_warp_scheduler/halt_hold_q_reg[3]_0
                         LUT6 (Prop_LUT6_I5_O)        0.038     4.528 r  u_warp_scheduler/fetch_epoch_q[3][7]_i_1/O
                         net (fo=8, unplaced)         0.168     4.696    u_warp_scheduler/fetch_epoch_q[3][7]_i_1_n_0
                         FDCE                                         r  u_warp_scheduler/fetch_epoch_q_reg[3][4]/CE
  -------------------------------------------------------------------    -------------------

                         (clock clk_i rise edge)      5.556     5.556 r  
                                                      0.000     5.556 r  clk_i (IN)
                         net (fo=43396, unset)        0.020     5.576    u_warp_scheduler/clk_i
                         FDCE                                         r  u_warp_scheduler/fetch_epoch_q_reg[3][4]/C
                         clock pessimism              0.000     5.576    
                         clock uncertainty           -0.035     5.541    
                         FDCE (Setup_FDCE_C_CE)      -0.061     5.480    u_warp_scheduler/fetch_epoch_q_reg[3][4]
  -------------------------------------------------------------------
                         required time                          5.480    
                         arrival time                          -4.696    
  -------------------------------------------------------------------
                         slack                                  0.784    

Slack (MET) :             0.784ns  (required time - arrival time)
  Source:                 u_imem/u_imem_xpm/xpm_memory_base_inst/gen_wr_a.gen_word_narrow.mem_reg_bram_3/CLKBWRCLK
                            (rising edge-triggered cell RAMB36E2 clocked by clk_i  {rise@0.000ns fall@2.778ns period=5.556ns})
  Destination:            u_warp_scheduler/fetch_epoch_q_reg[3][5]/CE
                            (rising edge-triggered cell FDCE clocked by clk_i  {rise@0.000ns fall@2.778ns period=5.556ns})
  Path Group:             clk_i
  Path Type:              Setup (Max at Slow Process Corner)
  Requirement:            5.556ns  (clk_i rise@5.556ns - clk_i rise@0.000ns)
  Data Path Delay:        4.620ns  (logic 1.868ns (40.433%)  route 2.752ns (59.567%))
  Logic Levels:           15  (LUT3=2 LUT4=1 LUT5=3 LUT6=7 MUXF7=1 MUXF8=1)
  Clock Path Skew:        -0.056ns (DCD - SCD + CPR)
    Destination Clock Delay (DCD):    0.020ns = ( 5.576 - 5.556 ) 
    Source Clock Delay      (SCD):    0.076ns
    Clock Pessimism Removal (CPR):    0.000ns
  Clock Uncertainty:      0.035ns  ((TSJ^2 + TIJ^2)^1/2 + DJ) / 2 + PE
    Total System Jitter     (TSJ):    0.071ns
    Total Input Jitter      (TIJ):    0.000ns
    Discrete Jitter          (DJ):    0.000ns
    Phase Error              (PE):    0.000ns

    Location             Delay type                Incr(ns)  Path(ns)    Netlist Resource(s)
  -------------------------------------------------------------------    -------------------
                         (clock clk_i rise edge)      0.000     0.000 r  
                                                      0.000     0.000 r  clk_i (IN)
                         net (fo=43396, unset)        0.076     0.076    u_imem/u_imem_xpm/xpm_memory_base_inst/clka
                         RAMB36E2                                     r  u_imem/u_imem_xpm/xpm_memory_base_inst/gen_wr_a.gen_word_narrow.mem_reg_bram_3/CLKBWRCLK
  -------------------------------------------------------------------    -------------------
                         RAMB36E2 (Prop_RAMB36E2_CLKBWRCLK_DOUTBDOUT[29])
                                                      0.863     0.939 f  u_imem/u_imem_xpm/xpm_memory_base_inst/gen_wr_a.gen_word_narrow.mem_reg_bram_3/DOUTBDOUT[29]
                         net (fo=8, unplaced)         0.219     1.158    u_issue_stage/if_data_o[30]
                         LUT4 (Prop_LUT4_I0_O)        0.139     1.297 f  u_issue_stage/decoded_src3_reg_o[7]_INST_0_i_4/O
                         net (fo=1, unplaced)         0.185     1.482    u_issue_stage/decoded_src3_reg_o[7]_INST_0_i_4_n_0
                         LUT5 (Prop_LUT5_I4_O)        0.070     1.552 f  u_issue_stage/decoded_src3_reg_o[7]_INST_0_i_3/O
                         net (fo=1, unplaced)         0.185     1.737    u_issue_stage/decoded_src3_reg_o[7]_INST_0_i_3_n_0
                         LUT6 (Prop_LUT6_I5_O)        0.038     1.775 r  u_issue_stage/decoded_src3_reg_o[7]_INST_0_i_1/O
                         net (fo=17, unplaced)        0.230     2.005    u_issue_stage/gen_wr_a.gen_word_narrow.mem_reg_bram_2
                         LUT3 (Prop_LUT3_I1_O)        0.038     2.043 r  u_issue_stage/busy_q_i_2450/O
                         net (fo=128, unplaced)       0.276     2.319    u_scoreboard/busy_q_i_1101_0
                         LUT5 (Prop_LUT5_I2_O)        0.038     2.357 f  u_scoreboard/busy_q_i_2186/O
                         net (fo=4, unplaced)         0.153     2.510    u_scoreboard/busy_q_i_2186_n_0
                         LUT6 (Prop_LUT6_I0_O)        0.099     2.609 f  u_scoreboard/busy_q_i_1098/O
                         net (fo=1, unplaced)         0.032     2.641    u_scoreboard/busy_q_i_1098_n_0
                         MUXF7 (Prop_MUXF7_I0_O)      0.069     2.710 f  u_scoreboard/busy_q_reg_i_441/O
                         net (fo=1, unplaced)         0.000     2.710    u_scoreboard/busy_q_reg_i_441_n_0
                         MUXF8 (Prop_MUXF8_I0_O)      0.030     2.740 f  u_scoreboard/busy_q_reg_i_180/O
                         net (fo=1, unplaced)         0.187     2.927    u_scoreboard/busy_q_reg_i_180_n_0
                         LUT6 (Prop_LUT6_I0_O)        0.100     3.027 f  u_scoreboard/busy_q_i_76/O
                         net (fo=1, unplaced)         0.141     3.168    u_scoreboard/busy_q_i_76_n_0
                         LUT6 (Prop_LUT6_I0_O)        0.100     3.268 f  u_scoreboard/busy_q_i_35/O
                         net (fo=1, unplaced)         0.141     3.409    u_scoreboard/busy_q_i_35_n_0
                         LUT5 (Prop_LUT5_I1_O)        0.100     3.509 f  u_scoreboard/busy_q_i_11/O
                         net (fo=2, unplaced)         0.185     3.694    u_scoreboard/raw_src3
                         LUT6 (Prop_LUT6_I1_O)        0.038     3.732 r  u_scoreboard/issue_src2_imm_q[31]_i_4/O
                         net (fo=16, unplaced)        0.229     3.961    u_scoreboard/busy_q_reg_0
                         LUT6 (Prop_LUT6_I0_O)        0.038     3.999 r  u_scoreboard/fetch_epoch_q[0][7]_i_3/O
                         net (fo=5, unplaced)         0.203     4.202    u_scoreboard/sched_halt_pending
                         LUT3 (Prop_LUT3_I0_O)        0.070     4.272 r  u_scoreboard/halt_hold_q[3]_i_3/O
                         net (fo=10, unplaced)        0.218     4.490    u_warp_scheduler/halt_hold_q_reg[3]_0
                         LUT6 (Prop_LUT6_I5_O)        0.038     4.528 r  u_warp_scheduler/fetch_epoch_q[3][7]_i_1/O
                         net (fo=8, unplaced)         0.168     4.696    u_warp_scheduler/fetch_epoch_q[3][7]_i_1_n_0
                         FDCE                                         r  u_warp_scheduler/fetch_epoch_q_reg[3][5]/CE
  -------------------------------------------------------------------    -------------------

                         (clock clk_i rise edge)      5.556     5.556 r  
                                                      0.000     5.556 r  clk_i (IN)
                         net (fo=43396, unset)        0.020     5.576    u_warp_scheduler/clk_i
                         FDCE                                         r  u_warp_scheduler/fetch_epoch_q_reg[3][5]/C
                         clock pessimism              0.000     5.576    
                         clock uncertainty           -0.035     5.541    
                         FDCE (Setup_FDCE_C_CE)      -0.061     5.480    u_warp_scheduler/fetch_epoch_q_reg[3][5]
  -------------------------------------------------------------------
                         required time                          5.480    
                         arrival time                          -4.696    
  -------------------------------------------------------------------
                         slack                                  0.784    

Slack (MET) :             0.784ns  (required time - arrival time)
  Source:                 u_imem/u_imem_xpm/xpm_memory_base_inst/gen_wr_a.gen_word_narrow.mem_reg_bram_3/CLKBWRCLK
                            (rising edge-triggered cell RAMB36E2 clocked by clk_i  {rise@0.000ns fall@2.778ns period=5.556ns})
  Destination:            u_warp_scheduler/fetch_epoch_q_reg[3][6]/CE
                            (rising edge-triggered cell FDCE clocked by clk_i  {rise@0.000ns fall@2.778ns period=5.556ns})
  Path Group:             clk_i
  Path Type:              Setup (Max at Slow Process Corner)
  Requirement:            5.556ns  (clk_i rise@5.556ns - clk_i rise@0.000ns)
  Data Path Delay:        4.620ns  (logic 1.868ns (40.433%)  route 2.752ns (59.567%))
  Logic Levels:           15  (LUT3=2 LUT4=1 LUT5=3 LUT6=7 MUXF7=1 MUXF8=1)
  Clock Path Skew:        -0.056ns (DCD - SCD + CPR)
    Destination Clock Delay (DCD):    0.020ns = ( 5.576 - 5.556 ) 
    Source Clock Delay      (SCD):    0.076ns
    Clock Pessimism Removal (CPR):    0.000ns
  Clock Uncertainty:      0.035ns  ((TSJ^2 + TIJ^2)^1/2 + DJ) / 2 + PE
    Total System Jitter     (TSJ):    0.071ns
    Total Input Jitter      (TIJ):    0.000ns
    Discrete Jitter          (DJ):    0.000ns
    Phase Error              (PE):    0.000ns

    Location             Delay type                Incr(ns)  Path(ns)    Netlist Resource(s)
  -------------------------------------------------------------------    -------------------
                         (clock clk_i rise edge)      0.000     0.000 r  
                                                      0.000     0.000 r  clk_i (IN)
                         net (fo=43396, unset)        0.076     0.076    u_imem/u_imem_xpm/xpm_memory_base_inst/clka
                         RAMB36E2                                     r  u_imem/u_imem_xpm/xpm_memory_base_inst/gen_wr_a.gen_word_narrow.mem_reg_bram_3/CLKBWRCLK
  -------------------------------------------------------------------    -------------------
                         RAMB36E2 (Prop_RAMB36E2_CLKBWRCLK_DOUTBDOUT[29])
                                                      0.863     0.939 f  u_imem/u_imem_xpm/xpm_memory_base_inst/gen_wr_a.gen_word_narrow.mem_reg_bram_3/DOUTBDOUT[29]
                         net (fo=8, unplaced)         0.219     1.158    u_issue_stage/if_data_o[30]
                         LUT4 (Prop_LUT4_I0_O)        0.139     1.297 f  u_issue_stage/decoded_src3_reg_o[7]_INST_0_i_4/O
                         net (fo=1, unplaced)         0.185     1.482    u_issue_stage/decoded_src3_reg_o[7]_INST_0_i_4_n_0
                         LUT5 (Prop_LUT5_I4_O)        0.070     1.552 f  u_issue_stage/decoded_src3_reg_o[7]_INST_0_i_3/O
                         net (fo=1, unplaced)         0.185     1.737    u_issue_stage/decoded_src3_reg_o[7]_INST_0_i_3_n_0
                         LUT6 (Prop_LUT6_I5_O)        0.038     1.775 r  u_issue_stage/decoded_src3_reg_o[7]_INST_0_i_1/O
                         net (fo=17, unplaced)        0.230     2.005    u_issue_stage/gen_wr_a.gen_word_narrow.mem_reg_bram_2
                         LUT3 (Prop_LUT3_I1_O)        0.038     2.043 r  u_issue_stage/busy_q_i_2450/O
                         net (fo=128, unplaced)       0.276     2.319    u_scoreboard/busy_q_i_1101_0
                         LUT5 (Prop_LUT5_I2_O)        0.038     2.357 f  u_scoreboard/busy_q_i_2186/O
                         net (fo=4, unplaced)         0.153     2.510    u_scoreboard/busy_q_i_2186_n_0
                         LUT6 (Prop_LUT6_I0_O)        0.099     2.609 f  u_scoreboard/busy_q_i_1098/O
                         net (fo=1, unplaced)         0.032     2.641    u_scoreboard/busy_q_i_1098_n_0
                         MUXF7 (Prop_MUXF7_I0_O)      0.069     2.710 f  u_scoreboard/busy_q_reg_i_441/O
                         net (fo=1, unplaced)         0.000     2.710    u_scoreboard/busy_q_reg_i_441_n_0
                         MUXF8 (Prop_MUXF8_I0_O)      0.030     2.740 f  u_scoreboard/busy_q_reg_i_180/O
                         net (fo=1, unplaced)         0.187     2.927    u_scoreboard/busy_q_reg_i_180_n_0
                         LUT6 (Prop_LUT6_I0_O)        0.100     3.027 f  u_scoreboard/busy_q_i_76/O
                         net (fo=1, unplaced)         0.141     3.168    u_scoreboard/busy_q_i_76_n_0
                         LUT6 (Prop_LUT6_I0_O)        0.100     3.268 f  u_scoreboard/busy_q_i_35/O
                         net (fo=1, unplaced)         0.141     3.409    u_scoreboard/busy_q_i_35_n_0
                         LUT5 (Prop_LUT5_I1_O)        0.100     3.509 f  u_scoreboard/busy_q_i_11/O
                         net (fo=2, unplaced)         0.185     3.694    u_scoreboard/raw_src3
                         LUT6 (Prop_LUT6_I1_O)        0.038     3.732 r  u_scoreboard/issue_src2_imm_q[31]_i_4/O
                         net (fo=16, unplaced)        0.229     3.961    u_scoreboard/busy_q_reg_0
                         LUT6 (Prop_LUT6_I0_O)        0.038     3.999 r  u_scoreboard/fetch_epoch_q[0][7]_i_3/O
                         net (fo=5, unplaced)         0.203     4.202    u_scoreboard/sched_halt_pending
                         LUT3 (Prop_LUT3_I0_O)        0.070     4.272 r  u_scoreboard/halt_hold_q[3]_i_3/O
                         net (fo=10, unplaced)        0.218     4.490    u_warp_scheduler/halt_hold_q_reg[3]_0
                         LUT6 (Prop_LUT6_I5_O)        0.038     4.528 r  u_warp_scheduler/fetch_epoch_q[3][7]_i_1/O
                         net (fo=8, unplaced)         0.168     4.696    u_warp_scheduler/fetch_epoch_q[3][7]_i_1_n_0
                         FDCE                                         r  u_warp_scheduler/fetch_epoch_q_reg[3][6]/CE
  -------------------------------------------------------------------    -------------------

                         (clock clk_i rise edge)      5.556     5.556 r  
                                                      0.000     5.556 r  clk_i (IN)
                         net (fo=43396, unset)        0.020     5.576    u_warp_scheduler/clk_i
                         FDCE                                         r  u_warp_scheduler/fetch_epoch_q_reg[3][6]/C
                         clock pessimism              0.000     5.576    
                         clock uncertainty           -0.035     5.541    
                         FDCE (Setup_FDCE_C_CE)      -0.061     5.480    u_warp_scheduler/fetch_epoch_q_reg[3][6]
  -------------------------------------------------------------------
                         required time                          5.480    
                         arrival time                          -4.696    
  -------------------------------------------------------------------
                         slack                                  0.784    

Slack (MET) :             0.784ns  (required time - arrival time)
  Source:                 u_imem/u_imem_xpm/xpm_memory_base_inst/gen_wr_a.gen_word_narrow.mem_reg_bram_3/CLKBWRCLK
                            (rising edge-triggered cell RAMB36E2 clocked by clk_i  {rise@0.000ns fall@2.778ns period=5.556ns})
  Destination:            u_warp_scheduler/fetch_epoch_q_reg[3][7]/CE
                            (rising edge-triggered cell FDCE clocked by clk_i  {rise@0.000ns fall@2.778ns period=5.556ns})
  Path Group:             clk_i
  Path Type:              Setup (Max at Slow Process Corner)
  Requirement:            5.556ns  (clk_i rise@5.556ns - clk_i rise@0.000ns)
  Data Path Delay:        4.620ns  (logic 1.868ns (40.433%)  route 2.752ns (59.567%))
  Logic Levels:           15  (LUT3=2 LUT4=1 LUT5=3 LUT6=7 MUXF7=1 MUXF8=1)
  Clock Path Skew:        -0.056ns (DCD - SCD + CPR)
    Destination Clock Delay (DCD):    0.020ns = ( 5.576 - 5.556 ) 
    Source Clock Delay      (SCD):    0.076ns
    Clock Pessimism Removal (CPR):    0.000ns
  Clock Uncertainty:      0.035ns  ((TSJ^2 + TIJ^2)^1/2 + DJ) / 2 + PE
    Total System Jitter     (TSJ):    0.071ns
    Total Input Jitter      (TIJ):    0.000ns
    Discrete Jitter          (DJ):    0.000ns
    Phase Error              (PE):    0.000ns

    Location             Delay type                Incr(ns)  Path(ns)    Netlist Resource(s)
  -------------------------------------------------------------------    -------------------
                         (clock clk_i rise edge)      0.000     0.000 r  
                                                      0.000     0.000 r  clk_i (IN)
                         net (fo=43396, unset)        0.076     0.076    u_imem/u_imem_xpm/xpm_memory_base_inst/clka
                         RAMB36E2                                     r  u_imem/u_imem_xpm/xpm_memory_base_inst/gen_wr_a.gen_word_narrow.mem_reg_bram_3/CLKBWRCLK
  -------------------------------------------------------------------    -------------------
                         RAMB36E2 (Prop_RAMB36E2_CLKBWRCLK_DOUTBDOUT[29])
                                                      0.863     0.939 f  u_imem/u_imem_xpm/xpm_memory_base_inst/gen_wr_a.gen_word_narrow.mem_reg_bram_3/DOUTBDOUT[29]
                         net (fo=8, unplaced)         0.219     1.158    u_issue_stage/if_data_o[30]
                         LUT4 (Prop_LUT4_I0_O)        0.139     1.297 f  u_issue_stage/decoded_src3_reg_o[7]_INST_0_i_4/O
                         net (fo=1, unplaced)         0.185     1.482    u_issue_stage/decoded_src3_reg_o[7]_INST_0_i_4_n_0
                         LUT5 (Prop_LUT5_I4_O)        0.070     1.552 f  u_issue_stage/decoded_src3_reg_o[7]_INST_0_i_3/O
                         net (fo=1, unplaced)         0.185     1.737    u_issue_stage/decoded_src3_reg_o[7]_INST_0_i_3_n_0
                         LUT6 (Prop_LUT6_I5_O)        0.038     1.775 r  u_issue_stage/decoded_src3_reg_o[7]_INST_0_i_1/O
                         net (fo=17, unplaced)        0.230     2.005    u_issue_stage/gen_wr_a.gen_word_narrow.mem_reg_bram_2
                         LUT3 (Prop_LUT3_I1_O)        0.038     2.043 r  u_issue_stage/busy_q_i_2450/O
                         net (fo=128, unplaced)       0.276     2.319    u_scoreboard/busy_q_i_1101_0
                         LUT5 (Prop_LUT5_I2_O)        0.038     2.357 f  u_scoreboard/busy_q_i_2186/O
                         net (fo=4, unplaced)         0.153     2.510    u_scoreboard/busy_q_i_2186_n_0
                         LUT6 (Prop_LUT6_I0_O)        0.099     2.609 f  u_scoreboard/busy_q_i_1098/O
                         net (fo=1, unplaced)         0.032     2.641    u_scoreboard/busy_q_i_1098_n_0
                         MUXF7 (Prop_MUXF7_I0_O)      0.069     2.710 f  u_scoreboard/busy_q_reg_i_441/O
                         net (fo=1, unplaced)         0.000     2.710    u_scoreboard/busy_q_reg_i_441_n_0
                         MUXF8 (Prop_MUXF8_I0_O)      0.030     2.740 f  u_scoreboard/busy_q_reg_i_180/O
                         net (fo=1, unplaced)         0.187     2.927    u_scoreboard/busy_q_reg_i_180_n_0
                         LUT6 (Prop_LUT6_I0_O)        0.100     3.027 f  u_scoreboard/busy_q_i_76/O
                         net (fo=1, unplaced)         0.141     3.168    u_scoreboard/busy_q_i_76_n_0
                         LUT6 (Prop_LUT6_I0_O)        0.100     3.268 f  u_scoreboard/busy_q_i_35/O
                         net (fo=1, unplaced)         0.141     3.409    u_scoreboard/busy_q_i_35_n_0
                         LUT5 (Prop_LUT5_I1_O)        0.100     3.509 f  u_scoreboard/busy_q_i_11/O
                         net (fo=2, unplaced)         0.185     3.694    u_scoreboard/raw_src3
                         LUT6 (Prop_LUT6_I1_O)        0.038     3.732 r  u_scoreboard/issue_src2_imm_q[31]_i_4/O
                         net (fo=16, unplaced)        0.229     3.961    u_scoreboard/busy_q_reg_0
                         LUT6 (Prop_LUT6_I0_O)        0.038     3.999 r  u_scoreboard/fetch_epoch_q[0][7]_i_3/O
                         net (fo=5, unplaced)         0.203     4.202    u_scoreboard/sched_halt_pending
                         LUT3 (Prop_LUT3_I0_O)        0.070     4.272 r  u_scoreboard/halt_hold_q[3]_i_3/O
                         net (fo=10, unplaced)        0.218     4.490    u_warp_scheduler/halt_hold_q_reg[3]_0
                         LUT6 (Prop_LUT6_I5_O)        0.038     4.528 r  u_warp_scheduler/fetch_epoch_q[3][7]_i_1/O
                         net (fo=8, unplaced)         0.168     4.696    u_warp_scheduler/fetch_epoch_q[3][7]_i_1_n_0
                         FDCE                                         r  u_warp_scheduler/fetch_epoch_q_reg[3][7]/CE
  -------------------------------------------------------------------    -------------------

                         (clock clk_i rise edge)      5.556     5.556 r  
                                                      0.000     5.556 r  clk_i (IN)
                         net (fo=43396, unset)        0.020     5.576    u_warp_scheduler/clk_i
                         FDCE                                         r  u_warp_scheduler/fetch_epoch_q_reg[3][7]/C
                         clock pessimism              0.000     5.576    
                         clock uncertainty           -0.035     5.541    
                         FDCE (Setup_FDCE_C_CE)      -0.061     5.480    u_warp_scheduler/fetch_epoch_q_reg[3][7]
  -------------------------------------------------------------------
                         required time                          5.480    
                         arrival time                          -4.696    
  -------------------------------------------------------------------
                         slack                                  0.784    

Slack (MET) :             0.816ns  (required time - arrival time)
  Source:                 u_imem/u_imem_xpm/xpm_memory_base_inst/gen_wr_a.gen_word_narrow.mem_reg_bram_3/CLKBWRCLK
                            (rising edge-triggered cell RAMB36E2 clocked by clk_i  {rise@0.000ns fall@2.778ns period=5.556ns})
  Destination:            u_warp_scheduler/fetch_epoch_q_reg[2][0]/CE
                            (rising edge-triggered cell FDCE clocked by clk_i  {rise@0.000ns fall@2.778ns period=5.556ns})
  Path Group:             clk_i
  Path Type:              Setup (Max at Slow Process Corner)
  Requirement:            5.556ns  (clk_i rise@5.556ns - clk_i rise@0.000ns)
  Data Path Delay:        4.588ns  (logic 1.836ns (40.017%)  route 2.752ns (59.983%))
  Logic Levels:           15  (LUT3=2 LUT4=1 LUT5=3 LUT6=7 MUXF7=1 MUXF8=1)
  Clock Path Skew:        -0.056ns (DCD - SCD + CPR)
    Destination Clock Delay (DCD):    0.020ns = ( 5.576 - 5.556 ) 
    Source Clock Delay      (SCD):    0.076ns
    Clock Pessimism Removal (CPR):    0.000ns
  Clock Uncertainty:      0.035ns  ((TSJ^2 + TIJ^2)^1/2 + DJ) / 2 + PE
    Total System Jitter     (TSJ):    0.071ns
    Total Input Jitter      (TIJ):    0.000ns
    Discrete Jitter          (DJ):    0.000ns
    Phase Error              (PE):    0.000ns

    Location             Delay type                Incr(ns)  Path(ns)    Netlist Resource(s)
  -------------------------------------------------------------------    -------------------
                         (clock clk_i rise edge)      0.000     0.000 r  
                                                      0.000     0.000 r  clk_i (IN)
                         net (fo=43396, unset)        0.076     0.076    u_imem/u_imem_xpm/xpm_memory_base_inst/clka
                         RAMB36E2                                     r  u_imem/u_imem_xpm/xpm_memory_base_inst/gen_wr_a.gen_word_narrow.mem_reg_bram_3/CLKBWRCLK
  -------------------------------------------------------------------    -------------------
                         RAMB36E2 (Prop_RAMB36E2_CLKBWRCLK_DOUTBDOUT[29])
                                                      0.863     0.939 f  u_imem/u_imem_xpm/xpm_memory_base_inst/gen_wr_a.gen_word_narrow.mem_reg_bram_3/DOUTBDOUT[29]
                         net (fo=8, unplaced)         0.219     1.158    u_issue_stage/if_data_o[30]
                         LUT4 (Prop_LUT4_I0_O)        0.139     1.297 f  u_issue_stage/decoded_src3_reg_o[7]_INST_0_i_4/O
                         net (fo=1, unplaced)         0.185     1.482    u_issue_stage/decoded_src3_reg_o[7]_INST_0_i_4_n_0
                         LUT5 (Prop_LUT5_I4_O)        0.070     1.552 f  u_issue_stage/decoded_src3_reg_o[7]_INST_0_i_3/O
                         net (fo=1, unplaced)         0.185     1.737    u_issue_stage/decoded_src3_reg_o[7]_INST_0_i_3_n_0
                         LUT6 (Prop_LUT6_I5_O)        0.038     1.775 r  u_issue_stage/decoded_src3_reg_o[7]_INST_0_i_1/O
                         net (fo=17, unplaced)        0.230     2.005    u_issue_stage/gen_wr_a.gen_word_narrow.mem_reg_bram_2
                         LUT3 (Prop_LUT3_I1_O)        0.038     2.043 r  u_issue_stage/busy_q_i_2450/O
                         net (fo=128, unplaced)       0.276     2.319    u_scoreboard/busy_q_i_1101_0
                         LUT5 (Prop_LUT5_I2_O)        0.038     2.357 f  u_scoreboard/busy_q_i_2186/O
                         net (fo=4, unplaced)         0.153     2.510    u_scoreboard/busy_q_i_2186_n_0
                         LUT6 (Prop_LUT6_I0_O)        0.099     2.609 f  u_scoreboard/busy_q_i_1098/O
                         net (fo=1, unplaced)         0.032     2.641    u_scoreboard/busy_q_i_1098_n_0
                         MUXF7 (Prop_MUXF7_I0_O)      0.069     2.710 f  u_scoreboard/busy_q_reg_i_441/O
                         net (fo=1, unplaced)         0.000     2.710    u_scoreboard/busy_q_reg_i_441_n_0
                         MUXF8 (Prop_MUXF8_I0_O)      0.030     2.740 f  u_scoreboard/busy_q_reg_i_180/O
                         net (fo=1, unplaced)         0.187     2.927    u_scoreboard/busy_q_reg_i_180_n_0
                         LUT6 (Prop_LUT6_I0_O)        0.100     3.027 f  u_scoreboard/busy_q_i_76/O
                         net (fo=1, unplaced)         0.141     3.168    u_scoreboard/busy_q_i_76_n_0
                         LUT6 (Prop_LUT6_I0_O)        0.100     3.268 f  u_scoreboard/busy_q_i_35/O
                         net (fo=1, unplaced)         0.141     3.409    u_scoreboard/busy_q_i_35_n_0
                         LUT5 (Prop_LUT5_I1_O)        0.100     3.509 f  u_scoreboard/busy_q_i_11/O
                         net (fo=2, unplaced)         0.185     3.694    u_scoreboard/raw_src3
                         LUT6 (Prop_LUT6_I1_O)        0.038     3.732 r  u_scoreboard/issue_src2_imm_q[31]_i_4/O
                         net (fo=16, unplaced)        0.229     3.961    u_scoreboard/busy_q_reg_0
                         LUT6 (Prop_LUT6_I0_O)        0.038     3.999 r  u_scoreboard/fetch_epoch_q[0][7]_i_3/O
                         net (fo=5, unplaced)         0.203     4.202    u_scoreboard/sched_halt_pending
                         LUT3 (Prop_LUT3_I0_O)        0.038     4.240 r  u_scoreboard/halt_hold_q[2]_i_3/O
                         net (fo=10, unplaced)        0.218     4.458    u_warp_scheduler/halt_hold_q_reg[2]_1
                         LUT6 (Prop_LUT6_I5_O)        0.038     4.496 r  u_warp_scheduler/fetch_epoch_q[2][7]_i_1/O
                         net (fo=8, unplaced)         0.168     4.664    u_warp_scheduler/fetch_epoch_q[2][7]_i_1_n_0
                         FDCE                                         r  u_warp_scheduler/fetch_epoch_q_reg[2][0]/CE
  -------------------------------------------------------------------    -------------------

                         (clock clk_i rise edge)      5.556     5.556 r  
                                                      0.000     5.556 r  clk_i (IN)
                         net (fo=43396, unset)        0.020     5.576    u_warp_scheduler/clk_i
                         FDCE                                         r  u_warp_scheduler/fetch_epoch_q_reg[2][0]/C
                         clock pessimism              0.000     5.576    
                         clock uncertainty           -0.035     5.541    
                         FDCE (Setup_FDCE_C_CE)      -0.061     5.480    u_warp_scheduler/fetch_epoch_q_reg[2][0]
  -------------------------------------------------------------------
                         required time                          5.480    
                         arrival time                          -4.664    
  -------------------------------------------------------------------
                         slack                                  0.816    

Slack (MET) :             0.816ns  (required time - arrival time)
  Source:                 u_imem/u_imem_xpm/xpm_memory_base_inst/gen_wr_a.gen_word_narrow.mem_reg_bram_3/CLKBWRCLK
                            (rising edge-triggered cell RAMB36E2 clocked by clk_i  {rise@0.000ns fall@2.778ns period=5.556ns})
  Destination:            u_warp_scheduler/fetch_epoch_q_reg[2][1]/CE
                            (rising edge-triggered cell FDCE clocked by clk_i  {rise@0.000ns fall@2.778ns period=5.556ns})
  Path Group:             clk_i
  Path Type:              Setup (Max at Slow Process Corner)
  Requirement:            5.556ns  (clk_i rise@5.556ns - clk_i rise@0.000ns)
  Data Path Delay:        4.588ns  (logic 1.836ns (40.017%)  route 2.752ns (59.983%))
  Logic Levels:           15  (LUT3=2 LUT4=1 LUT5=3 LUT6=7 MUXF7=1 MUXF8=1)
  Clock Path Skew:        -0.056ns (DCD - SCD + CPR)
    Destination Clock Delay (DCD):    0.020ns = ( 5.576 - 5.556 ) 
    Source Clock Delay      (SCD):    0.076ns
    Clock Pessimism Removal (CPR):    0.000ns
  Clock Uncertainty:      0.035ns  ((TSJ^2 + TIJ^2)^1/2 + DJ) / 2 + PE
    Total System Jitter     (TSJ):    0.071ns
    Total Input Jitter      (TIJ):    0.000ns
    Discrete Jitter          (DJ):    0.000ns
    Phase Error              (PE):    0.000ns

    Location             Delay type                Incr(ns)  Path(ns)    Netlist Resource(s)
  -------------------------------------------------------------------    -------------------
                         (clock clk_i rise edge)      0.000     0.000 r  
                                                      0.000     0.000 r  clk_i (IN)
                         net (fo=43396, unset)        0.076     0.076    u_imem/u_imem_xpm/xpm_memory_base_inst/clka
                         RAMB36E2                                     r  u_imem/u_imem_xpm/xpm_memory_base_inst/gen_wr_a.gen_word_narrow.mem_reg_bram_3/CLKBWRCLK
  -------------------------------------------------------------------    -------------------
                         RAMB36E2 (Prop_RAMB36E2_CLKBWRCLK_DOUTBDOUT[29])
                                                      0.863     0.939 f  u_imem/u_imem_xpm/xpm_memory_base_inst/gen_wr_a.gen_word_narrow.mem_reg_bram_3/DOUTBDOUT[29]
                         net (fo=8, unplaced)         0.219     1.158    u_issue_stage/if_data_o[30]
                         LUT4 (Prop_LUT4_I0_O)        0.139     1.297 f  u_issue_stage/decoded_src3_reg_o[7]_INST_0_i_4/O
                         net (fo=1, unplaced)         0.185     1.482    u_issue_stage/decoded_src3_reg_o[7]_INST_0_i_4_n_0
                         LUT5 (Prop_LUT5_I4_O)        0.070     1.552 f  u_issue_stage/decoded_src3_reg_o[7]_INST_0_i_3/O
                         net (fo=1, unplaced)         0.185     1.737    u_issue_stage/decoded_src3_reg_o[7]_INST_0_i_3_n_0
                         LUT6 (Prop_LUT6_I5_O)        0.038     1.775 r  u_issue_stage/decoded_src3_reg_o[7]_INST_0_i_1/O
                         net (fo=17, unplaced)        0.230     2.005    u_issue_stage/gen_wr_a.gen_word_narrow.mem_reg_bram_2
                         LUT3 (Prop_LUT3_I1_O)        0.038     2.043 r  u_issue_stage/busy_q_i_2450/O
                         net (fo=128, unplaced)       0.276     2.319    u_scoreboard/busy_q_i_1101_0
                         LUT5 (Prop_LUT5_I2_O)        0.038     2.357 f  u_scoreboard/busy_q_i_2186/O
                         net (fo=4, unplaced)         0.153     2.510    u_scoreboard/busy_q_i_2186_n_0
                         LUT6 (Prop_LUT6_I0_O)        0.099     2.609 f  u_scoreboard/busy_q_i_1098/O
                         net (fo=1, unplaced)         0.032     2.641    u_scoreboard/busy_q_i_1098_n_0
                         MUXF7 (Prop_MUXF7_I0_O)      0.069     2.710 f  u_scoreboard/busy_q_reg_i_441/O
                         net (fo=1, unplaced)         0.000     2.710    u_scoreboard/busy_q_reg_i_441_n_0
                         MUXF8 (Prop_MUXF8_I0_O)      0.030     2.740 f  u_scoreboard/busy_q_reg_i_180/O
                         net (fo=1, unplaced)         0.187     2.927    u_scoreboard/busy_q_reg_i_180_n_0
                         LUT6 (Prop_LUT6_I0_O)        0.100     3.027 f  u_scoreboard/busy_q_i_76/O
                         net (fo=1, unplaced)         0.141     3.168    u_scoreboard/busy_q_i_76_n_0
                         LUT6 (Prop_LUT6_I0_O)        0.100     3.268 f  u_scoreboard/busy_q_i_35/O
                         net (fo=1, unplaced)         0.141     3.409    u_scoreboard/busy_q_i_35_n_0
                         LUT5 (Prop_LUT5_I1_O)        0.100     3.509 f  u_scoreboard/busy_q_i_11/O
                         net (fo=2, unplaced)         0.185     3.694    u_scoreboard/raw_src3
                         LUT6 (Prop_LUT6_I1_O)        0.038     3.732 r  u_scoreboard/issue_src2_imm_q[31]_i_4/O
                         net (fo=16, unplaced)        0.229     3.961    u_scoreboard/busy_q_reg_0
                         LUT6 (Prop_LUT6_I0_O)        0.038     3.999 r  u_scoreboard/fetch_epoch_q[0][7]_i_3/O
                         net (fo=5, unplaced)         0.203     4.202    u_scoreboard/sched_halt_pending
                         LUT3 (Prop_LUT3_I0_O)        0.038     4.240 r  u_scoreboard/halt_hold_q[2]_i_3/O
                         net (fo=10, unplaced)        0.218     4.458    u_warp_scheduler/halt_hold_q_reg[2]_1
                         LUT6 (Prop_LUT6_I5_O)        0.038     4.496 r  u_warp_scheduler/fetch_epoch_q[2][7]_i_1/O
                         net (fo=8, unplaced)         0.168     4.664    u_warp_scheduler/fetch_epoch_q[2][7]_i_1_n_0
                         FDCE                                         r  u_warp_scheduler/fetch_epoch_q_reg[2][1]/CE
  -------------------------------------------------------------------    -------------------

                         (clock clk_i rise edge)      5.556     5.556 r  
                                                      0.000     5.556 r  clk_i (IN)
                         net (fo=43396, unset)        0.020     5.576    u_warp_scheduler/clk_i
                         FDCE                                         r  u_warp_scheduler/fetch_epoch_q_reg[2][1]/C
                         clock pessimism              0.000     5.576    
                         clock uncertainty           -0.035     5.541    
                         FDCE (Setup_FDCE_C_CE)      -0.061     5.480    u_warp_scheduler/fetch_epoch_q_reg[2][1]
  -------------------------------------------------------------------
                         required time                          5.480    
                         arrival time                          -4.664    
  -------------------------------------------------------------------
                         slack                                  0.816    

Slack (MET) :             0.816ns  (required time - arrival time)
  Source:                 u_imem/u_imem_xpm/xpm_memory_base_inst/gen_wr_a.gen_word_narrow.mem_reg_bram_3/CLKBWRCLK
                            (rising edge-triggered cell RAMB36E2 clocked by clk_i  {rise@0.000ns fall@2.778ns period=5.556ns})
  Destination:            u_warp_scheduler/fetch_epoch_q_reg[2][2]/CE
                            (rising edge-triggered cell FDCE clocked by clk_i  {rise@0.000ns fall@2.778ns period=5.556ns})
  Path Group:             clk_i
  Path Type:              Setup (Max at Slow Process Corner)
  Requirement:            5.556ns  (clk_i rise@5.556ns - clk_i rise@0.000ns)
  Data Path Delay:        4.588ns  (logic 1.836ns (40.017%)  route 2.752ns (59.983%))
  Logic Levels:           15  (LUT3=2 LUT4=1 LUT5=3 LUT6=7 MUXF7=1 MUXF8=1)
  Clock Path Skew:        -0.056ns (DCD - SCD + CPR)
    Destination Clock Delay (DCD):    0.020ns = ( 5.576 - 5.556 ) 
    Source Clock Delay      (SCD):    0.076ns
    Clock Pessimism Removal (CPR):    0.000ns
  Clock Uncertainty:      0.035ns  ((TSJ^2 + TIJ^2)^1/2 + DJ) / 2 + PE
    Total System Jitter     (TSJ):    0.071ns
    Total Input Jitter      (TIJ):    0.000ns
    Discrete Jitter          (DJ):    0.000ns
    Phase Error              (PE):    0.000ns

    Location             Delay type                Incr(ns)  Path(ns)    Netlist Resource(s)
  -------------------------------------------------------------------    -------------------
                         (clock clk_i rise edge)      0.000     0.000 r  
                                                      0.000     0.000 r  clk_i (IN)
                         net (fo=43396, unset)        0.076     0.076    u_imem/u_imem_xpm/xpm_memory_base_inst/clka
                         RAMB36E2                                     r  u_imem/u_imem_xpm/xpm_memory_base_inst/gen_wr_a.gen_word_narrow.mem_reg_bram_3/CLKBWRCLK
  -------------------------------------------------------------------    -------------------
                         RAMB36E2 (Prop_RAMB36E2_CLKBWRCLK_DOUTBDOUT[29])
                                                      0.863     0.939 f  u_imem/u_imem_xpm/xpm_memory_base_inst/gen_wr_a.gen_word_narrow.mem_reg_bram_3/DOUTBDOUT[29]
                         net (fo=8, unplaced)         0.219     1.158    u_issue_stage/if_data_o[30]
                         LUT4 (Prop_LUT4_I0_O)        0.139     1.297 f  u_issue_stage/decoded_src3_reg_o[7]_INST_0_i_4/O
                         net (fo=1, unplaced)         0.185     1.482    u_issue_stage/decoded_src3_reg_o[7]_INST_0_i_4_n_0
                         LUT5 (Prop_LUT5_I4_O)        0.070     1.552 f  u_issue_stage/decoded_src3_reg_o[7]_INST_0_i_3/O
                         net (fo=1, unplaced)         0.185     1.737    u_issue_stage/decoded_src3_reg_o[7]_INST_0_i_3_n_0
                         LUT6 (Prop_LUT6_I5_O)        0.038     1.775 r  u_issue_stage/decoded_src3_reg_o[7]_INST_0_i_1/O
                         net (fo=17, unplaced)        0.230     2.005    u_issue_stage/gen_wr_a.gen_word_narrow.mem_reg_bram_2
                         LUT3 (Prop_LUT3_I1_O)        0.038     2.043 r  u_issue_stage/busy_q_i_2450/O
                         net (fo=128, unplaced)       0.276     2.319    u_scoreboard/busy_q_i_1101_0
                         LUT5 (Prop_LUT5_I2_O)        0.038     2.357 f  u_scoreboard/busy_q_i_2186/O
                         net (fo=4, unplaced)         0.153     2.510    u_scoreboard/busy_q_i_2186_n_0
                         LUT6 (Prop_LUT6_I0_O)        0.099     2.609 f  u_scoreboard/busy_q_i_1098/O
                         net (fo=1, unplaced)         0.032     2.641    u_scoreboard/busy_q_i_1098_n_0
                         MUXF7 (Prop_MUXF7_I0_O)      0.069     2.710 f  u_scoreboard/busy_q_reg_i_441/O
                         net (fo=1, unplaced)         0.000     2.710    u_scoreboard/busy_q_reg_i_441_n_0
                         MUXF8 (Prop_MUXF8_I0_O)      0.030     2.740 f  u_scoreboard/busy_q_reg_i_180/O
                         net (fo=1, unplaced)         0.187     2.927    u_scoreboard/busy_q_reg_i_180_n_0
                         LUT6 (Prop_LUT6_I0_O)        0.100     3.027 f  u_scoreboard/busy_q_i_76/O
                         net (fo=1, unplaced)         0.141     3.168    u_scoreboard/busy_q_i_76_n_0
                         LUT6 (Prop_LUT6_I0_O)        0.100     3.268 f  u_scoreboard/busy_q_i_35/O
                         net (fo=1, unplaced)         0.141     3.409    u_scoreboard/busy_q_i_35_n_0
                         LUT5 (Prop_LUT5_I1_O)        0.100     3.509 f  u_scoreboard/busy_q_i_11/O
                         net (fo=2, unplaced)         0.185     3.694    u_scoreboard/raw_src3
                         LUT6 (Prop_LUT6_I1_O)        0.038     3.732 r  u_scoreboard/issue_src2_imm_q[31]_i_4/O
                         net (fo=16, unplaced)        0.229     3.961    u_scoreboard/busy_q_reg_0
                         LUT6 (Prop_LUT6_I0_O)        0.038     3.999 r  u_scoreboard/fetch_epoch_q[0][7]_i_3/O
                         net (fo=5, unplaced)         0.203     4.202    u_scoreboard/sched_halt_pending
                         LUT3 (Prop_LUT3_I0_O)        0.038     4.240 r  u_scoreboard/halt_hold_q[2]_i_3/O
                         net (fo=10, unplaced)        0.218     4.458    u_warp_scheduler/halt_hold_q_reg[2]_1
                         LUT6 (Prop_LUT6_I5_O)        0.038     4.496 r  u_warp_scheduler/fetch_epoch_q[2][7]_i_1/O
                         net (fo=8, unplaced)         0.168     4.664    u_warp_scheduler/fetch_epoch_q[2][7]_i_1_n_0
                         FDCE                                         r  u_warp_scheduler/fetch_epoch_q_reg[2][2]/CE
  -------------------------------------------------------------------    -------------------

                         (clock clk_i rise edge)      5.556     5.556 r  
                                                      0.000     5.556 r  clk_i (IN)
                         net (fo=43396, unset)        0.020     5.576    u_warp_scheduler/clk_i
                         FDCE                                         r  u_warp_scheduler/fetch_epoch_q_reg[2][2]/C
                         clock pessimism              0.000     5.576    
                         clock uncertainty           -0.035     5.541    
                         FDCE (Setup_FDCE_C_CE)      -0.061     5.480    u_warp_scheduler/fetch_epoch_q_reg[2][2]
  -------------------------------------------------------------------
                         required time                          5.480    
                         arrival time                          -4.664    
  -------------------------------------------------------------------
                         slack                                  0.816    

Slack (MET) :             0.816ns  (required time - arrival time)
  Source:                 u_imem/u_imem_xpm/xpm_memory_base_inst/gen_wr_a.gen_word_narrow.mem_reg_bram_3/CLKBWRCLK
                            (rising edge-triggered cell RAMB36E2 clocked by clk_i  {rise@0.000ns fall@2.778ns period=5.556ns})
  Destination:            u_warp_scheduler/fetch_epoch_q_reg[2][3]/CE
                            (rising edge-triggered cell FDCE clocked by clk_i  {rise@0.000ns fall@2.778ns period=5.556ns})
  Path Group:             clk_i
  Path Type:              Setup (Max at Slow Process Corner)
  Requirement:            5.556ns  (clk_i rise@5.556ns - clk_i rise@0.000ns)
  Data Path Delay:        4.588ns  (logic 1.836ns (40.017%)  route 2.752ns (59.983%))
  Logic Levels:           15  (LUT3=2 LUT4=1 LUT5=3 LUT6=7 MUXF7=1 MUXF8=1)
  Clock Path Skew:        -0.056ns (DCD - SCD + CPR)
    Destination Clock Delay (DCD):    0.020ns = ( 5.576 - 5.556 ) 
    Source Clock Delay      (SCD):    0.076ns
    Clock Pessimism Removal (CPR):    0.000ns
  Clock Uncertainty:      0.035ns  ((TSJ^2 + TIJ^2)^1/2 + DJ) / 2 + PE
    Total System Jitter     (TSJ):    0.071ns
    Total Input Jitter      (TIJ):    0.000ns
    Discrete Jitter          (DJ):    0.000ns
    Phase Error              (PE):    0.000ns

    Location             Delay type                Incr(ns)  Path(ns)    Netlist Resource(s)
  -------------------------------------------------------------------    -------------------
                         (clock clk_i rise edge)      0.000     0.000 r  
                                                      0.000     0.000 r  clk_i (IN)
                         net (fo=43396, unset)        0.076     0.076    u_imem/u_imem_xpm/xpm_memory_base_inst/clka
                         RAMB36E2                                     r  u_imem/u_imem_xpm/xpm_memory_base_inst/gen_wr_a.gen_word_narrow.mem_reg_bram_3/CLKBWRCLK
  -------------------------------------------------------------------    -------------------
                         RAMB36E2 (Prop_RAMB36E2_CLKBWRCLK_DOUTBDOUT[29])
                                                      0.863     0.939 f  u_imem/u_imem_xpm/xpm_memory_base_inst/gen_wr_a.gen_word_narrow.mem_reg_bram_3/DOUTBDOUT[29]
                         net (fo=8, unplaced)         0.219     1.158    u_issue_stage/if_data_o[30]
                         LUT4 (Prop_LUT4_I0_O)        0.139     1.297 f  u_issue_stage/decoded_src3_reg_o[7]_INST_0_i_4/O
                         net (fo=1, unplaced)         0.185     1.482    u_issue_stage/decoded_src3_reg_o[7]_INST_0_i_4_n_0
                         LUT5 (Prop_LUT5_I4_O)        0.070     1.552 f  u_issue_stage/decoded_src3_reg_o[7]_INST_0_i_3/O
                         net (fo=1, unplaced)         0.185     1.737    u_issue_stage/decoded_src3_reg_o[7]_INST_0_i_3_n_0
                         LUT6 (Prop_LUT6_I5_O)        0.038     1.775 r  u_issue_stage/decoded_src3_reg_o[7]_INST_0_i_1/O
                         net (fo=17, unplaced)        0.230     2.005    u_issue_stage/gen_wr_a.gen_word_narrow.mem_reg_bram_2
                         LUT3 (Prop_LUT3_I1_O)        0.038     2.043 r  u_issue_stage/busy_q_i_2450/O
                         net (fo=128, unplaced)       0.276     2.319    u_scoreboard/busy_q_i_1101_0
                         LUT5 (Prop_LUT5_I2_O)        0.038     2.357 f  u_scoreboard/busy_q_i_2186/O
                         net (fo=4, unplaced)         0.153     2.510    u_scoreboard/busy_q_i_2186_n_0
                         LUT6 (Prop_LUT6_I0_O)        0.099     2.609 f  u_scoreboard/busy_q_i_1098/O
                         net (fo=1, unplaced)         0.032     2.641    u_scoreboard/busy_q_i_1098_n_0
                         MUXF7 (Prop_MUXF7_I0_O)      0.069     2.710 f  u_scoreboard/busy_q_reg_i_441/O
                         net (fo=1, unplaced)         0.000     2.710    u_scoreboard/busy_q_reg_i_441_n_0
                         MUXF8 (Prop_MUXF8_I0_O)      0.030     2.740 f  u_scoreboard/busy_q_reg_i_180/O
                         net (fo=1, unplaced)         0.187     2.927    u_scoreboard/busy_q_reg_i_180_n_0
                         LUT6 (Prop_LUT6_I0_O)        0.100     3.027 f  u_scoreboard/busy_q_i_76/O
                         net (fo=1, unplaced)         0.141     3.168    u_scoreboard/busy_q_i_76_n_0
                         LUT6 (Prop_LUT6_I0_O)        0.100     3.268 f  u_scoreboard/busy_q_i_35/O
                         net (fo=1, unplaced)         0.141     3.409    u_scoreboard/busy_q_i_35_n_0
                         LUT5 (Prop_LUT5_I1_O)        0.100     3.509 f  u_scoreboard/busy_q_i_11/O
                         net (fo=2, unplaced)         0.185     3.694    u_scoreboard/raw_src3
                         LUT6 (Prop_LUT6_I1_O)        0.038     3.732 r  u_scoreboard/issue_src2_imm_q[31]_i_4/O
                         net (fo=16, unplaced)        0.229     3.961    u_scoreboard/busy_q_reg_0
                         LUT6 (Prop_LUT6_I0_O)        0.038     3.999 r  u_scoreboard/fetch_epoch_q[0][7]_i_3/O
                         net (fo=5, unplaced)         0.203     4.202    u_scoreboard/sched_halt_pending
                         LUT3 (Prop_LUT3_I0_O)        0.038     4.240 r  u_scoreboard/halt_hold_q[2]_i_3/O
                         net (fo=10, unplaced)        0.218     4.458    u_warp_scheduler/halt_hold_q_reg[2]_1
                         LUT6 (Prop_LUT6_I5_O)        0.038     4.496 r  u_warp_scheduler/fetch_epoch_q[2][7]_i_1/O
                         net (fo=8, unplaced)         0.168     4.664    u_warp_scheduler/fetch_epoch_q[2][7]_i_1_n_0
                         FDCE                                         r  u_warp_scheduler/fetch_epoch_q_reg[2][3]/CE
  -------------------------------------------------------------------    -------------------

                         (clock clk_i rise edge)      5.556     5.556 r  
                                                      0.000     5.556 r  clk_i (IN)
                         net (fo=43396, unset)        0.020     5.576    u_warp_scheduler/clk_i
                         FDCE                                         r  u_warp_scheduler/fetch_epoch_q_reg[2][3]/C
                         clock pessimism              0.000     5.576    
                         clock uncertainty           -0.035     5.541    
                         FDCE (Setup_FDCE_C_CE)      -0.061     5.480    u_warp_scheduler/fetch_epoch_q_reg[2][3]
  -------------------------------------------------------------------
                         required time                          5.480    
                         arrival time                          -4.664    
  -------------------------------------------------------------------
                         slack                                  0.816    




